# Blender 4.4.0
# www.blender.org
mtllib Meshy_AI_Alys_Landale_0307154458_texture.mtl
o Meshy_AI_Alys_Landale_0307154458_texture
v -0.040933 0.349863 -0.219825
v -0.017795 0.386372 -0.224211
v -0.017815 0.324636 -0.219697
v 0.001239 0.338337 -0.222057
v 0.024834 0.386572 -0.223789
v 0.036243 0.347366 -0.220023
v -0.047550 0.399276 -0.221031
v -0.013133 0.414028 -0.223705
v 0.044125 0.434308 -0.219575
v 0.030744 0.306709 -0.215290
v -0.029604 0.296481 -0.213694
v 0.053198 0.373971 -0.215933
v 0.049103 0.349364 -0.214066
v -0.062092 0.380055 -0.211003
v 0.046113 0.394661 -0.220266
v -0.061183 0.425804 -0.215751
v -0.042629 0.445628 -0.218674
v -0.005383 0.467928 -0.217037
v 0.012444 0.270126 -0.209610
v -0.040884 0.314013 -0.213225
v -0.051379 0.344036 -0.213207
v 0.059616 0.410729 -0.214419
v 0.060634 0.442754 -0.213301
v -0.059408 0.456541 -0.213815
v 0.057116 0.482472 -0.209758
v -0.049773 0.497156 -0.208383
v 0.029380 0.509768 -0.207099
v -0.015156 0.245078 -0.202493
v -0.004024 0.216388 -0.195162
v -0.053401 0.323600 -0.197712
v 0.064141 0.372603 -0.203084
v 0.116206 0.376111 -0.215289
v 0.121341 0.400677 -0.210742
v 0.121628 0.383529 -0.209124
v 0.069904 0.396319 -0.203591
v 0.072487 0.419791 -0.205079
v 0.110732 0.400166 -0.207530
v 0.116409 0.426530 -0.206792
v -0.082208 0.453131 -0.201477
v -0.060400 0.503629 -0.204339
v -0.031640 0.262971 -0.204177
v 0.032863 0.275040 -0.204602
v 0.024210 0.249997 -0.201783
v 0.048789 0.329488 -0.206093
v 0.058983 0.354065 -0.201796
v -0.093413 0.393838 -0.209209
v -0.075649 0.369235 -0.205894
v -0.088741 0.340960 -0.204622
v -0.059100 0.345498 -0.201654
v -0.059929 0.360124 -0.206758
v -0.065914 0.370010 -0.202419
v 0.093083 0.369839 -0.207500
v 0.107800 0.363557 -0.203212
v 0.093116 0.330650 -0.202160
v -0.119144 0.383855 -0.214131
v -0.112074 0.374611 -0.204930
v -0.123814 0.381669 -0.208182
v -0.074046 0.396205 -0.203861
v -0.070283 0.388489 -0.203368
v 0.111176 0.373060 -0.206365
v 0.074396 0.347227 -0.203423
v 0.068083 0.354965 -0.204531
v 0.067743 0.389941 -0.203323
v 0.087460 0.402444 -0.207993
v -0.112802 0.405864 -0.207725
v -0.132126 0.399028 -0.200685
v -0.124352 0.405502 -0.210768
v -0.073268 0.411909 -0.204944
v 0.134076 0.407637 -0.196993
v -0.101843 0.438940 -0.207217
v -0.077941 0.417578 -0.202953
v 0.075691 0.411674 -0.203396
v 0.080060 0.432661 -0.202795
v -0.126597 0.438902 -0.205317
v 0.126826 0.434908 -0.205011
v 0.096845 0.434316 -0.207019
v -0.010711 0.541661 -0.198868
v 0.004747 0.208661 -0.193692
v 0.031984 0.263882 -0.199439
v -0.039503 0.287035 -0.202127
v 0.046018 0.316148 -0.200215
v -0.069528 0.310713 -0.197945
v -0.075672 0.295555 -0.197424
v -0.103150 0.332458 -0.199607
v -0.069158 0.333461 -0.199958
v -0.056935 0.331937 -0.199936
v 0.054003 0.329982 -0.198458
v 0.075623 0.311214 -0.200421
v -0.063598 0.355334 -0.202489
v 0.101758 0.328817 -0.197498
v 0.117809 0.377536 -0.200427
v -0.140243 0.432080 -0.195761
v 0.082664 0.480791 -0.197909
v 0.101166 0.480809 -0.200293
v -0.113090 0.480374 -0.200399
v 0.114700 0.486235 -0.198278
v -0.085050 0.491566 -0.196291
v -0.038118 0.550625 -0.194703
v -0.058498 0.543053 -0.193584
v -0.021728 0.218359 -0.195110
v -0.029155 0.243173 -0.199285
v 0.022625 0.226566 -0.196431
v -0.036465 0.266757 -0.197636
v -0.047948 0.311514 -0.194240
v -0.082882 0.283892 -0.192536
v -0.061424 0.314474 -0.192043
v 0.064640 0.317758 -0.195958
v -0.126443 0.363917 -0.193036
v -0.120998 0.375043 -0.199351
v -0.125153 0.385225 -0.199468
v 0.126392 0.390825 -0.197142
v -0.137392 0.406906 -0.195897
v 0.129855 0.451841 -0.200380
v 0.139370 0.438529 -0.194824
v -0.136166 0.472756 -0.194684
v 0.080406 0.507146 -0.194147
v 0.058229 0.545782 -0.192196
v 0.010553 0.208700 -0.188626
v -0.022591 0.226406 -0.193011
v -0.031132 0.254465 -0.193847
v 0.040501 0.302360 -0.195433
v -0.037814 0.291506 -0.194117
v 0.080096 0.281464 -0.191339
v 0.051068 0.313881 -0.192629
v -0.114597 0.324770 -0.186684
v -0.122200 0.348039 -0.190282
v 0.121469 0.354666 -0.191344
v -0.144610 0.377001 -0.191720
v -0.131978 0.386190 -0.195332
v -0.134952 0.393873 -0.195550
v -0.155118 0.416642 -0.188819
v 0.153680 0.410630 -0.188043
v 0.132186 0.493658 -0.190605
v -0.115826 0.502766 -0.194731
v 0.111723 0.521750 -0.189579
v -0.082024 0.540064 -0.185770
v 0.038996 0.581132 -0.183503
v -0.018972 0.210851 -0.189988
v 0.024988 0.241306 -0.193586
v -0.054688 0.235314 -0.181501
v 0.051841 0.238303 -0.182168
v 0.064405 0.288819 -0.194703
v -0.059477 0.278376 -0.187594
v 0.030257 0.278018 -0.191529
v -0.042103 0.305092 -0.189596
v 0.058958 0.300653 -0.185942
v -0.059966 0.302853 -0.185163
v 0.042446 0.306453 -0.187745
v 0.101263 0.308540 -0.187636
v -0.103015 0.308386 -0.188605
v 0.112413 0.327120 -0.186910
v 0.126241 0.326526 -0.188576
v 0.141764 0.375734 -0.191772
v -0.129152 0.337046 -0.189797
v -0.139268 0.337805 -0.185751
v -0.161031 0.445654 -0.182773
v 0.150101 0.481614 -0.182811
v -0.113790 0.535371 -0.185552
v -0.004111 0.599686 -0.178150
v -0.022226 0.278371 -0.193737
v -0.010058 0.247259 -0.192398
v 0.018727 0.282001 -0.193169
v 0.053689 0.264903 -0.184218
v 0.076275 0.264303 -0.182197
v -0.029803 0.280529 -0.192468
v -0.095917 0.283489 -0.179360
v 0.091318 0.285245 -0.182164
v -0.048821 0.306769 -0.188300
v -0.110023 0.310821 -0.182896
v 0.046697 0.320510 -0.192730
v 0.033073 0.309496 -0.191915
v -0.115006 0.299059 -0.184351
v -0.048072 0.322278 -0.192927
v -0.054780 0.344535 -0.194406
v -0.059589 0.330774 -0.186274
v -0.040114 0.340765 -0.189729
v 0.146950 0.355103 -0.182467
v -0.150912 0.361967 -0.183312
v -0.159485 0.387904 -0.180978
v 0.159281 0.445830 -0.181431
v -0.158694 0.470769 -0.180986
v -0.136627 0.540574 -0.174198
v 0.081995 0.547801 -0.181756
v -0.048092 0.599985 -0.174672
v -0.009238 0.211611 -0.188486
v 0.001260 0.243293 -0.193564
v -0.082400 0.268136 -0.181401
v -0.057792 0.269747 -0.179572
v -0.049415 0.233143 -0.174970
v 0.057436 0.233766 -0.177226
v -0.011982 0.291334 -0.191483
v 0.089802 0.280010 -0.179550
v -0.031830 0.305519 -0.192087
v -0.110525 0.288094 -0.182217
v -0.127435 0.300957 -0.178449
v -0.102063 0.294659 -0.179059
v -0.105661 0.302439 -0.180681
v 0.104185 0.305220 -0.182208
v -0.016723 0.334997 -0.186487
v 0.107945 0.312701 -0.183044
v 0.109210 0.293570 -0.182732
v 0.009134 0.346984 -0.184180
v 0.039745 0.341797 -0.189612
v 0.116184 0.286580 -0.177752
v 0.142095 0.333098 -0.174695
v 0.052531 0.316754 -0.183384
v 0.058941 0.338968 -0.186880
v 0.052659 0.345449 -0.193993
v 0.055843 0.357005 -0.193496
v -0.062574 0.361182 -0.191671
v -0.056917 0.364253 -0.191428
v 0.068730 0.359767 -0.185636
v 0.060533 0.367862 -0.193616
v -0.063996 0.374199 -0.192450
v 0.049089 0.404906 -0.176050
v -0.061974 0.379876 -0.189944
v 0.063633 0.384166 -0.190584
v 0.067433 0.378009 -0.188424
v -0.067987 0.388605 -0.189945
v 0.157691 0.378489 -0.173895
v -0.155642 0.512992 -0.171545
v 0.140083 0.529097 -0.175089
v 0.109465 0.556818 -0.178040
v -0.080964 0.571928 -0.174821
v 0.048991 0.229582 -0.171920
v -0.068944 0.246532 -0.175276
v -0.056551 0.231329 -0.173988
v -0.101659 0.261034 -0.175522
v -0.091600 0.259712 -0.175403
v 0.091032 0.276454 -0.178036
v 0.095898 0.283398 -0.178991
v 0.089675 0.266788 -0.175329
v 0.091946 0.252471 -0.176858
v -0.049935 0.307997 -0.180639
v -0.145014 0.334458 -0.174828
v -0.063900 0.314941 -0.185139
v -0.068663 0.336602 -0.185350
v 0.030846 0.367024 -0.182115
v -0.023563 0.383095 -0.176420
v 0.065396 0.330504 -0.185302
v -0.081648 0.364501 -0.176011
v -0.048187 0.401859 -0.175779
v -0.072541 0.391275 -0.185548
v 0.067315 0.399011 -0.187080
v -0.065523 0.399448 -0.185073
v -0.071820 0.406556 -0.184152
v -0.166523 0.411734 -0.170410
v 0.165054 0.419339 -0.169618
v 0.159866 0.490574 -0.171344
v 0.077354 0.602830 -0.162938
v 0.047959 0.239479 -0.175764
v 0.071812 0.257530 -0.174236
v -0.085852 0.243225 -0.174000
v -0.080418 0.264129 -0.176357
v 0.082013 0.243178 -0.173329
v 0.083669 0.271199 -0.176987
v -0.094838 0.277009 -0.178200
v 0.058105 0.271761 -0.176830
v 0.095775 0.292620 -0.176218
v 0.092277 0.284053 -0.176312
v -0.066205 0.304350 -0.180999
v 0.060934 0.314675 -0.185129
v 0.125023 0.296767 -0.170093
v 0.071299 0.310284 -0.176088
v 0.083997 0.360610 -0.173195
v -0.078701 0.312237 -0.173750
v -0.076542 0.408257 -0.180511
v 0.083352 0.405530 -0.172122
v 0.072597 0.422303 -0.179098
v -0.074995 0.631912 -0.151773
v 0.051674 0.621560 -0.163681
v -0.093176 0.251249 -0.169393
v -0.116108 0.278700 -0.168303
v -0.101972 0.286236 -0.174366
v -0.066654 0.259881 -0.171605
v -0.101638 0.295475 -0.176731
v -0.155029 0.365117 -0.169561
v -0.000410 0.386843 -0.175036
v -0.075615 0.427775 -0.176931
v -0.168318 0.457315 -0.167503
v 0.166128 0.448776 -0.167481
v -0.162164 0.505035 -0.165951
v 0.150132 0.545210 -0.159507
v 0.131537 0.586403 -0.154644
v -0.117078 0.592303 -0.160510
v -0.103302 0.590512 -0.165354
v 0.100891 0.269194 -0.166364
v 0.068724 0.266221 -0.171643
v -0.086938 0.288629 -0.172432
v 0.088714 0.306943 -0.171265
v 0.112043 0.296961 -0.166295
v -0.130039 0.306334 -0.165764
v -0.108741 0.307276 -0.174571
v 0.101425 0.301908 -0.175601
v -0.098772 0.326833 -0.171546
v 0.109020 0.318576 -0.176013
v -0.111049 0.318558 -0.176392
v 0.103571 0.315596 -0.175301
v 0.112534 0.334090 -0.174860
v -0.116816 0.340796 -0.173644
v -0.120658 0.325447 -0.167946
v 0.120873 0.334920 -0.166612
v 0.116142 0.350697 -0.172905
v 0.104747 0.357554 -0.170188
v -0.093291 0.380346 -0.169028
v 0.026357 0.409070 -0.169716
v 0.105893 0.589072 -0.164700
v -0.007223 0.657110 -0.153807
v -0.108920 0.278311 -0.165910
v -0.099489 0.354684 -0.169662
v -0.145106 0.341679 -0.165577
v 0.142301 0.343615 -0.164751
v 0.097648 0.379472 -0.167809
v -0.120735 0.363007 -0.171084
v 0.121495 0.399604 -0.163486
v -0.155260 0.380573 -0.161105
v -0.015802 0.414721 -0.167072
v -0.142540 0.572135 -0.155684
v -0.046196 0.665329 -0.145495
v 0.024498 0.669254 -0.146824
v 0.121862 0.299092 -0.165031
v -0.125860 0.315685 -0.164037
v 0.132562 0.387963 -0.160405
v -0.137613 0.358362 -0.160128
v 0.152011 0.383159 -0.159696
v -0.138757 0.393763 -0.157638
v -0.161862 0.409570 -0.158707
v 0.002003 0.428411 -0.162269
v -0.106160 0.426414 -0.158721
v -0.045697 0.439908 -0.161351
v 0.039874 0.462011 -0.152121
v 0.100142 0.435814 -0.158343
v -0.077838 0.448852 -0.167650
v 0.166823 0.441850 -0.157703
v 0.166232 0.454202 -0.156568
v 0.165044 0.490704 -0.156122
v -0.167568 0.490400 -0.156337
v 0.135360 0.355490 -0.161161
v -0.149204 0.375226 -0.159555
v -0.125958 0.412122 -0.159633
v -0.107066 0.469480 -0.148121
v 0.175523 0.421871 -0.151521
v 0.175868 0.447110 -0.153589
v 0.186920 0.439480 -0.154723
v -0.192485 0.426406 -0.152682
v -0.186834 0.441816 -0.154497
v -0.179972 0.409666 -0.152524
v 0.018457 0.461405 -0.151045
v 0.159262 0.428676 -0.152758
v -0.167624 0.445021 -0.154114
v -0.168998 0.451755 -0.156284
v 0.075796 0.451524 -0.166427
v 0.170328 0.449116 -0.153147
v 0.164584 0.512436 -0.150157
v -0.166090 0.525684 -0.147873
v -0.155285 0.574248 -0.139742
v -0.100479 0.653727 -0.135510
v 0.145766 0.411357 -0.153382
v 0.180458 0.392391 -0.152355
v 0.171159 0.377097 -0.146607
v -0.193783 0.393083 -0.140233
v -0.182604 0.380243 -0.149956
v 0.184847 0.383393 -0.147807
v 0.142367 0.450502 -0.146194
v -0.176199 0.446241 -0.152002
v -0.031592 0.458362 -0.152468
v -0.170380 0.450159 -0.147224
v -0.173025 0.457813 -0.150767
v 0.170719 0.454459 -0.150593
v -0.196353 0.473355 -0.146407
v -0.060762 0.485373 -0.145231
v 0.170462 0.489771 -0.150167
v -0.183010 0.488751 -0.150921
v 0.195467 0.460096 -0.146604
v 0.184479 0.486969 -0.150628
v -0.172829 0.487957 -0.150140
v 0.102144 0.672827 -0.123772
v 0.079601 0.674398 -0.130826
v -0.014489 0.718549 -0.127364
v 0.167596 0.342704 -0.140334
v -0.148189 0.440885 -0.147670
v -0.174621 0.379667 -0.148164
v -0.175228 0.414200 -0.144549
v -0.160640 0.448397 -0.148459
v 0.195723 0.427460 -0.145318
v 0.106766 0.468142 -0.147575
v -0.198744 0.435854 -0.144964
v 0.072395 0.495437 -0.142448
v -0.185950 0.519625 -0.142493
v 0.182610 0.512512 -0.145119
v 0.152962 0.576159 -0.138816
v -0.124906 0.619786 -0.141868
v 0.044394 0.718865 -0.121417
v -0.167584 0.338234 -0.138537
v -0.167153 0.354369 -0.140054
v 0.164840 0.347852 -0.139923
v 0.172462 0.344582 -0.136912
v -0.181349 0.358307 -0.138149
v 0.185812 0.374563 -0.136638
v 0.172826 0.436402 -0.142416
v -0.173811 0.448121 -0.140519
v 0.163414 0.447200 -0.149717
v -0.168318 0.460483 -0.149560
v 0.190447 0.509803 -0.138205
v 0.022598 0.711566 -0.129142
v 0.165817 0.355862 -0.137272
v -0.174908 0.383987 -0.136443
v 0.191048 0.419448 -0.132717
v -0.195687 0.415688 -0.136674
v 0.172306 0.446266 -0.138573
v 0.153227 0.463586 -0.143372
v 0.165596 0.459578 -0.150648
v -0.167814 0.470126 -0.141709
v -0.131449 0.494864 -0.134406
v 0.165472 0.469737 -0.141551
v -0.081655 0.487998 -0.146363
v 0.107498 0.500765 -0.134574
v -0.195677 0.505568 -0.135031
v 0.173652 0.552835 -0.135434
v -0.042038 0.715548 -0.124673
v 0.161328 0.333269 -0.131848
v -0.164781 0.334194 -0.131211
v 0.176136 0.390979 -0.133791
v -0.199563 0.437121 -0.135346
v -0.179294 0.441056 -0.133593
v 0.196822 0.444326 -0.136179
v -0.168776 0.483075 -0.130502
v 0.137131 0.499241 -0.132263
v -0.164747 0.479682 -0.142512
v 0.162425 0.475834 -0.142851
v -0.038031 0.519932 -0.127989
v 0.194407 0.487799 -0.126731
v -0.163186 0.586637 -0.128773
v -0.179190 0.360961 -0.131086
v -0.181719 0.389803 -0.132871
v 0.199723 0.430221 -0.125677
v -0.200421 0.429018 -0.124573
v 0.170469 0.486132 -0.123201
v 0.197013 0.455575 -0.124637
v -0.160139 0.490002 -0.137117
v 0.162587 0.487929 -0.134604
v 0.159203 0.484986 -0.140941
v 0.155290 0.500030 -0.134039
v 0.047651 0.528532 -0.124202
v 0.181545 0.553764 -0.125824
v -0.180469 0.559659 -0.127373
v 0.166691 0.585979 -0.123655
v -0.145475 0.637035 -0.114498
v -0.085679 0.704729 -0.115744
v 0.082131 0.712241 -0.112422
v 0.172049 0.356021 -0.130783
v 0.180313 0.443257 -0.130627
v -0.190083 0.418923 -0.132314
v -0.199465 0.448550 -0.124414
v -0.198563 0.471166 -0.125143
v -0.159882 0.497340 -0.135337
v -0.155959 0.502008 -0.133259
v 0.186260 0.538948 -0.119034
v 0.139472 0.643194 -0.113608
v -0.188638 0.443877 -0.129199
v -0.176730 0.477057 -0.124042
v -0.164077 0.503461 -0.122675
v -0.150167 0.521596 -0.124016
v -0.193252 0.505585 -0.122141
v -0.189130 0.537010 -0.117784
v -0.105420 0.683288 -0.117215
v 0.013947 0.754871 -0.115247
v 0.149072 0.520490 -0.124018
v 0.118582 0.533956 -0.116603
v 0.002944 0.553086 -0.113237
v 0.069609 0.556067 -0.108474
v -0.179894 0.573765 -0.109259
v -0.164121 0.606098 -0.114119
v -0.135118 0.676265 -0.098662
v -0.074980 0.741524 -0.103071
v 0.036948 0.767321 -0.107749
v -0.041908 0.757032 -0.109936
v -0.016654 0.773431 -0.111007
v -0.178522 0.490430 -0.118703
v 0.178729 0.494850 -0.116953
v -0.110072 0.553626 -0.105641
v -0.041091 0.572471 -0.101618
v -0.178450 0.511072 -0.111859
v -0.161243 0.526117 -0.109542
v -0.077288 0.564545 -0.102845
v 0.137267 0.543226 -0.110581
v -0.102873 0.562414 -0.100035
v 0.172696 0.586394 -0.104375
v 0.160326 0.621335 -0.098764
v 0.094439 0.734843 -0.095084
v 0.015361 0.810221 -0.103094
v 0.155227 0.538685 -0.103388
v 0.175846 0.526491 -0.107615
v 0.108526 0.556383 -0.103014
v -0.051509 0.578771 -0.096324
v -0.164730 0.618246 -0.096235
v 0.139734 0.666405 -0.095067
v 0.066953 0.761730 -0.097810
v -0.020718 0.801675 -0.104662
v -0.070705 -0.202239 -0.102426
v -0.062522 -0.190291 -0.103548
v -0.046863 -0.213755 -0.101155
v -0.101685 -0.169994 -0.099663
v -0.175191 0.559448 -0.099550
v 0.168066 0.562999 -0.095295
v 0.171479 0.578991 -0.097814
v 0.122764 0.699915 -0.090939
v -0.098707 0.732460 -0.094757
v -0.118778 0.725899 -0.079498
v 0.102911 0.744851 -0.079820
v -0.068459 0.782928 -0.092347
v -0.040975 0.804712 -0.098805
v 0.034137 0.835845 -0.094244
v -0.003427 0.854132 -0.095554
v -0.022848 0.834439 -0.097930
v -0.024411 -0.227032 -0.095314
v -0.005936 -0.224077 -0.097326
v -0.009477 -0.203341 -0.098836
v -0.016557 -0.189445 -0.096936
v -0.080134 -0.201017 -0.098016
v -0.108649 -0.185072 -0.097408
v 0.015895 -0.158793 -0.097857
v 0.025005 -0.173787 -0.098193
v -0.121663 -0.179137 -0.093563
v -0.080465 -0.164680 -0.099537
v -0.047715 -0.134897 -0.098116
v -0.117318 -0.147496 -0.090972
v 0.052253 -0.125654 -0.098112
v 0.050633 -0.149694 -0.096362
v -0.148831 0.565633 -0.087100
v -0.129743 0.560143 -0.099043
v 0.126880 0.557392 -0.100836
v 0.044523 0.575933 -0.098407
v 0.015961 0.587965 -0.095180
v -0.012714 0.592479 -0.093443
v -0.167936 0.605893 -0.090584
v -0.142798 0.669870 -0.089735
v -0.088927 0.764528 -0.088310
v -0.055834 -0.209457 -0.092621
v -0.101970 -0.189108 -0.091437
v 0.018828 -0.193339 -0.094398
v -0.001119 -0.167348 -0.095537
v 0.033234 -0.172061 -0.095412
v 0.040118 -0.117683 -0.095389
v 0.045721 -0.158438 -0.092205
v -0.107032 -0.093375 -0.088906
v 0.070619 -0.123473 -0.095412
v -0.066141 -0.094674 -0.095800
v -0.030540 -0.099763 -0.095978
v 0.091186 -0.077838 -0.093087
v 0.076243 -0.073590 -0.093241
v 0.013965 -0.035688 -0.094793
v 0.066364 -0.018259 -0.092042
v -0.041709 -0.017035 -0.093253
v -0.167529 0.553048 -0.096016
v 0.118625 0.560220 -0.097011
v -0.116410 0.557446 -0.095245
v -0.085353 0.564969 -0.097108
v 0.089451 0.562651 -0.099298
v 0.103732 0.561496 -0.097965
v 0.109918 0.555137 -0.093969
v 0.077081 0.571918 -0.094966
v 0.023249 0.591884 -0.091404
v 0.083158 0.760159 -0.092105
v 0.053376 0.811397 -0.089835
v 0.018952 0.864681 -0.091217
v -0.033461 0.868522 -0.087354
v -0.014623 -0.225202 -0.088298
v -0.000803 -0.217884 -0.089190
v -0.137682 -0.152894 -0.086580
v 0.094925 -0.096097 -0.090092
v -0.080299 -0.027924 -0.089165
v 0.020225 0.038058 -0.091175
v -0.049395 0.063654 -0.087244
v 0.154949 0.564573 -0.089142
v -0.105966 0.541714 -0.089081
v -0.085727 0.558972 -0.093830
v -0.084056 0.526381 -0.087958
v 0.079948 0.521370 -0.085816
v 0.083156 0.560770 -0.094330
v 0.095411 0.527172 -0.086018
v -0.103531 0.557545 -0.092520
v 0.098890 0.555652 -0.092234
v -0.128892 0.564678 -0.090147
v 0.138381 0.564173 -0.090079
v -0.121034 0.556020 -0.090266
v 0.131745 0.564656 -0.085316
v -0.065907 0.576047 -0.095170
v -0.076342 0.570649 -0.088192
v 0.055539 0.577489 -0.095481
v 0.039732 0.581762 -0.093095
v -0.046686 0.577449 -0.092228
v -0.026318 0.592316 -0.090946
v 0.051080 0.578267 -0.090868
v 0.156928 0.633950 -0.074670
v 0.069851 0.792289 -0.088738
v -0.055540 0.842377 -0.083499
v 0.036062 0.867445 -0.085300
v -0.088033 -0.191353 -0.091338
v -0.151856 -0.164245 -0.080174
v 0.079699 -0.116757 -0.087826
v 0.116794 -0.066237 -0.083387
v 0.107614 -0.081634 -0.076768
v 0.112734 -0.049313 -0.085125
v -0.112045 -0.029957 -0.080177
v 0.101362 -0.038062 -0.086262
v 0.045724 0.108558 -0.083229
v 0.084843 0.080329 -0.079049
v -0.004189 0.102767 -0.084658
v -0.129523 0.517013 -0.075176
v -0.105680 0.512684 -0.079008
v -0.129841 0.546554 -0.083881
v -0.076009 0.527044 -0.080931
v 0.074158 0.543933 -0.084282
v 0.072467 0.569049 -0.086917
v 0.124633 0.557683 -0.087352
v 0.126878 0.542323 -0.083251
v 0.052662 0.572521 -0.087322
v 0.043339 0.582103 -0.088294
v 0.042421 0.574447 -0.089841
v -0.054994 0.571874 -0.087643
v -0.053157 0.576455 -0.088461
v -0.035863 0.579712 -0.085517
v 0.002616 0.594931 -0.091190
v -0.011453 0.594383 -0.086903
v 0.016069 0.587638 -0.085819
v -0.077236 0.848455 -0.072647
v 0.081161 0.798364 -0.081078
v 0.063457 0.852387 -0.077344
v 0.052489 0.852320 -0.080857
v 0.002761 0.898506 -0.080798
v 0.026349 0.895676 -0.078027
v -0.057545 -0.158852 -0.090552
v 0.029743 -0.172444 -0.088152
v -0.137977 -0.174469 -0.082200
v 0.096002 -0.094277 -0.081006
v -0.100295 0.026864 -0.077716
v -0.084770 0.100442 -0.074883
v -0.055145 0.103116 -0.081195
v -0.017499 0.128708 -0.086147
v 0.042841 0.131247 -0.082878
v -0.039215 0.149968 -0.077548
v 0.021681 0.155149 -0.076908
v -0.082634 0.499959 -0.078707
v 0.127577 0.511530 -0.072056
v 0.002611 0.553356 -0.085379
v 0.003445 0.515137 -0.076091
v -0.132581 0.557997 -0.079502
v 0.030704 0.581297 -0.085198
v 0.140034 0.575278 -0.081748
v -0.159262 0.589770 -0.079803
v -0.135641 0.573702 -0.078807
v -0.022250 0.586845 -0.083984
v 0.004840 0.582949 -0.083440
v 0.007921 0.594467 -0.083297
v 0.000410 0.600255 -0.083346
v 0.127270 0.714671 -0.068057
v -0.125558 0.718893 -0.075463
v 0.115259 0.740857 -0.069911
v -0.094190 0.791521 -0.073937
v -0.004426 -0.185913 -0.086935
v -0.102497 -0.179051 -0.087944
v -0.126248 -0.172011 -0.080966
v -0.083045 -0.105750 -0.085024
v 0.060534 -0.134553 -0.086561
v -0.104947 -0.116491 -0.081211
v -0.171817 -0.137513 -0.065756
v -0.153815 -0.131285 -0.072533
v -0.050692 -0.097389 -0.087197
v 0.046784 -0.065591 -0.085852
v -0.145309 -0.087774 -0.071705
v -0.007127 -0.032630 -0.084412
v 0.125732 -0.061794 -0.074166
v 0.134842 -0.018537 -0.070290
v 0.118385 0.044994 -0.069786
v 0.067011 0.140397 -0.075583
v -0.073313 0.131497 -0.076571
v 0.078548 0.492434 -0.075082
v 0.073933 0.510834 -0.075955
v 0.071517 0.490745 -0.069389
v -0.075715 0.499566 -0.072435
v 0.133478 0.551713 -0.075004
v -0.147412 0.579250 -0.078386
v 0.135087 0.571230 -0.076660
v 0.152042 0.595987 -0.074776
v -0.156379 0.638068 -0.066911
v -0.153808 0.657106 -0.070109
v 0.079620 0.842327 -0.071024
v -0.045254 0.890080 -0.072731
v -0.025874 0.906211 -0.072044
v 0.076634 -0.033176 -0.081693
v -0.051991 -0.026648 -0.082609
v 0.036922 -0.014312 -0.083254
v 0.138206 -0.044255 -0.070757
v -0.080222 0.469128 -0.066015
v -0.136123 0.548339 -0.068926
v 0.154813 0.610286 -0.072408
v 0.148088 0.667172 -0.061836
v -0.103946 0.805636 -0.053058
v 0.104107 0.783732 -0.059321
v 0.093124 0.821430 -0.062943
v 0.050312 0.881972 -0.071219
v 0.022691 0.920102 -0.061130
v -0.097810 -0.044854 -0.076357
v 0.120010 -0.061227 -0.070189
v -0.137484 -0.018503 -0.065781
v -0.077119 0.005021 -0.074489
v -0.013140 -0.002922 -0.077376
v 0.014397 0.005160 -0.074769
v -0.120613 0.045504 -0.065603
v 0.084693 0.009696 -0.075072
v 0.068480 0.022749 -0.071828
v -0.109200 0.098415 -0.064583
v 0.105388 0.136924 -0.061676
v -0.081152 0.181259 -0.060047
v 0.059376 0.186426 -0.063954
v 0.022825 0.184754 -0.068179
v -0.042276 0.184575 -0.066749
v 0.108008 0.487856 -0.064495
v -0.031507 0.501358 -0.071667
v -0.133350 0.525265 -0.068920
v 0.130763 0.523701 -0.068723
v -0.148218 0.561739 -0.067561
v -0.142441 0.575632 -0.072740
v 0.148113 0.583437 -0.065474
v 0.141953 0.581353 -0.075509
v -0.153821 0.621654 -0.063982
v -0.111262 0.766834 -0.061946
v -0.068714 0.882056 -0.066338
v 0.078372 0.880962 -0.059845
v -0.050336 0.901922 -0.062015
v 0.046773 0.904900 -0.058941
v -0.003826 0.920886 -0.064826
v 0.111599 -0.450582 -0.067962
v 0.131667 -0.432814 -0.070890
v 0.142582 -0.456563 -0.066614
v -0.130328 -0.451650 -0.067642
v -0.120649 -0.434486 -0.069082
v -0.116765 -0.459581 -0.065477
v -0.107712 -0.428249 -0.065494
v 0.109489 -0.431017 -0.067379
v -0.150799 -0.440066 -0.064908
v -0.136969 -0.426602 -0.066600
v 0.133246 -0.427372 -0.066695
v -0.153329 -0.162682 -0.068047
v -0.174479 -0.157765 -0.061578
v -0.182541 -0.148885 -0.058607
v -0.130216 -0.116722 -0.072137
v 0.102825 -0.019456 -0.073572
v 0.145957 0.003557 -0.057380
v -0.103033 0.138218 -0.063416
v 0.077981 0.467316 -0.065052
v 0.070183 0.467976 -0.059843
v -0.119676 0.483535 -0.058233
v 0.138621 0.552786 -0.064747
v 0.160437 0.569947 -0.057696
v -0.163661 0.570778 -0.057906
v -0.148278 0.592634 -0.067027
v 0.143068 0.588362 -0.068820
v -0.149963 0.606560 -0.065993
v 0.144422 0.599349 -0.065845
v -0.092060 0.859598 -0.056835
v 0.115391 -0.508712 -0.055545
v 0.134382 -0.514642 -0.055644
v 0.099676 -0.490342 -0.054638
v 0.090376 -0.451492 -0.057176
v -0.094557 -0.452533 -0.058037
v 0.159478 -0.448155 -0.059713
v 0.092711 -0.432820 -0.058650
v 0.153855 -0.428813 -0.062249
v 0.167140 -0.412145 -0.061886
v 0.160995 -0.386476 -0.063340
v 0.172900 -0.388159 -0.058569
v -0.165266 -0.156736 -0.059086
v -0.176125 -0.121029 -0.055163
v -0.166685 -0.073662 -0.054559
v -0.118343 -0.006897 -0.063598
v 0.117700 0.004394 -0.064332
v 0.001230 0.015552 -0.066939
v -0.044406 0.023516 -0.065338
v -0.083784 0.032362 -0.062825
v 0.104259 0.027188 -0.065397
v 0.088714 0.183019 -0.056368
v 0.022765 0.203611 -0.059928
v -0.039718 0.207620 -0.056342
v -0.072357 0.460404 -0.056458
v -0.130077 0.487680 -0.054255
v 0.132352 0.508016 -0.057861
v -0.147916 0.553483 -0.059150
v 0.145267 0.608782 -0.062023
v -0.148251 0.613637 -0.061856
v 0.149390 0.633882 -0.058581
v -0.147515 0.675742 -0.055401
v -0.125590 0.727257 -0.063902
v -0.071497 0.906480 -0.050902
v -0.036459 0.924741 -0.047712
v 0.153662 -0.498799 -0.054387
v -0.119426 -0.514611 -0.053843
v -0.148797 -0.498437 -0.055397
v -0.096963 -0.502752 -0.049224
v 0.100433 -0.429293 -0.058718
v 0.150110 -0.428618 -0.055007
v 0.153340 -0.423231 -0.053038
v 0.148249 -0.393792 -0.056013
v 0.150410 -0.367014 -0.049590
v -0.143375 -0.073527 -0.059149
v 0.132554 -0.046616 -0.062856
v -0.155501 -0.010672 -0.051658
v 0.155987 -0.008062 -0.054620
v 0.149574 -0.035320 -0.059380
v -0.104293 0.030269 -0.061075
v 0.015866 0.027580 -0.057651
v 0.077712 0.042602 -0.058914
v 0.096068 0.040145 -0.061061
v 0.132287 0.108498 -0.048294
v -0.083748 0.206700 -0.047118
v 0.090370 0.452577 -0.049492
v 0.070984 0.457832 -0.055032
v -0.058489 0.432471 -0.045532
v -0.001103 0.438252 -0.044257
v 0.127244 0.484964 -0.053809
v 0.147608 0.558867 -0.056782
v -0.144729 0.526124 -0.058354
v -0.162653 0.564032 -0.048661
v 0.161734 0.589805 -0.055779
v -0.156402 0.601025 -0.056007
v 0.153778 0.599694 -0.055696
v 0.144106 0.615357 -0.057812
v 0.147055 0.648989 -0.050980
v -0.154073 0.640429 -0.057316
v 0.120986 0.745171 -0.047710
v 0.107273 0.806095 -0.043091
v 0.092297 0.868404 -0.048056
v -0.082698 0.899903 -0.046240
v 0.070888 0.909071 -0.046282
v 0.005827 0.936098 -0.044134
v -0.161318 -0.449863 -0.058126
v 0.086722 -0.488159 -0.046226
v -0.082574 -0.429472 -0.044908
v 0.164697 -0.427488 -0.055543
v -0.167074 -0.422754 -0.049302
v 0.124729 -0.435208 -0.056986
v 0.188201 -0.413438 -0.044189
v -0.174560 -0.411551 -0.052002
v -0.171735 -0.386590 -0.054332
v -0.156708 -0.399483 -0.054488
v -0.154435 -0.378482 -0.051541
v 0.130972 0.024114 -0.052843
v -0.139774 0.052842 -0.051101
v -0.021612 0.032531 -0.052992
v -0.136947 0.104351 -0.043464
v -0.124230 0.150810 -0.046411
v 0.088048 0.207055 -0.045644
v -0.015381 0.229709 -0.051197
v 0.016245 0.230683 -0.050280
v 0.048542 0.229819 -0.045561
v -0.106747 0.449760 -0.043395
v -0.090620 0.452519 -0.050102
v 0.103905 0.446450 -0.041217
v 0.155328 0.531960 -0.041243
v 0.184262 0.579826 -0.054704
v 0.176969 0.571955 -0.047510
v -0.198097 0.583906 -0.053859
v -0.179344 0.575918 -0.052880
v 0.205197 0.593337 -0.055125
v 0.218893 0.583599 -0.054249
v 0.178753 0.623304 -0.056279
v 0.222325 0.593108 -0.050788
v -0.151879 0.612406 -0.055953
v 0.151560 0.608386 -0.054211
v -0.190057 0.621545 -0.053943
v -0.159198 0.618173 -0.055886
v -0.151784 0.622785 -0.054742
v 0.197984 0.636592 -0.053768
v -0.153250 0.631072 -0.057909
v 0.154488 0.637082 -0.052489
v -0.152695 0.647732 -0.050875
v 0.160943 -0.575560 -0.043439
v -0.083983 -0.468622 -0.044502
v 0.173537 -0.467747 -0.046261
v -0.177809 -0.430140 -0.042684
v 0.073009 -0.434001 -0.033969
v -0.141176 -0.434293 -0.053267
v -0.114003 -0.435933 -0.051919
v -0.159618 -0.423071 -0.046512
v 0.187412 -0.391950 -0.046583
v 0.171052 -0.359477 -0.043703
v 0.145096 -0.032879 -0.052414
v 0.153846 -0.028897 -0.049056
v 0.167672 -0.008853 -0.040818
v -0.149661 0.052504 -0.042616
v -0.128745 0.027009 -0.051047
v -0.080654 0.046822 -0.050348
v 0.116587 0.051848 -0.048453
v -0.112697 0.178801 -0.046547
v 0.110433 0.183899 -0.044511
v 0.143190 0.503419 -0.040748
v -0.146607 0.502682 -0.038417
v 0.156562 0.561442 -0.049648
v 0.190582 0.565175 -0.045342
v 0.205427 0.561464 -0.052545
v 0.232889 0.570047 -0.050937
v -0.200055 0.567526 -0.053254
v -0.221610 0.562292 -0.052244
v -0.217906 0.587956 -0.052792
v -0.248056 0.584491 -0.048258
v 0.247850 0.584204 -0.048130
v 0.235978 0.606097 -0.047858
v -0.216999 0.593950 -0.046876
v 0.153719 0.628368 -0.052885
v -0.158626 0.631957 -0.053535
v -0.179056 0.641602 -0.052211
v 0.173687 0.656500 -0.048343
v -0.117639 0.767943 -0.044722
v -0.093783 0.879678 -0.043216
v -0.008899 0.933617 -0.046895
v 0.122684 -0.583028 -0.045262
v -0.148236 -0.578953 -0.044246
v -0.123044 -0.580603 -0.043990
v -0.168639 -0.575104 -0.040509
v -0.098378 -0.578458 -0.039529
v 0.090048 -0.541888 -0.041537
v 0.178879 -0.544856 -0.038150
v -0.176898 -0.509660 -0.041712
v -0.179085 -0.474166 -0.040988
v 0.180218 -0.436547 -0.039284
v 0.076624 -0.428517 -0.037631
v 0.103783 -0.436539 -0.047468
v 0.136349 -0.434992 -0.045157
v 0.145985 -0.417530 -0.040434
v 0.186755 -0.371355 -0.035456
v -0.167534 -0.354329 -0.037336
v -0.201623 -0.139005 -0.037848
v -0.174737 -0.112474 -0.042215
v -0.154503 -0.053803 -0.047832
v -0.193323 -0.117013 -0.037388
v -0.180396 -0.053973 -0.037493
v 0.163950 0.021581 -0.034339
v -0.001583 0.035467 -0.046141
v 0.134774 0.036173 -0.047168
v 0.071287 0.048973 -0.048956
v 0.129081 0.152541 -0.038936
v -0.128756 0.172929 -0.034986
v -0.066214 0.233601 -0.040054
v -0.159782 0.534585 -0.041144
v 0.233514 0.568896 -0.041119
v -0.182213 0.547942 -0.045196
v -0.193374 0.563749 -0.045276
v 0.182146 0.549418 -0.045043
v -0.238837 0.602319 -0.044778
v 0.253266 0.615569 -0.037288
v 0.261303 0.600721 -0.043507
v -0.230600 0.607743 -0.040579
v -0.211942 0.647593 -0.042125
v 0.248053 0.624534 -0.041559
v 0.219002 0.656738 -0.042787
v -0.184420 0.665298 -0.041922
v -0.154157 0.659777 -0.042894
v 0.152408 0.651464 -0.046852
v 0.195959 0.667573 -0.042640
v -0.149236 0.661956 -0.046676
v -0.136248 0.699789 -0.034642
v -0.124668 0.738208 -0.044020
v 0.104456 0.838609 -0.031481
v -0.054859 0.927829 -0.038272
v 0.043128 0.924920 -0.038114
v 0.126704 -0.589316 -0.039252
v 0.144997 -0.587018 -0.040038
v 0.094460 -0.576150 -0.039679
v 0.174121 -0.570867 -0.038561
v -0.183719 -0.509955 -0.036130
v -0.080406 -0.494917 -0.035329
v 0.077861 -0.475611 -0.035399
v -0.154024 -0.429685 -0.038553
v -0.142118 -0.434934 -0.044445
v -0.113838 -0.433696 -0.039522
v -0.102888 -0.436998 -0.039048
v 0.113663 -0.433816 -0.040761
v -0.192990 -0.416405 -0.030697
v -0.186400 -0.385942 -0.040481
v 0.141827 -0.401802 -0.036501
v -0.148881 -0.395670 -0.040626
v -0.147605 -0.382566 -0.038047
v 0.157546 -0.353247 -0.036327
v -0.177796 -0.151432 -0.048426
v -0.201909 -0.148238 -0.030861
v -0.148412 0.002033 -0.041404
v -0.124784 0.047601 -0.044199
v -0.092575 0.053160 -0.045214
v 0.093559 0.056286 -0.043424
v 0.109248 0.055608 -0.045708
v 0.158138 0.068179 -0.028033
v -0.098323 0.227361 -0.030040
v -0.040472 0.245305 -0.036051
v 0.017371 0.242558 -0.039655
v 0.059627 0.244201 -0.033615
v -0.076515 0.388128 -0.031246
v 0.009608 0.407218 -0.035546
v -0.104015 0.399381 -0.025403
v 0.129069 0.463304 -0.037100
v -0.132160 0.461988 -0.036375
v -0.161863 0.519119 -0.025375
v 0.167157 0.529082 -0.032210
v 0.202547 0.558944 -0.040330
v -0.203220 0.557519 -0.040792
v -0.264071 0.602389 -0.042095
v 0.147815 0.657339 -0.046032
v 0.143322 0.671841 -0.045170
v 0.135597 0.696436 -0.039568
v 0.121464 0.731553 -0.029377
v 0.114127 0.779973 -0.028129
v -0.109050 0.831334 -0.030506
v 0.087232 0.896873 -0.035393
v -0.136624 -0.590273 -0.038224
v 0.165782 -0.585537 -0.033072
v 0.180293 -0.556674 -0.035469
v -0.183445 -0.555206 -0.033834
v -0.085915 -0.526335 -0.037789
v 0.183281 -0.507018 -0.035775
v 0.182919 -0.468108 -0.033601
v -0.075838 -0.430849 -0.036727
v -0.140140 -0.429307 -0.037155
v -0.090066 -0.435863 -0.029561
v 0.103196 -0.435189 -0.036388
v 0.141446 -0.428055 -0.036655
v 0.145253 -0.431602 -0.036597
v -0.184969 -0.433697 -0.031112
v 0.087381 -0.431947 -0.037137
v 0.196868 -0.429872 -0.018417
v 0.133825 -0.400591 -0.036040
v -0.150703 -0.417947 -0.032441
v 0.061278 -0.398977 -0.039814
v 0.077227 -0.398936 -0.041951
v 0.083804 -0.422271 -0.035128
v 0.089088 -0.397249 -0.032732
v 0.139834 -0.392501 -0.040488
v -0.059749 -0.380755 -0.031703
v -0.074959 -0.406117 -0.043176
v -0.077056 -0.384915 -0.038404
v 0.075811 -0.377846 -0.034712
v 0.142217 -0.375290 -0.033067
v -0.152380 -0.359549 -0.035200
v -0.169465 0.024283 -0.029238
v 0.150834 0.008804 -0.037418
v -0.140338 0.021399 -0.043187
v 0.173880 0.016724 -0.025027
v -0.132070 0.031689 -0.039501
v 0.143091 0.024760 -0.038941
v 0.011697 0.046418 -0.028788
v -0.062946 0.051193 -0.038976
v 0.051572 0.049958 -0.037178
v 0.135314 0.054754 -0.035793
v -0.112033 0.057064 -0.040237
v -0.011937 0.250784 -0.036788
v -0.018359 0.257976 -0.039144
v 0.010826 0.261363 -0.038691
v -0.059908 0.391196 -0.033691
v 0.059759 0.385984 -0.032286
v -0.246267 0.577818 -0.039795
v 0.258258 0.586914 -0.038773
v 0.262029 0.594407 -0.035832
v -0.264827 0.594528 -0.036644
v -0.253647 0.616052 -0.034309
v -0.206531 0.667319 -0.033295
v 0.148656 0.663449 -0.039720
v 0.143877 0.666902 -0.040258
v 0.179140 0.678032 -0.035867
v -0.065472 0.932771 -0.020589
v 0.060176 0.926906 -0.028981
v 0.121186 -0.671851 -0.024043
v 0.138698 -0.648998 -0.030313
v 0.156310 -0.642331 -0.028728
v -0.112160 -0.587010 -0.034117
v -0.157085 -0.586257 -0.036084
v -0.168204 -0.583188 -0.032229
v 0.107425 -0.587457 -0.033730
v -0.089627 -0.569242 -0.036124
v -0.179253 -0.574282 -0.025990
v -0.084714 -0.548414 -0.032207
v 0.082707 -0.544842 -0.033722
v 0.078938 -0.508390 -0.033533
v 0.076277 -0.496986 -0.030234
v -0.186347 -0.492424 -0.032004
v -0.105626 -0.430038 -0.034976
v -0.085925 -0.426829 -0.032722
v -0.137440 -0.403527 -0.033868
v -0.104345 -0.396020 -0.036494
v -0.064205 -0.429199 -0.032644
v 0.060881 -0.432308 -0.026515
v 0.111179 -0.400643 -0.036055
v -0.056627 -0.400457 -0.030995
v -0.144579 -0.399037 -0.032932
v -0.124342 -0.391252 -0.040576
v 0.118030 -0.393079 -0.042014
v -0.143059 -0.391132 -0.037095
v -0.111454 -0.368912 -0.029120
v 0.087880 -0.374847 -0.020861
v 0.107717 -0.370736 -0.030084
v 0.125415 -0.370828 -0.032809
v 0.173769 -0.348597 -0.021997
v -0.174483 -0.079999 -0.035107
v 0.164076 -0.012681 -0.029685
v 0.104031 0.008398 -0.034261
v 0.094488 0.028793 -0.040713
v 0.128054 0.031628 -0.035306
v -0.106681 0.007923 -0.034443
v -0.123583 0.031188 -0.037707
v -0.086698 0.028241 -0.039565
v 0.074586 0.005123 -0.028556
v 0.061267 0.024012 -0.032016
v 0.073180 0.041296 -0.029439
v 0.138562 0.031557 -0.034962
v -0.096861 0.044375 -0.032190
v -0.109359 0.049196 -0.031514
v -0.080858 0.042684 -0.030278
v -0.034479 0.050987 -0.026530
v 0.084915 0.045212 -0.031404
v 0.107525 0.050126 -0.030864
v -0.047923 0.050249 -0.034220
v -0.124565 0.050418 -0.037637
v -0.128895 0.044856 -0.034975
v 0.062652 0.050570 -0.034733
v -0.099221 0.054968 -0.036719
v 0.092775 0.053597 -0.036089
v 0.109173 0.058052 -0.037793
v 0.123243 0.060142 -0.033415
v -0.153322 0.110724 -0.023392
v 0.145516 0.139813 -0.021884
v -0.126922 0.201268 -0.022454
v 0.110918 0.213458 -0.027150
v 0.089580 0.248204 -0.018689
v -0.065001 0.246605 -0.030326
v -0.049472 0.256384 -0.036318
v 0.023632 0.255607 -0.034401
v -0.048689 0.290393 -0.034325
v 0.057448 0.267026 -0.031737
v -0.013600 0.293282 -0.038291
v 0.051493 0.299627 -0.030475
v 0.024105 0.297770 -0.035562
v -0.038940 0.299637 -0.032924
v -0.008309 0.300272 -0.035837
v 0.016142 0.302848 -0.034209
v -0.035800 0.313253 -0.038642
v 0.012543 0.312046 -0.037443
v -0.058177 0.305752 -0.030079
v -0.053294 0.319275 -0.035586
v -0.026748 0.317621 -0.036964
v 0.020992 0.317697 -0.033529
v 0.075816 0.364819 -0.022794
v -0.131337 0.442222 -0.017455
v 0.124762 0.443425 -0.023768
v -0.148070 0.496067 -0.020038
v 0.142315 0.490531 -0.026248
v 0.157029 0.514143 -0.020964
v -0.194510 0.545938 -0.033647
v 0.201837 0.548385 -0.028718
v 0.209090 0.554669 -0.035565
v -0.228425 0.556578 -0.028893
v 0.238282 0.565393 -0.034543
v -0.276696 0.590379 -0.034650
v -0.272994 0.578228 -0.032764
v 0.277874 0.581029 -0.033142
v 0.297802 0.597811 -0.029070
v -0.274415 0.615276 -0.032387
v -0.242088 0.617855 -0.031456
v 0.272787 0.615228 -0.031556
v 0.263258 0.632438 -0.029386
v -0.235370 0.646275 -0.026424
v 0.245090 0.658258 -0.028159
v -0.142703 0.666962 -0.039219
v 0.138559 0.675618 -0.027070
v 0.215679 0.683135 -0.023652
v -0.177215 0.684683 -0.019981
v -0.141246 0.677347 -0.035299
v -0.117222 0.771060 -0.028565
v -0.040255 0.940620 -0.025137
v 0.003723 0.940574 -0.029932
v -0.140167 -0.695387 -0.022495
v -0.123591 -0.650414 -0.026092
v -0.101807 -0.584458 -0.028642
v 0.095837 -0.583661 -0.027745
v 0.181158 -0.568455 -0.024572
v 0.089711 -0.573336 -0.025127
v -0.081432 -0.511899 -0.029960
v 0.191897 -0.502957 -0.021809
v 0.183781 -0.502804 -0.031557
v -0.189799 -0.463219 -0.020668
v 0.092733 -0.429314 -0.030317
v -0.090862 -0.404573 -0.030759
v 0.200325 -0.413931 -0.016824
v -0.098296 -0.408259 -0.029535
v 0.092547 -0.407451 -0.028109
v -0.195983 -0.399692 -0.024541
v -0.088574 -0.377408 -0.022571
v -0.143113 -0.367078 -0.026082
v -0.148292 -0.366743 -0.030461
v -0.128763 -0.360401 -0.024560
v 0.062400 -0.370396 -0.025984
v -0.196173 -0.144345 -0.027406
v 0.122313 -0.158908 -0.031173
v 0.122242 -0.110971 -0.033317
v 0.133804 -0.142540 -0.029979
v 0.104336 -0.169527 -0.030268
v 0.097562 -0.109495 -0.032611
v 0.079042 -0.142542 -0.024866
v -0.213462 -0.131269 -0.019146
v -0.150958 -0.112887 -0.025761
v -0.125767 -0.090675 -0.033304
v -0.136197 -0.158788 -0.029138
v -0.119770 -0.147467 -0.032435
v 0.135655 -0.067865 -0.030177
v -0.105800 -0.078017 -0.033259
v -0.100089 -0.131719 -0.031662
v -0.142346 -0.060890 -0.028727
v 0.110873 -0.041850 -0.033698
v -0.084863 -0.043269 -0.029037
v -0.101550 -0.040947 -0.032975
v 0.079993 -0.044250 -0.028773
v -0.158528 -0.018966 -0.036859
v -0.126330 -0.033565 -0.032437
v 0.118900 -0.015037 -0.033917
v -0.102610 -0.011614 -0.035159
v -0.188507 -0.026359 -0.019669
v 0.092561 -0.006802 -0.034583
v -0.161177 -0.008009 -0.030837
v -0.070274 0.003502 -0.026143
v -0.061131 -0.008931 -0.022394
v 0.126649 0.014130 -0.032290
v 0.138204 -0.000359 -0.028191
v -0.153077 0.004666 -0.028418
v -0.155844 0.011494 -0.031245
v -0.140058 0.012401 -0.029178
v -0.145684 0.017631 -0.031390
v -0.055962 0.021877 -0.027736
v 0.147435 0.023091 -0.030373
v -0.068524 0.040450 -0.026815
v 0.132254 0.054197 -0.025865
v -0.021797 0.052492 -0.018395
v 0.118910 0.050818 -0.029328
v -0.067859 0.048926 -0.033001
v -0.052737 0.050270 -0.031733
v -0.127660 0.054942 -0.030136
v 0.125925 0.205995 -0.015664
v -0.093154 0.245749 -0.021396
v -0.067281 0.253401 -0.032619
v 0.054608 0.257909 -0.028774
v -0.077969 0.291956 -0.024943
v 0.039384 0.306352 -0.030750
v 0.052582 0.318638 -0.029740
v 0.015730 0.320854 -0.028571
v 0.042207 0.326928 -0.025359
v -0.047074 0.331877 -0.027881
v -0.007934 0.340313 -0.035585
v -0.041339 0.325850 -0.025575
v -0.019333 0.326893 -0.028587
v 0.020340 0.327768 -0.028180
v -0.045975 0.344221 -0.033250
v 0.056243 0.345316 -0.031473
v 0.051400 0.360428 -0.026926
v -0.004767 0.357485 -0.026785
v -0.050988 0.362950 -0.026979
v -0.137874 0.453741 -0.013894
v 0.244499 0.555290 -0.028721
v 0.314247 0.563982 -0.030299
v -0.307454 0.558859 -0.029317
v -0.290385 0.596644 -0.030131
v -0.289914 0.560053 -0.029802
v -0.277888 0.606411 -0.025655
v 0.272677 0.600757 -0.030056
v 0.268429 0.624272 -0.024965
v -0.145723 0.671109 -0.029710
v 0.134617 0.681056 -0.030350
v 0.193716 0.692347 -0.018146
v 0.079035 0.914936 -0.022816
v -0.158386 -0.670475 -0.023649
v -0.183378 -0.635386 -0.013113
v -0.183047 -0.549271 -0.025226
v -0.183582 -0.508882 -0.025347
v 0.070879 -0.443900 -0.024094
v -0.091701 -0.429534 -0.026307
v -0.094641 -0.416960 -0.027269
v 0.050225 -0.409607 -0.018424
v -0.049289 -0.418289 -0.012087
v 0.071074 -0.358633 -0.016176
v 0.138395 -0.365823 -0.027026
v -0.191390 -0.362859 -0.010745
v 0.113454 -0.365139 -0.027181
v 0.150609 -0.353264 -0.021994
v 0.132460 -0.221929 -0.024141
v 0.104716 -0.237652 -0.023864
v -0.124372 -0.221761 -0.025850
v -0.097248 -0.210363 -0.024257
v -0.082114 -0.125791 -0.025905
v 0.084111 -0.211593 -0.019710
v 0.150130 -0.123788 -0.024323
v 0.067832 -0.106126 -0.020657
v 0.148166 -0.045468 -0.023920
v -0.204867 -0.114211 -0.020960
v -0.146562 0.000396 -0.026128
v -0.161000 -0.012145 -0.024754
v 0.058091 -0.011403 -0.021536
v 0.162417 -0.001955 -0.026022
v 0.151517 0.009376 -0.027413
v -0.150355 0.005388 -0.024360
v 0.147907 0.014620 -0.024567
v -0.058827 0.038119 -0.023180
v 0.048598 0.021668 -0.024506
v 0.052290 0.039592 -0.021345
v -0.091888 0.252288 -0.024747
v 0.055888 0.306963 -0.024382
v -0.073626 0.311373 -0.024939
v -0.016468 0.321193 -0.030171
v -0.050600 0.325675 -0.029582
v -0.070029 0.330894 -0.020988
v -0.072063 0.347153 -0.028950
v 0.076616 0.345823 -0.025656
v 0.061590 0.331531 -0.021963
v -0.078350 0.363855 -0.022836
v 0.094803 0.368929 -0.015648
v 0.118185 0.402014 -0.014177
v -0.123296 0.401844 -0.010573
v 0.133616 0.448828 -0.011574
v -0.202284 0.544831 -0.021724
v 0.211887 0.547105 -0.023357
v -0.237012 0.548410 -0.023676
v 0.307107 0.551994 -0.025981
v 0.737890 0.554636 -0.026184
v 0.755433 0.566459 -0.030519
v 0.779112 0.558351 -0.026076
v 0.814915 0.565963 -0.026872
v -0.830100 0.567715 -0.025475
v -0.804213 0.568154 -0.026843
v -0.802136 0.558590 -0.025158
v -0.752408 0.564491 -0.031108
v 0.486243 0.549878 -0.026898
v 0.487749 0.571450 -0.030374
v 0.583909 0.562967 -0.017745
v 0.718932 0.568919 -0.027048
v -0.732030 0.577529 -0.024258
v -0.721066 0.558702 -0.025705
v -0.705001 0.569007 -0.024651
v 0.342090 0.577702 -0.026730
v 0.385755 0.572415 -0.020106
v 0.601564 0.576702 -0.016939
v 0.746920 0.575753 -0.027855
v 0.795094 0.573532 -0.023835
v -0.759647 0.575650 -0.026107
v -0.489719 0.559867 -0.029520
v -0.552998 0.562725 -0.022513
v -0.550556 0.585886 -0.023037
v -0.490795 0.580887 -0.030170
v -0.330801 0.577517 -0.027888
v -0.495319 0.594779 -0.027181
v -0.492134 0.592146 -0.027624
v 0.500211 0.592681 -0.027091
v -0.312359 0.607179 -0.021938
v -0.340749 0.590541 -0.023093
v 0.488894 0.591087 -0.026820
v -0.286259 0.609297 -0.017960
v 0.280567 0.624644 -0.017066
v -0.246796 0.622564 -0.025489
v 0.150031 0.681489 -0.023100
v 0.130140 0.687650 -0.023744
v 0.102311 0.866793 -0.011955
v -0.078462 0.920534 -0.019256
v 0.153209 -0.928628 -0.023939
v 0.151712 -0.939791 -0.018498
v 0.129970 -0.923602 -0.020258
v 0.127200 -0.892808 -0.021463
v 0.152139 -0.897509 -0.024996
v -0.166249 -0.908400 -0.020420
v -0.151393 -0.873177 -0.022746
v -0.131236 -0.900492 -0.019098
v 0.146066 -0.873247 -0.024655
v 0.173730 -0.889278 -0.016371
v 0.126737 -0.874175 -0.019770
v 0.170719 -0.869725 -0.017822
v 0.148677 -0.865893 -0.027673
v 0.126353 -0.866158 -0.023464
v 0.137947 -0.836263 -0.022650
v 0.139148 -0.732054 -0.019592
v 0.157447 -0.699992 -0.020803
v 0.174560 -0.679463 -0.013263
v 0.104572 -0.648821 -0.019210
v -0.171576 -0.677557 -0.016491
v -0.115390 -0.672993 -0.017993
v 0.183677 -0.610815 -0.015500
v -0.090409 -0.572955 -0.021435
v 0.180957 -0.542622 -0.025621
v -0.084986 -0.518345 -0.021906
v 0.084499 -0.544346 -0.021880
v 0.081878 -0.514445 -0.021180
v 0.181427 -0.511437 -0.024021
v -0.201264 -0.521766 -0.005910
v -0.072330 -0.482694 -0.011508
v 0.068506 -0.491018 -0.005348
v -0.070348 -0.452266 -0.012301
v 0.193278 -0.441492 -0.001948
v 0.048494 -0.388432 -0.012877
v 0.199545 -0.375507 -0.006126
v -0.085341 -0.371943 -0.018037
v -0.072247 -0.360167 -0.016778
v -0.139271 -0.356860 -0.019725
v -0.149859 -0.355923 -0.019008
v -0.109384 -0.338167 -0.019899
v 0.135650 -0.361702 -0.024446
v 0.115724 -0.322077 -0.019986
v -0.134034 -0.265149 -0.020810
v -0.111560 -0.233245 -0.024580
v 0.103467 -0.260731 -0.020692
v 0.127137 -0.263382 -0.022265
v -0.095691 -0.252290 -0.018038
v -0.148723 -0.199048 -0.020807
v 0.149151 -0.187617 -0.020296
v -0.161395 -0.171462 -0.015046
v -0.212692 -0.144538 -0.015587
v -0.198237 -0.132685 -0.019675
v -0.061481 -0.056851 -0.017517
v -0.173350 -0.030291 -0.023862
v -0.171237 -0.019943 -0.015373
v -0.155796 -0.023078 -0.020904
v -0.158824 -0.003380 -0.024264
v 0.179724 0.000638 -0.012938
v 0.155638 -0.002965 -0.018074
v 0.046592 0.002264 -0.014505
v -0.038753 0.048846 -0.022432
v 0.032427 0.050009 -0.023571
v -0.155353 0.155388 -0.002074
v 0.077677 0.263334 -0.018522
v 0.091343 0.273075 -0.019487
v -0.102875 0.263746 -0.017757
v 0.084915 0.302367 -0.018667
v -0.095205 0.301328 -0.015713
v 0.067963 0.310413 -0.020255
v -0.084962 0.321223 -0.022355
v 0.078204 0.324232 -0.018591
v 0.186033 0.533374 -0.009101
v -0.502637 0.539799 -0.020932
v -0.487311 0.534255 -0.016920
v -0.310823 0.543300 -0.018753
v -0.747723 0.551708 -0.020234
v -0.482078 0.561039 -0.021162
v 0.348859 0.548008 -0.015807
v 0.524695 0.544413 -0.019957
v 0.808620 0.558157 -0.023021
v 0.692157 0.565917 -0.021185
v 0.700848 0.556197 -0.020023
v 0.822478 0.557698 -0.015114
v 0.477470 0.559633 -0.020895
v -0.383526 0.559478 -0.016529
v 0.483726 0.585180 -0.019831
v 0.820924 0.573511 -0.022436
v 0.832230 0.568625 -0.021042
v -0.487613 0.580097 -0.023229
v 0.387227 0.557200 -0.015685
v 0.408892 0.578519 -0.024408
v -0.799541 0.574535 -0.020601
v -0.704599 0.580633 -0.017483
v -0.609375 0.580380 -0.016011
v -0.435328 0.582893 -0.023163
v -0.416166 0.585379 -0.020634
v -0.422438 0.568056 -0.022938
v 0.435364 0.590732 -0.020889
v 0.425665 0.565946 -0.024249
v 0.737507 0.582750 -0.017517
v 0.594242 0.588411 -0.015861
v 0.756429 0.580157 -0.016331
v 0.347005 0.594202 -0.019684
v -0.491854 0.609314 -0.017074
v 0.314574 0.611617 -0.016652
v 0.487316 0.610138 -0.017034
v 0.504510 0.605735 -0.019350
v 0.281553 0.610439 -0.019460
v -0.252367 0.628730 -0.016941
v -0.228607 0.668125 -0.013892
v 0.168332 0.695250 -0.011164
v -0.032118 0.696468 -0.029155
v -0.050456 0.696034 -0.027869
v -0.040814 0.686848 -0.028431
v -0.038726 0.704839 -0.027187
v -0.120777 0.729006 -0.014626
v -0.103158 0.875082 -0.009539
v 0.034724 0.936353 -0.015434
v 0.061368 0.931991 -0.016748
v 0.125117 -0.936918 -0.013870
v -0.159478 -0.926974 -0.021023
v -0.134861 -0.930310 -0.017128
v 0.168795 -0.916676 -0.018043
v -0.180776 -0.871004 -0.010463
v -0.122770 -0.870214 -0.014404
v -0.168266 -0.865798 -0.020146
v -0.145995 -0.864147 -0.025538
v -0.131706 -0.839490 -0.016462
v -0.154497 -0.818919 -0.018083
v 0.163924 -0.834076 -0.015842
v 0.137448 -0.817885 -0.018892
v 0.159792 -0.813541 -0.019400
v -0.123777 -0.818370 -0.013117
v 0.122403 -0.826120 -0.013209
v -0.170536 -0.817738 -0.014956
v -0.146883 -0.805201 -0.023408
v 0.148221 -0.807165 -0.023082
v 0.133339 -0.806001 -0.023092
v 0.117615 -0.815582 -0.014285
v 0.157084 -0.769141 -0.013305
v -0.156282 -0.727417 -0.017482
v 0.125614 -0.742130 -0.015275
v -0.127179 -0.726013 -0.015203
v -0.101239 -0.632499 -0.016848
v 0.079835 -0.581262 -0.008393
v -0.193119 -0.572224 -0.009458
v 0.192568 -0.531047 -0.007780
v -0.191524 -0.522971 -0.013094
v -0.071733 -0.520869 -0.009342
v 0.191653 -0.458062 -0.007312
v 0.050125 -0.432949 0.002655
v -0.047715 -0.392700 -0.014020
v 0.054840 -0.360885 0.000441
v 0.081172 -0.363594 -0.012378
v 0.089675 -0.367280 -0.011089
v -0.056411 -0.365997 -0.011530
v 0.146475 -0.346651 -0.015798
v 0.192904 -0.366600 -0.013119
v 0.132034 -0.318131 -0.018843
v -0.127247 -0.324210 -0.020589
v -0.144184 -0.320393 -0.014260
v -0.088164 -0.310937 -0.009372
v -0.113871 -0.281680 -0.021437
v 0.148108 -0.266023 -0.013676
v -0.152407 -0.273498 -0.010790
v -0.070009 -0.169083 -0.015156
v -0.058100 -0.093013 -0.012448
v 0.162171 -0.099598 -0.016016
v -0.165391 -0.064398 -0.014244
v 0.157339 -0.014752 -0.016422
v 0.162703 -0.006597 -0.019144
v -0.044583 0.035523 -0.014831
v 0.038547 0.036474 -0.012525
v 0.143493 0.182162 -0.000582
v 0.083771 0.311141 -0.011332
v -0.086006 0.334861 -0.013249
v 0.080367 0.333579 -0.013958
v -0.100510 0.349843 -0.014116
v 0.102339 0.351119 -0.010380
v -0.108057 0.368002 -0.007636
v -0.166178 0.516532 -0.006391
v 0.169607 0.521495 -0.002738
v 0.484470 0.531204 -0.015871
v 0.274857 0.540047 -0.017873
v 0.594538 0.552979 -0.012362
v -0.791277 0.555518 -0.016102
v -0.702667 0.547786 -0.008046
v -0.482079 0.543940 -0.014081
v 0.480891 0.544289 -0.014982
v 0.757905 0.553636 -0.013330
v -0.688292 0.555807 -0.014353
v -0.450117 0.556275 -0.018359
v -0.451352 0.567754 -0.021636
v -0.426625 0.548540 -0.013066
v -0.410601 0.554648 -0.018572
v 0.406960 0.551542 -0.017211
v 0.447346 0.549122 -0.014902
v 0.673429 0.562040 -0.011318
v -0.481075 0.572021 -0.021491
v -0.612554 0.562880 -0.014038
v -0.392974 0.578912 -0.019503
v 0.673744 0.573050 -0.013813
v 0.698083 0.580833 -0.016870
v -0.833255 0.571450 -0.019924
v -0.483619 0.582033 -0.019226
v 0.390737 0.590183 -0.016349
v -0.757979 0.581666 -0.014448
v -0.352063 0.598181 -0.014861
v -0.488040 0.591147 -0.017038
v -0.520012 0.604385 -0.019102
v -0.557066 0.599778 -0.014859
v 0.554397 0.601857 -0.013256
v 0.287563 0.618023 -0.005051
v -0.283115 0.625167 -0.011975
v 0.273941 0.630674 -0.014004
v 0.275135 0.638397 -0.014193
v -0.125610 0.676164 -0.019913
v -0.131206 0.672565 -0.013975
v 0.249841 0.669920 -0.012066
v 0.134498 0.679480 -0.016715
v -0.119694 0.710693 -0.009048
v -0.034974 0.692604 -0.021576
v 0.113374 0.768408 -0.015240
v 0.109855 0.826657 0.001311
v -0.094901 0.897836 0.013206
v 0.136734 -0.955801 -0.016798
v -0.146868 -0.956360 -0.014394
v -0.153397 -0.941049 -0.016404
v 0.116394 -0.928818 -0.011036
v 0.177614 -0.937538 -0.004823
v -0.182543 -0.928067 -0.007294
v 0.179822 -0.924318 -0.007707
v 0.111001 -0.874904 -0.005208
v 0.178741 -0.871358 -0.009675
v 0.112218 -0.868160 -0.010428
v -0.170695 -0.835377 -0.011957
v 0.171481 -0.820294 -0.013429
v 0.169308 -0.804726 -0.004663
v -0.136008 -0.793189 -0.012926
v 0.134566 -0.794964 -0.014769
v 0.152886 -0.793942 -0.014338
v 0.122518 -0.784237 -0.008362
v -0.142443 -0.769077 -0.015189
v -0.170556 -0.742978 -0.009133
v 0.172890 -0.740704 -0.005963
v 0.109464 -0.724545 -0.006442
v -0.102350 -0.672947 -0.006561
v 0.076820 -0.528940 -0.010537
v -0.079615 -0.525977 -0.012292
v 0.195698 -0.514419 -0.013046
v 0.065031 -0.456252 0.007942
v -0.059857 -0.442231 -0.006894
v -0.092567 -0.367737 -0.012949
v -0.086155 -0.365435 -0.008160
v -0.086278 -0.341727 -0.004728
v -0.174661 -0.345443 -0.007632
v -0.155124 -0.346926 -0.010514
v 0.156258 -0.345906 -0.009388
v 0.101339 -0.325344 -0.015308
v 0.147975 -0.322661 -0.010991
v -0.149358 -0.336405 -0.009677
v 0.089638 -0.287507 -0.011393
v -0.162899 -0.205168 -0.009967
v 0.060311 -0.194670 -0.005536
v 0.158509 -0.225460 -0.009154
v 0.169102 -0.153814 -0.006798
v -0.168859 -0.119618 -0.011731
v 0.055030 -0.139419 -0.007961
v 0.052431 -0.061884 -0.012076
v -0.176709 -0.031251 -0.014238
v -0.038063 -0.000904 -0.003960
v -0.175753 0.066753 -0.004796
v -0.037697 0.018702 -0.011686
v -0.026936 0.045889 -0.009840
v 0.019481 0.052064 -0.014929
v 0.177093 0.034366 -0.006318
v -0.112308 0.243953 -0.007244
v 0.108309 0.264728 0.007041
v -0.109882 0.282746 -0.006215
v -0.103915 0.308348 -0.002870
v -0.094859 0.332309 -0.011546
v 0.145913 0.495442 0.000658
v -0.528475 0.531858 -0.009944
v 0.518206 0.531091 -0.010820
v -0.265711 0.534524 -0.010542
v 0.305277 0.533240 -0.006087
v -0.589244 0.547244 -0.010212
v -0.826677 0.560230 -0.013314
v 0.717058 0.547182 -0.007842
v 0.797210 0.555976 -0.015893
v -0.386005 0.550480 -0.010328
v -0.406215 0.539568 -0.005585
v 0.672209 0.564843 -0.012314
v -0.675072 0.570438 -0.013904
v -0.774308 0.576632 -0.012169
v -0.737079 0.592942 -0.011362
v -0.400940 0.594712 -0.011946
v 0.711028 0.591152 -0.013168
v 0.737012 0.593916 -0.010975
v -0.485719 0.596227 -0.011122
v -0.474625 0.603536 -0.006132
v -0.438483 0.597587 -0.015364
v 0.433178 0.603886 -0.007508
v 0.346864 0.602665 -0.011215
v 0.526961 0.613645 -0.014997
v -0.503963 0.617955 -0.014676
v -0.290675 0.618811 -0.000799
v -0.542450 0.613278 -0.012362
v 0.488314 0.618347 -0.013862
v -0.260858 0.632177 -0.003483
v -0.248120 0.652330 -0.004496
v -0.211996 0.682372 -0.004531
v -0.055175 0.688416 -0.014903
v -0.053071 0.700389 -0.021598
v -0.036506 0.710429 -0.017349
v -0.043829 0.714302 -0.014231
v 0.119673 0.716400 -0.013787
v 0.117331 0.750680 -0.003278
v -0.169375 -0.954059 -0.009589
v -0.122706 -0.956179 -0.001101
v 0.119557 -0.956777 -0.004151
v -0.188181 -0.906706 0.000836
v -0.115992 -0.925140 -0.003287
v 0.112436 -0.900596 -0.007642
v -0.116209 -0.835364 -0.001580
v 0.119453 -0.804207 -0.006527
v -0.175732 -0.812270 -0.002510
v -0.159586 -0.795702 -0.011010
v -0.124750 -0.780105 -0.006163
v -0.113934 -0.727681 -0.005980
v 0.094093 -0.661232 -0.003707
v -0.086268 -0.612255 -0.002824
v 0.067995 -0.527191 -0.004080
v -0.193376 -0.440018 -0.001869
v -0.201860 -0.421975 0.000092
v -0.053345 -0.438374 0.003187
v 0.044360 -0.387566 0.008817
v -0.084291 -0.353004 -0.001522
v -0.062150 -0.356175 -0.002410
v 0.087778 -0.345671 -0.005199
v 0.154224 -0.341019 -0.005921
v -0.077796 -0.250985 -0.007521
v 0.071922 -0.262430 -0.002068
v 0.045340 -0.098698 -0.001945
v -0.199678 -0.102772 -0.006854
v 0.170335 -0.056425 -0.005580
v -0.171180 -0.038092 -0.006792
v -0.185782 -0.038485 -0.008450
v 0.168786 -0.003350 -0.009957
v 0.042467 -0.016709 -0.008776
v 0.185978 0.022073 0.000949
v 0.027296 0.014629 -0.002075
v -0.010391 0.055983 -0.003441
v 0.167078 0.105084 0.006330
v -0.145539 0.195326 0.005718
v 0.095728 0.266501 -0.005960
v 0.108864 0.276750 -0.006673
v 0.098415 0.312324 -0.004439
v -0.108691 0.326605 -0.002506
v -0.097484 0.339789 -0.008137
v 0.110593 0.369722 -0.002353
v -0.487139 0.524058 -0.004716
v -0.193312 0.532788 -0.003168
v 0.209807 0.535855 -0.008129
v 0.264249 0.532359 -0.007340
v 0.598194 0.545977 -0.007129
v -0.473352 0.537166 -0.006966
v 0.421718 0.545996 -0.010625
v 0.696189 0.547901 -0.006664
v 0.672144 0.554174 -0.003246
v 0.645104 0.558680 -0.009454
v 0.832957 0.570976 -0.008545
v 0.652198 0.574824 -0.011561
v -0.654625 0.584940 -0.011016
v -0.653963 0.559619 -0.009834
v -0.673338 0.583861 -0.011838
v 0.828930 0.576720 -0.010296
v -0.828560 0.574842 -0.011875
v 0.650426 0.590626 -0.009361
v 0.678075 0.586956 -0.008475
v 0.785810 0.574764 -0.012857
v -0.652906 0.593503 -0.007424
v 0.662184 0.593041 -0.006310
v -0.709022 0.591945 -0.011416
v 0.470489 0.599782 -0.008920
v -0.401040 0.602931 -0.002355
v 0.457744 0.603428 -0.005977
v 0.484425 0.600819 -0.007923
v -0.476288 0.619216 -0.009553
v -0.121375 0.667697 -0.014978
v -0.120134 0.672606 -0.017979
v -0.149497 0.683573 -0.003677
v 0.118442 0.671949 -0.010600
v 0.119264 0.681550 -0.015446
v -0.048851 0.682578 -0.010357
v 0.047130 0.694857 -0.014562
v 0.045697 0.689060 -0.017274
v 0.053606 0.689059 -0.015161
v -0.041343 0.705542 -0.004611
v -0.115044 0.764435 -0.010853
v 0.094430 0.891733 0.008305
v 0.028134 0.938348 0.011479
v 0.178079 -0.956788 0.000783
v 0.111632 -0.936228 0.003670
v -0.112871 -0.884266 -0.001126
v 0.111545 -0.836639 0.000367
v 0.178000 -0.837705 -0.003295
v -0.116482 -0.809792 0.001688
v -0.179860 -0.701607 -0.005906
v -0.196167 -0.617225 0.004781
v -0.080786 -0.572418 -0.005780
v 0.197523 -0.540909 0.004428
v 0.071641 -0.543241 0.004505
v -0.202842 -0.384393 0.017361
v -0.183201 -0.350568 0.004193
v -0.159390 -0.344139 0.003175
v 0.177313 -0.348249 0.002218
v 0.160146 -0.296068 0.000057
v -0.053418 -0.137036 -0.003289
v -0.057021 -0.191194 0.001691
v 0.178781 -0.121028 0.004646
v -0.215091 -0.110512 -0.000764
v -0.178672 -0.025951 -0.003858
v 0.169278 -0.009702 -0.002782
v -0.030363 0.031183 -0.000720
v 0.007457 0.055855 -0.002381
v -0.123651 0.241140 0.005918
v -0.123076 0.258023 -0.000756
v 0.101112 0.325812 -0.001388
v 0.098191 0.336716 0.000229
v 0.125458 0.402986 0.006615
v -0.347957 0.534986 0.004021
v -0.290839 0.530326 -0.001406
v -0.223326 0.532703 -0.001379
v -0.580244 0.537302 -0.002630
v 0.480476 0.532978 -0.003671
v 0.474670 0.533142 -0.002233
v -0.443142 0.535990 -0.000500
v 0.403091 0.533141 0.004971
v -0.753066 0.552440 -0.009328
v -0.389269 0.538417 0.006220
v 0.386500 0.540005 0.004341
v -0.674605 0.557268 -0.007604
v -0.656494 0.548152 -0.002306
v 0.666330 0.550501 -0.004804
v -0.629341 0.548268 -0.004734
v -0.832933 0.569110 -0.005970
v -0.837755 0.574254 -0.008433
v -0.858295 0.587953 -0.001573
v -0.842814 0.583831 -0.004802
v 0.779219 0.584996 -0.005987
v 0.811165 0.582530 -0.005910
v -0.780293 0.583536 -0.006961
v -0.700774 0.590253 -0.003663
v -0.672328 0.595160 -0.003626
v -0.768385 0.594081 -0.000604
v 0.609493 0.601497 -0.003777
v -0.567597 0.604119 -0.007451
v -0.463278 0.605044 -0.000603
v 0.399432 0.601408 -0.004863
v -0.436932 0.607799 -0.000828
v -0.425858 0.605375 -0.000395
v 0.477659 0.606947 -0.008915
v -0.352692 0.607079 0.001050
v 0.566462 0.610037 0.001080
v -0.543480 0.618020 -0.000253
v 0.471175 0.620583 -0.004953
v 0.495535 0.623077 -0.004799
v 0.280349 0.635636 -0.001651
v 0.281518 0.642874 0.002362
v -0.113942 0.676601 -0.012660
v -0.119610 0.669791 0.003887
v 0.101510 0.680530 -0.008046
v 0.117984 0.671240 -0.002491
v 0.044620 0.682864 -0.011380
v 0.138952 0.688395 0.005488
v -0.107233 0.698589 -0.001012
v -0.045132 0.686369 0.000475
v -0.057843 0.691170 -0.002387
v 0.051785 0.696162 -0.011430
v -0.048652 0.711938 -0.004170
v -0.081935 0.916279 0.014898
v -0.043581 0.948274 0.006505
v -0.011389 0.955211 0.004959
v -0.182504 -0.955734 0.002769
v 0.108309 -0.925017 0.004420
v -0.108328 -0.872314 0.006632
v -0.188454 -0.844220 0.008182
v -0.183283 -0.828047 -0.002589
v 0.187712 -0.836772 0.008105
v -0.107252 -0.826372 0.003851
v 0.102726 -0.828704 0.006772
v 0.177542 -0.818362 0.003057
v -0.179294 -0.783548 0.005667
v 0.176467 -0.774414 0.003862
v -0.113858 -0.770479 0.003868
v -0.066173 -0.540186 0.010141
v -0.049450 -0.369662 0.008361
v -0.075346 -0.351880 0.002134
v 0.079106 -0.352507 0.000334
v -0.165234 -0.260328 0.002209
v 0.174816 -0.185274 0.006352
v -0.177077 -0.125191 -0.001307
v -0.217701 -0.143246 0.007035
v -0.178007 -0.044601 0.002821
v 0.035325 -0.047553 0.003184
v -0.198754 -0.009706 0.006538
v 0.021707 -0.000665 0.013227
v 0.186099 0.007474 0.003125
v 0.022137 0.033173 0.006617
v 0.126211 0.229215 0.005437
v -0.118650 0.247943 0.002197
v 0.113641 0.273842 0.009950
v -0.125976 0.273928 0.010787
v -0.114329 0.296810 -0.000461
v -0.116382 0.352694 0.007816
v 0.136074 0.454799 0.002156
v -0.148433 0.497877 0.008926
v -0.527146 0.524930 0.002105
v -0.481988 0.530823 0.001019
v 0.578432 0.534607 0.001410
v 0.521002 0.524673 0.001464
v 0.195410 0.531881 0.010957
v 0.435951 0.534680 0.003636
v -0.675156 0.551564 0.006452
v 0.664186 0.547341 -0.000147
v 0.773224 0.562027 -0.003690
v -0.802354 0.565051 -0.003269
v -0.773026 0.561549 -0.004885
v 0.823575 0.566787 -0.003893
v 0.825517 0.566735 -0.006542
v -0.826585 0.567272 -0.004391
v -0.856642 0.573769 0.000953
v 0.855351 0.575052 -0.000170
v 0.853873 0.587069 -0.002408
v -0.784749 0.588778 0.001090
v 0.747301 0.593936 -0.001977
v 0.765277 0.594110 -0.001023
v -0.710354 0.597685 0.008479
v -0.681622 0.595053 0.007179
v 0.656009 0.598953 0.001265
v 0.700563 0.592345 0.001653
v -0.743608 0.598875 0.004088
v 0.718154 0.597733 0.012158
v 0.436433 0.609459 0.004951
v 0.463613 0.607559 0.000513
v -0.466616 0.611923 0.005647
v -0.329016 0.621016 0.009313
v 0.532988 0.619927 0.002509
v -0.490254 0.624596 0.003074
v 0.286789 0.630189 0.007847
v 0.254402 0.674012 0.005654
v -0.099780 0.673619 -0.002770
v -0.098503 0.679323 -0.004801
v 0.101695 0.673758 -0.007418
v -0.054985 0.683030 -0.003712
v 0.054723 0.682223 -0.003561
v 0.104345 0.692362 -0.004947
v 0.057929 0.689380 0.002783
v 0.228063 0.691108 0.010986
v 0.039666 0.699188 -0.005666
v 0.199481 0.699740 0.008136
v 0.109727 0.704542 -0.002975
v -0.120831 0.757335 0.002242
v 0.112478 0.772653 0.006566
v -0.108615 0.856035 0.021664
v 0.009578 0.952897 0.021039
v -0.182099 -0.956701 0.010694
v 0.106088 -0.900795 0.008806
v 0.191397 -0.886637 0.005748
v 0.107298 -0.815202 0.010793
v 0.108803 -0.778331 0.006306
v 0.184181 -0.718165 0.007482
v 0.189714 -0.640085 0.001586
v 0.197092 -0.591800 0.008890
v -0.073779 -0.550050 0.009954
v 0.204089 -0.535813 0.006347
v -0.198437 -0.472962 0.012560
v -0.043719 -0.390530 0.014586
v 0.203348 -0.384617 0.014986
v 0.187859 -0.357041 0.010686
v 0.166094 -0.347594 0.002773
v 0.071866 -0.306008 0.007505
v 0.168315 -0.252140 0.007840
v -0.172954 -0.202177 0.002406
v -0.225311 -0.140479 0.011273
v -0.225658 -0.125932 0.013097
v -0.193107 -0.046998 0.001795
v 0.183346 -0.079117 0.014889
v 0.174874 -0.002967 0.007780
v 0.176374 0.003448 0.006203
v -0.022031 0.007771 0.013999
v -0.022088 0.036604 0.006823
v -0.123620 0.292258 0.010067
v -0.116369 0.304584 0.015764
v 0.109693 0.309162 0.007137
v -0.109524 0.341094 0.012884
v 0.483945 0.520653 0.008594
v 0.236708 0.529328 0.007151
v -0.423502 0.536811 0.007515
v 0.423573 0.536378 0.008211
v 0.630351 0.540662 0.006755
v 0.708167 0.547435 0.009062
v 0.835171 0.587082 0.001731
v 0.781467 0.588887 0.001449
v -0.753626 0.596969 0.011657
v 0.678139 0.597894 0.013068
v -0.660471 0.601640 0.008771
v 0.652176 0.606589 0.011612
v 0.671463 0.601007 0.009675
v 0.708810 0.598163 0.008653
v 0.742704 0.599821 0.004674
v -0.653750 0.603255 0.004945
v -0.575135 0.609769 0.010222
v 0.329291 0.620883 0.013806
v 0.352448 0.608324 0.005273
v 0.093373 0.676086 0.000491
v -0.053552 0.676521 -0.001089
v -0.182182 0.689195 0.001382
v 0.046745 0.716419 0.007345
v -0.108058 0.706292 0.002368
v 0.112697 0.729640 0.000884
v -0.120352 0.735251 0.004241
v 0.142110 -0.955933 0.008130
v 0.162805 -0.956076 0.019334
v 0.188925 -0.956691 0.023944
v -0.193678 -0.929539 0.014164
v 0.190083 -0.899570 0.008982
v -0.198971 -0.893145 0.015928
v 0.104423 -0.872962 0.008712
v 0.187913 -0.843895 0.013728
v -0.192590 -0.837547 0.014157
v -0.185050 -0.823147 0.012785
v -0.107244 -0.777948 0.017101
v -0.191128 -0.695915 0.014206
v 0.101216 -0.731869 0.010921
v 0.077301 -0.596256 0.004886
v -0.200997 -0.594865 0.015800
v -0.072462 -0.559139 0.021966
v -0.200641 -0.544526 0.009873
v 0.062468 -0.548392 0.018317
v -0.066558 -0.479771 0.024830
v -0.065925 -0.459780 0.024473
v 0.203680 -0.419484 0.015924
v 0.074694 -0.347660 0.009930
v -0.166384 -0.347773 0.011794
v 0.161291 -0.342546 0.006068
v -0.166937 -0.287347 0.011071
v -0.070688 -0.284829 0.003890
v -0.213074 -0.137707 0.007394
v -0.185305 -0.094885 0.013265
v -0.033086 -0.066872 0.013720
v -0.188968 -0.035307 0.003967
v -0.183602 -0.032154 0.003917
v 0.179661 -0.026549 0.014020
v 0.192726 0.019489 0.025068
v -0.006484 0.057971 0.008391
v 0.147561 0.193896 0.022600
v 0.123532 0.280086 0.014229
v 0.103013 0.313605 0.006666
v -0.121006 0.332568 0.019907
v 0.107920 0.343928 0.016169
v 0.116323 0.354645 0.015151
v 0.115588 0.370179 0.015678
v -0.127099 0.402323 0.008437
v -0.133368 0.449393 0.009544
v -0.280946 0.525848 0.017589
v 0.275679 0.526748 0.011508
v 0.480821 0.528414 0.008352
v -0.615728 0.536768 0.013728
v -0.665696 0.544943 0.005471
v 0.719880 0.552758 0.018588
v 0.749329 0.562159 0.019913
v -0.775810 0.561981 0.001812
v -0.833811 0.566567 0.003531
v -0.820325 0.585861 0.008556
v 0.749973 0.596487 0.008404
v 0.419191 0.608750 0.014589
v 0.574330 0.610160 0.013356
v -0.566200 0.615529 0.015279
v -0.470063 0.625054 0.022704
v 0.468365 0.625133 0.008546
v 0.521871 0.623071 0.016420
v -0.238016 0.669881 0.016659
v 0.096556 0.673804 0.005706
v -0.143559 0.681725 0.011543
v -0.058225 0.676543 -0.000073
v 0.043193 0.682641 0.002798
v 0.053842 0.671943 0.001770
v 0.094309 0.687730 0.001526
v -0.100082 0.692405 0.002499
v 0.102014 0.694228 0.000663
v 0.039609 0.706931 0.002830
v 0.163479 0.698215 0.011598
v -0.045770 0.722904 0.006992
v -0.058521 0.704477 0.014075
v -0.112964 0.797607 0.010065
v 0.107209 0.801295 0.018634
v 0.084161 0.909097 0.018399
v 0.046038 0.938160 0.021183
v -0.159416 -0.955015 0.008322
v -0.150995 -0.954622 0.008658
v 0.138476 -0.955664 0.015064
v 0.112978 -0.955127 0.014692
v 0.195303 -0.924823 0.026913
v 0.106955 -0.842258 0.014868
v 0.189071 -0.851276 0.016896
v -0.109727 -0.843056 0.016680
v 0.187891 -0.825964 0.032705
v 0.182359 -0.785605 0.018473
v -0.103214 -0.724296 0.012782
v 0.190788 -0.676654 0.017834
v -0.079729 -0.611397 0.022320
v 0.063624 -0.522701 0.015236
v -0.195701 -0.437629 0.029926
v -0.069628 -0.348320 0.016339
v -0.061461 -0.326612 0.024056
v 0.050283 -0.209588 0.013222
v -0.184513 -0.164535 0.019436
v 0.037706 -0.127127 0.014472
v -0.043489 -0.159423 0.016786
v -0.186249 -0.018483 0.005913
v -0.180358 -0.023171 0.010733
v 0.025874 -0.048450 0.017349
v 0.003279 0.056612 0.014485
v -0.134685 0.254033 0.015476
v -0.118093 0.371103 0.011737
v -0.137957 0.457589 0.014074
v 0.135275 0.463573 0.026471
v -0.522412 0.522179 0.018948
v -0.177238 0.526453 0.013182
v 0.174891 0.526258 0.012549
v 0.540213 0.525144 0.013024
v -0.197112 0.531934 0.017087
v 0.402033 0.529822 0.020734
v -0.708408 0.548021 0.019258
v 0.670031 0.549987 0.020224
v -0.666522 0.545237 0.027019
v 0.693655 0.546926 0.017358
v -0.796603 0.565254 0.007090
v -0.776243 0.564971 0.010133
v 0.805225 0.565790 0.006831
v 0.844240 0.571579 0.008197
v -0.855016 0.585718 0.010704
v 0.850325 0.586820 0.014886
v -0.704125 0.596007 0.022568
v -0.673531 0.602239 0.023472
v -0.438784 0.612280 0.021884
v -0.418335 0.608326 0.015367
v 0.458704 0.608072 0.009187
v 0.462595 0.611117 0.015037
v -0.294659 0.621259 0.017111
v 0.295261 0.621813 0.011517
v 0.283106 0.644718 0.014795
v -0.054103 0.666146 0.011744
v 0.114112 0.669669 0.021009
v -0.087638 0.679119 0.003395
v 0.051284 0.663657 0.017394
v 0.086635 0.680378 0.000039
v -0.090654 0.688332 0.005501
v 0.079156 0.683809 0.005079
v 0.079810 0.678772 0.003841
v -0.067091 0.689900 0.012167
v 0.103824 0.693804 0.006128
v 0.090570 0.686208 0.011923
v -0.193536 0.688122 0.014355
v -0.106774 0.698885 0.009316
v 0.101935 0.701272 0.005558
v 0.095134 0.703483 0.003131
v 0.109249 0.764369 0.012659
v 0.063859 0.929860 0.025923
v -0.140277 -0.956259 0.026369
v -0.112987 -0.924353 0.020609
v 0.107323 -0.899677 0.022526
v -0.187920 -0.791613 0.024939
v 0.093552 -0.695373 0.018620
v 0.200293 -0.551911 0.020238
v -0.210492 -0.545566 0.027113
v 0.202177 -0.498514 0.028140
v 0.166498 -0.350496 0.018562
v -0.165492 -0.346419 0.019979
v 0.173091 -0.252873 0.021593
v -0.059643 -0.255058 0.015441
v -0.180588 -0.209885 0.021910
v -0.198448 -0.043455 0.017512
v -0.187115 -0.043716 0.023459
v -0.188821 -0.033573 0.012612
v -0.211307 -0.039954 0.026971
v -0.190351 -0.023280 0.013846
v -0.014068 0.030303 0.027194
v 0.185546 0.045362 0.026733
v -0.192280 0.040841 0.021371
v 0.012769 0.029631 0.025216
v -0.175483 0.112343 0.020713
v -0.126231 0.248577 0.013472
v 0.127020 0.281422 0.028392
v -0.121020 0.296644 0.019309
v 0.112536 0.327167 0.018809
v 0.106097 0.338441 0.020607
v -0.486077 0.520490 0.017453
v 0.507559 0.521536 0.022878
v -0.482795 0.528476 0.016838
v -0.263742 0.526309 0.026765
v 0.353134 0.534009 0.018478
v -0.437492 0.533137 0.021032
v 0.450466 0.531011 0.019872
v 0.480410 0.528878 0.021017
v -0.404447 0.530434 0.019254
v 0.389407 0.536212 0.025412
v 0.608487 0.535992 0.017571
v 0.662732 0.542984 0.022045
v -0.741121 0.560015 0.022252
v -0.767422 0.562936 0.019835
v 0.781362 0.570479 0.016197
v -0.845115 0.569588 0.007699
v -0.785828 0.586724 0.010254
v 0.780956 0.586570 0.009706
v 0.840169 0.585063 0.013293
v 0.765367 0.594973 0.013921
v 0.742299 0.603279 0.040335
v -0.653209 0.606476 0.022383
v -0.460835 0.608609 0.025085
v -0.353641 0.609092 0.015818
v 0.438848 0.611949 0.022909
v 0.561773 0.615868 0.023314
v -0.515099 0.623925 0.024231
v -0.286738 0.627108 0.031185
v -0.268673 0.632197 0.028173
v -0.121949 0.665851 0.030508
v -0.061266 0.666395 0.018886
v -0.089088 0.679564 0.011573
v 0.087709 0.678167 0.010300
v -0.218321 0.679870 0.027701
v -0.160033 0.686595 0.012826
v -0.115207 0.686689 0.023747
v 0.038259 0.690344 0.021721
v -0.040829 0.684198 0.027084
v 0.109700 0.695950 0.018204
v 0.113185 0.693324 0.021279
v -0.092892 0.701980 0.007708
v -0.097986 0.708939 0.003927
v 0.041340 0.720139 0.011349
v -0.113382 0.731625 0.008275
v -0.104915 0.727186 0.006288
v -0.088991 0.729626 0.014333
v 0.094548 0.739271 0.010705
v -0.064587 0.932042 0.032662
v -0.017623 0.954597 0.022848
v -0.164776 -0.955365 0.016501
v -0.118269 -0.956336 0.023478
v 0.158859 -0.946453 0.011402
v 0.191426 -0.956571 0.038529
v 0.149726 -0.943668 0.009857
v -0.192382 -0.954541 0.024728
v 0.197752 -0.909672 0.023822
v 0.104650 -0.888276 0.030935
v 0.200910 -0.887836 0.032752
v -0.101224 -0.835982 0.029848
v 0.192659 -0.834749 0.037689
v -0.104846 -0.803876 0.024006
v 0.101479 -0.772003 0.026243
v -0.092835 -0.677699 0.023871
v 0.199290 -0.590385 0.022478
v 0.069906 -0.561487 0.028708
v 0.208422 -0.545575 0.026412
v 0.065246 -0.457794 0.034203
v 0.193838 -0.439173 0.027812
v 0.046371 -0.374167 0.028775
v -0.055074 -0.358639 0.028688
v 0.067467 -0.348320 0.024246
v 0.068526 -0.331855 0.016285
v -0.066991 -0.348583 0.025540
v 0.061221 -0.299548 0.023037
v -0.175901 -0.254710 0.028171
v -0.190711 -0.105052 0.031005
v -0.017015 -0.015267 0.032554
v 0.178950 0.004296 0.018684
v -0.132185 0.240187 0.023199
v 0.118331 0.309296 0.025543
v 0.128943 0.452870 0.020127
v -0.360330 0.535321 0.026447
v 0.423296 0.538650 0.026556
v -0.646666 0.540339 0.023963
v -0.675843 0.551079 0.024901
v 0.766107 0.562653 0.015706
v -0.825387 0.575706 0.016169
v 0.825146 0.575023 0.016878
v -0.851464 0.579016 0.014742
v 0.847418 0.581020 0.014929
v -0.854206 0.586879 0.015705
v -0.822577 0.587288 0.015376
v 0.791061 0.591319 0.018536
v -0.746880 0.601827 0.023809
v -0.716121 0.600157 0.043751
v 0.346039 0.608536 0.029633
v 0.381404 0.608290 0.021121
v 0.288640 0.629732 0.021021
v 0.292266 0.622473 0.020947
v 0.283697 0.635795 0.024679
v -0.087662 0.673993 0.018448
v 0.044263 0.664953 0.029688
v 0.067063 0.685964 0.017708
v 0.098508 0.670967 0.022482
v 0.125597 0.678127 0.032172
v 0.113011 0.684727 0.026376
v -0.102874 0.692575 0.033487
v -0.082442 0.696756 0.023433
v 0.077757 0.704492 0.013390
v 0.086469 0.698669 0.013591
v 0.174093 0.696453 0.035265
v -0.082248 0.709527 0.015096
v 0.054100 0.714738 0.017085
v -0.042298 0.718853 0.022613
v -0.050748 0.726076 0.016762
v -0.097301 0.751834 0.015788
v -0.116769 0.764780 0.022082
v -0.116547 0.796572 0.032792
v -0.110993 0.822628 0.027983
v -0.160811 -0.956397 0.031796
v -0.142011 -0.945725 0.019719
v -0.161618 -0.933348 0.018501
v -0.156105 -0.925734 0.013642
v -0.147275 -0.927002 0.015064
v 0.154612 -0.925022 0.013892
v 0.144905 -0.926098 0.014999
v -0.201393 -0.924183 0.038338
v 0.097668 -0.836765 0.041104
v -0.107300 -0.818866 0.022882
v 0.099159 -0.803687 0.032488
v -0.101731 -0.729093 0.028417
v -0.193837 -0.688682 0.031732
v 0.074950 -0.599100 0.030035
v 0.051915 -0.440415 0.034831
v 0.047429 -0.425502 0.031421
v -0.046093 -0.416685 0.031599
v -0.203542 -0.404467 0.032164
v -0.188859 -0.360903 0.027465
v -0.045151 -0.379454 0.031082
v -0.225189 -0.110696 0.042892
v -0.191746 -0.023747 0.017488
v -0.184910 -0.032824 0.019989
v 0.192915 0.036462 0.042448
v -0.005216 0.050494 0.027117
v 0.119181 0.265718 0.031763
v -0.134859 0.248317 0.023056
v 0.112141 0.317934 0.025930
v -0.120729 0.314603 0.032718
v 0.115321 0.329218 0.029465
v -0.137527 0.468877 0.039968
v -0.420080 0.536814 0.026187
v -0.785004 0.570679 0.016579
v 0.810000 0.574835 0.016288
v -0.860382 0.578585 0.025605
v -0.867270 0.587156 0.021265
v 0.865161 0.583839 0.023282
v -0.863562 0.594638 0.022186
v 0.864017 0.595961 0.022224
v -0.810133 0.595699 0.025472
v -0.791725 0.596045 0.024351
v 0.846645 0.594553 0.023607
v -0.776260 0.600099 0.026519
v 0.776280 0.599238 0.026989
v 0.702407 0.596193 0.029994
v 0.751326 0.599198 0.022712
v 0.712319 0.599888 0.043278
v 0.656322 0.602598 0.021219
v -0.384354 0.607385 0.025677
v 0.458102 0.608008 0.027028
v -0.573661 0.609956 0.031272
v -0.104236 0.670507 0.021565
v 0.260332 0.667062 0.033117
v -0.100247 0.683737 0.022759
v 0.095481 0.681333 0.024200
v 0.066944 0.699624 0.015489
v 0.203716 0.696420 0.032445
v 0.076801 0.698732 0.018044
v 0.041365 0.725557 0.021727
v 0.081320 0.733427 0.018724
v -0.104993 0.757328 0.023566
v 0.101532 0.766040 0.019736
v 0.105571 0.805962 0.046369
v 0.140388 -0.955799 0.026330
v -0.162889 -0.947358 0.027287
v 0.144781 -0.924976 0.023951
v 0.161668 -0.950565 0.024731
v 0.154802 -0.923766 0.023999
v -0.158394 -0.924385 0.023349
v -0.147690 -0.924239 0.023417
v 0.110877 -0.931166 0.028982
v 0.107580 -0.848529 0.034456
v -0.205890 -0.885318 0.044424
v 0.100232 -0.744847 0.029849
v 0.200519 -0.554911 0.034070
v -0.064382 -0.552972 0.029467
v -0.052023 -0.438106 0.041988
v 0.198894 -0.417769 0.034482
v 0.202962 -0.394621 0.025005
v 0.193671 -0.373996 0.031189
v 0.055677 -0.359479 0.035442
v 0.182538 -0.361694 0.029612
v -0.180652 -0.358111 0.030486
v -0.170022 -0.305776 0.031344
v 0.059324 -0.333800 0.040340
v 0.167751 -0.341505 0.037498
v -0.053287 -0.253983 0.036277
v -0.043509 -0.189941 0.032904
v 0.055516 -0.284349 0.035629
v 0.035347 -0.149038 0.027697
v 0.182179 -0.179534 0.027968
v -0.227148 -0.143026 0.037622
v -0.230603 -0.137680 0.038982
v -0.220779 -0.139653 0.034677
v -0.214706 -0.113382 0.032528
v -0.026865 -0.091081 0.037091
v -0.193022 -0.033603 0.023398
v 0.183040 0.010926 0.038582
v 0.191152 0.014516 0.030703
v 0.009636 0.025100 0.036854
v -0.159464 0.175392 0.026895
v 0.146947 0.506844 0.024602
v -0.488312 0.523809 0.035498
v 0.484796 0.523297 0.033252
v 0.242133 0.529580 0.032852
v 0.290052 0.528881 0.034241
v -0.701862 0.540486 0.040371
v 0.763486 0.563738 0.037704
v 0.780877 0.567878 0.027447
v -0.825090 0.572124 0.026527
v -0.785930 0.567842 0.027627
v 0.820667 0.571949 0.027744
v 0.857882 0.578061 0.027576
v -0.866920 0.596667 0.028819
v -0.682388 0.594688 0.031449
v -0.467145 0.611672 0.027574
v -0.417095 0.607360 0.028803
v -0.349896 0.607970 0.029021
v 0.414039 0.605252 0.032363
v 0.572405 0.609693 0.029711
v 0.470863 0.622374 0.039897
v 0.500719 0.624087 0.032697
v -0.044183 0.664632 0.034737
v -0.096295 0.675920 0.024625
v 0.112129 0.667718 0.026519
v -0.077819 0.700305 0.020683
v -0.066941 0.673553 0.027191
v -0.163519 0.680703 0.035394
v 0.146247 0.686718 0.037013
v -0.116433 0.693215 0.027257
v -0.071980 0.705844 0.023865
v 0.072013 0.702045 0.022320
v -0.085720 0.721525 0.023933
v 0.083206 0.727346 0.026970
v -0.083761 0.739154 0.022755
v 0.046545 0.733610 0.020182
v -0.080016 0.746404 0.022891
v 0.105137 0.783091 0.034165
v 0.102861 0.864323 0.042222
v 0.117196 -0.956572 0.035672
v -0.147999 -0.942538 0.029590
v -0.155717 -0.937657 0.028689
v 0.149244 -0.947607 0.030635
v 0.200091 -0.922125 0.037389
v -0.107395 -0.887097 0.031793
v -0.192329 -0.822914 0.046628
v 0.102319 -0.825835 0.046466
v 0.184593 -0.784526 0.034537
v -0.200225 -0.607970 0.040535
v 0.194673 -0.643687 0.035063
v -0.202576 -0.554366 0.026136
v 0.170094 -0.357750 0.031926
v -0.170732 -0.354775 0.031399
v 0.188805 -0.107110 0.038669
v -0.201625 -0.039937 0.033872
v 0.188212 -0.035688 0.047130
v -0.190319 -0.023526 0.027585
v 0.008618 -0.004459 0.051967
v -0.135389 0.284059 0.032976
v -0.110542 0.342283 0.034985
v -0.117172 0.377725 0.035793
v 0.117036 0.440288 0.061015
v 0.125101 0.458935 0.037466
v -0.128192 0.457836 0.035245
v -0.148861 0.506367 0.025787
v 0.541238 0.527895 0.029438
v -0.601713 0.537247 0.029469
v -0.389955 0.538091 0.029633
v -0.197583 0.535689 0.033933
v 0.605105 0.538234 0.029395
v -0.650578 0.545670 0.035792
v 0.695900 0.541626 0.038333
v 0.724332 0.536739 0.050675
v -0.732810 0.551061 0.035284
v 0.672566 0.551038 0.032222
v 0.792153 0.594887 0.029388
v 0.671873 0.597860 0.038488
v 0.678564 0.597339 0.027460
v -0.659877 0.597998 0.039017
v 0.397326 0.603612 0.039740
v 0.296508 0.618670 0.030308
v 0.323912 0.619922 0.033378
v -0.292599 0.618290 0.035809
v -0.254100 0.650979 0.039201
v -0.055203 0.657257 0.030008
v 0.058174 0.658761 0.033564
v 0.118939 0.678748 0.032252
v 0.236675 0.681474 0.041699
v -0.102302 0.676531 0.033695
v -0.072542 0.688351 0.030485
v 0.120210 0.680844 0.037679
v -0.185790 0.681105 0.040307
v 0.071279 0.689876 0.031731
v 0.076704 0.695886 0.030621
v 0.079874 0.689229 0.033302
v 0.114997 0.688899 0.041751
v -0.069432 0.713036 0.023603
v -0.037997 0.702460 0.038624
v 0.068475 0.718464 0.027527
v -0.047071 0.734116 0.023298
v 0.060296 0.730032 0.023004
v -0.064452 0.731154 0.023726
v -0.049593 0.737193 0.017813
v 0.077211 0.746241 0.024415
v 0.081612 0.758485 0.024258
v -0.090838 0.762939 0.021315
v 0.088688 0.769545 0.026028
v 0.017395 0.943449 0.043397
v 0.157734 -0.956507 0.033642
v -0.117487 -0.930318 0.039708
v -0.105105 -0.824857 0.047755
v -0.102319 -0.810452 0.047933
v 0.093842 -0.696175 0.035546
v 0.064629 -0.505867 0.044432
v -0.199597 -0.473695 0.041490
v 0.174859 -0.367382 0.037347
v 0.065683 -0.349766 0.037621
v 0.024408 -0.100308 0.042592
v -0.191081 -0.039384 0.043742
v -0.187820 -0.034112 0.034244
v -0.197441 -0.022219 0.038943
v -0.190420 -0.024654 0.036908
v -0.009297 0.031613 0.044274
v 0.003463 0.043543 0.039723
v -0.193396 0.054309 0.042257
v 0.171562 0.121254 0.044178
v -0.136084 0.244016 0.035999
v -0.144900 0.248970 0.038069
v -0.140266 0.264292 0.039597
v 0.121816 0.273189 0.041446
v 0.107427 0.344304 0.033497
v 0.114293 0.354434 0.050169
v -0.116417 0.357741 0.042070
v -0.156242 0.525871 0.044940
v 0.148974 0.523234 0.047168
v -0.481917 0.533273 0.033122
v -0.405673 0.534612 0.047753
v -0.296053 0.530885 0.040344
v -0.182182 0.539852 0.050750
v 0.479614 0.534588 0.034469
v 0.454706 0.538806 0.037027
v 0.736880 0.556205 0.036052
v -0.766619 0.565692 0.050968
v -0.864125 0.584499 0.033924
v 0.864695 0.588259 0.032542
v 0.753839 0.596864 0.038603
v -0.399839 0.602902 0.041495
v 0.465472 0.606722 0.034934
v 0.624161 0.605250 0.034419
v 0.650913 0.599081 0.045309
v 0.550648 0.615844 0.037828
v -0.554739 0.616336 0.035833
v -0.323143 0.619563 0.036911
v 0.288539 0.621085 0.033939
v -0.493418 0.620883 0.047833
v 0.283812 0.638367 0.034313
v 0.095180 0.671934 0.031234
v 0.114828 0.668844 0.033193
v 0.106922 0.675227 0.042897
v 0.068494 0.676017 0.032388
v 0.034152 0.700820 0.039329
v 0.066465 0.707431 0.032559
v -0.071174 0.708762 0.031812
v -0.037970 0.714239 0.045144
v -0.044315 0.730949 0.037354
v -0.076194 0.690315 0.033700
v -0.071696 0.736601 0.028682
v -0.079883 0.742591 0.038675
v 0.040646 0.727531 0.039961
v 0.067439 0.744825 0.026819
v -0.065745 0.744013 0.025847
v 0.056324 0.741392 0.030696
v -0.067992 0.743488 0.031589
v -0.078211 0.750241 0.029246
v -0.090442 0.767786 0.030162
v -0.082103 0.906772 0.073491
v -0.045260 0.936886 0.069997
v 0.194779 -0.937874 0.040164
v -0.122393 -0.955169 0.041443
v 0.198435 -0.935678 0.046580
v 0.208849 -0.918440 0.060858
v -0.117530 -0.917179 0.040986
v -0.196172 -0.853419 0.039531
v -0.110863 -0.848891 0.039579
v 0.195144 -0.858708 0.043873
v 0.192146 -0.843878 0.048666
v -0.105196 -0.763397 0.039854
v -0.187506 -0.781532 0.044675
v -0.103000 -0.717587 0.048353
v 0.188577 -0.705984 0.039474
v -0.202373 -0.553807 0.036040
v -0.066899 -0.454000 0.049235
v 0.046898 -0.407252 0.060423
v 0.194204 -0.390785 0.045541
v 0.172374 -0.275109 0.046415
v 0.176508 -0.239810 0.049711
v 0.042897 -0.208202 0.044502
v -0.219340 -0.133379 0.055462
v -0.212608 -0.034584 0.045085
v -0.177537 0.128079 0.051524
v 0.148544 0.200952 0.047198
v -0.128187 0.286424 0.041297
v 0.121557 0.308497 0.044822
v -0.124292 0.335873 0.045888
v 0.110880 0.336688 0.045920
v -0.115184 0.338378 0.035561
v 0.111521 0.376231 0.045714
v 0.149356 0.515678 0.062869
v 0.241918 0.535148 0.048276
v 0.189682 0.539264 0.040604
v -0.435965 0.547358 0.041998
v 0.361010 0.540710 0.037959
v -0.725037 0.538054 0.047596
v -0.666281 0.548726 0.039499
v 0.650571 0.547610 0.037347
v -0.676498 0.555899 0.042509
v -0.753958 0.561887 0.047717
v -0.783222 0.573023 0.039816
v 0.782630 0.573412 0.039268
v 0.814550 0.577243 0.041067
v -0.839379 0.579748 0.040160
v 0.839121 0.580013 0.041301
v -0.798904 0.590074 0.039332
v 0.856345 0.590348 0.036484
v -0.844559 0.589359 0.039747
v 0.837859 0.590900 0.035616
v 0.850945 0.587467 0.042070
v -0.769157 0.594558 0.040088
v 0.659860 0.591432 0.047654
v -0.467595 0.604766 0.035829
v -0.443319 0.604745 0.041625
v 0.525752 0.618730 0.044521
v 0.286468 0.623854 0.040792
v -0.245984 0.654009 0.051981
v -0.111548 0.665369 0.034839
v -0.061475 0.654929 0.043429
v -0.060604 0.695775 0.041889
v -0.083689 0.685889 0.037457
v 0.093599 0.682466 0.060422
v 0.060016 0.722445 0.042746
v -0.064050 0.731864 0.040130
v 0.066048 0.739214 0.033845
v -0.082802 0.757137 0.038802
v 0.079273 0.756253 0.039016
v -0.100627 0.771635 0.039748
v -0.112521 0.775414 0.036833
v 0.099471 0.856327 0.065273
v 0.090727 0.893363 0.054684
v -0.016163 0.948126 0.052245
v -0.194140 -0.954882 0.043748
v -0.158194 -0.956432 0.050710
v 0.162263 -0.956166 0.047715
v 0.180802 -0.956197 0.043153
v -0.199788 -0.935711 0.043897
v 0.117662 -0.924293 0.050994
v -0.210054 -0.925708 0.058697
v -0.196018 -0.833167 0.053081
v 0.104831 -0.756104 0.048477
v -0.187978 -0.732338 0.049263
v -0.092909 -0.665317 0.046908
v -0.079265 -0.589283 0.049792
v 0.196763 -0.583039 0.050870
v -0.073643 -0.560142 0.038174
v 0.063850 -0.548828 0.045962
v -0.208089 -0.540542 0.045469
v 0.206927 -0.539392 0.044660
v -0.068841 -0.487363 0.052089
v 0.192605 -0.430738 0.040829
v -0.191191 -0.378441 0.045512
v 0.186663 -0.377389 0.043110
v -0.176820 -0.371041 0.043895
v 0.065137 -0.355123 0.044723
v -0.066597 -0.353184 0.042346
v -0.059776 -0.327956 0.050483
v -0.184845 -0.191590 0.046102
v 0.184759 -0.167942 0.052280
v -0.004108 0.044225 0.043758
v -0.138878 0.235651 0.043026
v 0.128969 0.278850 0.052356
v -0.120294 0.433238 0.053827
v 0.135554 0.473307 0.052447
v -0.151539 0.523146 0.048970
v 0.514034 0.529992 0.040265
v -0.528677 0.533754 0.042638
v -0.241172 0.536216 0.051860
v 0.318928 0.538767 0.048115
v 0.559347 0.539383 0.042327
v 0.588591 0.543589 0.041449
v -0.350044 0.545050 0.047096
v -0.595207 0.544932 0.041547
v 0.436447 0.555357 0.045894
v -0.693974 0.545186 0.050393
v -0.812348 0.576418 0.040340
v -0.852749 0.585917 0.040809
v -0.704810 0.590807 0.045845
v 0.786005 0.590235 0.038512
v 0.679204 0.591661 0.041854
v -0.673873 0.593372 0.045164
v 0.732407 0.600417 0.046695
v -0.415407 0.594016 0.049187
v -0.344914 0.596873 0.048491
v 0.372839 0.596987 0.043019
v 0.439510 0.605733 0.038901
v -0.625168 0.603672 0.038083
v 0.594005 0.601046 0.046039
v -0.476600 0.617392 0.046137
v -0.287268 0.613043 0.048490
v 0.294008 0.614762 0.042439
v -0.519107 0.619092 0.046281
v -0.125835 0.656106 0.050443
v 0.102916 0.667072 0.038645
v 0.122775 0.674870 0.045993
v -0.209264 0.673522 0.049281
v -0.122489 0.678634 0.048373
v 0.121902 0.682051 0.052581
v 0.057040 0.692459 0.044183
v 0.101570 0.681965 0.067209
v -0.060106 0.709279 0.044322
v 0.056906 0.705453 0.048705
v 0.052788 0.729073 0.046053
v 0.077147 0.744519 0.041782
v 0.088901 0.776287 0.039035
v -0.107587 0.834505 0.072906
v -0.119829 -0.920759 0.055796
v 0.186639 -0.816844 0.054452
v 0.103969 -0.808376 0.057867
v 0.101867 -0.719672 0.049776
v 0.192819 -0.638654 0.047910
v -0.200722 -0.547333 0.048645
v -0.076335 -0.547713 0.055446
v -0.066950 -0.543689 0.051856
v -0.205742 -0.527619 0.057104
v 0.070327 -0.456509 0.063352
v -0.187311 -0.163955 0.057509
v -0.197789 -0.033384 0.047215
v 0.188105 0.050181 0.056742
v -0.138439 0.240695 0.048967
v 0.120894 0.267295 0.053491
v -0.141634 0.275200 0.058611
v 0.114652 0.316913 0.050621
v 0.116693 0.328009 0.060290
v 0.103846 0.340430 0.056793
v 0.171148 0.536205 0.047627
v -0.391041 0.547222 0.046046
v 0.346129 0.548394 0.049916
v 0.390189 0.544391 0.041830
v 0.666414 0.552077 0.043350
v 0.692115 0.546347 0.054154
v 0.673835 0.558175 0.044579
v 0.740306 0.546080 0.056795
v -0.682532 0.557172 0.048913
v 0.745161 0.560328 0.054095
v -0.805583 0.572003 0.054079
v -0.682763 0.588402 0.044395
v 0.702988 0.588956 0.048890
v 0.795093 0.590531 0.042118
v 0.837183 0.589882 0.042040
v -0.745865 0.599987 0.045344
v -0.652481 0.597890 0.044376
v 0.748512 0.596653 0.048102
v -0.370678 0.595555 0.045554
v 0.401931 0.593803 0.046018
v 0.456066 0.596072 0.047417
v 0.277708 0.627431 0.055921
v 0.278845 0.634373 0.055543
v 0.053432 0.649063 0.043981
v -0.041158 0.649492 0.051965
v -0.107947 0.659248 0.054997
v 0.119741 0.669144 0.046832
v -0.103144 0.667482 0.044476
v 0.119679 0.673106 0.048465
v 0.029541 0.665532 0.054439
v 0.079706 0.682763 0.040425
v 0.065229 0.696794 0.042067
v 0.035465 0.718736 0.043833
v -0.058397 0.727187 0.048563
v -0.063485 0.714963 0.050148
v -0.046051 0.720664 0.052906
v -0.053099 0.728453 0.046962
v 0.060715 0.740812 0.052749
v 0.061813 0.724553 0.050326
v -0.066784 0.745135 0.050681
v -0.090693 0.773698 0.038126
v 0.027713 0.933204 0.045330
v 0.188048 -0.945492 0.042554
v 0.120663 -0.935706 0.053919
v 0.116243 -0.852265 0.062233
v -0.119012 -0.889215 0.065055
v -0.106723 -0.839519 0.065681
v 0.181882 -0.770254 0.050889
v 0.088061 -0.641701 0.053082
v 0.080394 -0.590260 0.058196
v 0.072761 -0.552878 0.049424
v 0.197890 -0.545423 0.047817
v -0.192831 -0.423225 0.049385
v 0.190722 -0.420614 0.048978
v -0.046356 -0.396773 0.053374
v -0.192046 -0.396784 0.052134
v 0.049198 -0.386081 0.056613
v -0.056357 -0.368599 0.055882
v -0.171775 -0.376467 0.051681
v 0.066251 -0.349986 0.049000
v -0.164355 -0.342168 0.057714
v -0.171495 -0.284974 0.050319
v -0.038706 -0.170547 0.050815
v -0.191241 -0.112540 0.055265
v -0.204140 -0.048058 0.060436
v 0.006319 0.025900 0.059967
v 0.184128 0.010877 0.058873
v 0.004275 0.039614 0.052037
v -0.147630 0.244934 0.058418
v -0.119483 0.338914 0.053772
v -0.110888 0.377640 0.062881
v 0.110792 0.417072 0.066413
v -0.138447 0.477527 0.063345
v 0.125212 0.471163 0.056654
v -0.299505 0.538519 0.055641
v 0.206370 0.542889 0.050319
v 0.409232 0.539936 0.056479
v -0.207356 0.546732 0.055565
v -0.482355 0.546018 0.045750
v -0.428288 0.548855 0.047541
v 0.478740 0.550090 0.048697
v -0.629113 0.555449 0.046413
v -0.666915 0.562597 0.050308
v 0.651174 0.561860 0.048648
v -0.744063 0.555621 0.054262
v 0.780415 0.568763 0.050808
v -0.843976 0.575283 0.049624
v 0.846813 0.576293 0.049250
v -0.856364 0.580577 0.052354
v 0.857834 0.591547 0.052057
v -0.858209 0.594997 0.052461
v -0.837671 0.594096 0.051385
v -0.782953 0.594411 0.049479
v -0.770785 0.597262 0.051947
v 0.851725 0.594808 0.052828
v 0.768149 0.597046 0.050415
v -0.590716 0.600811 0.046397
v -0.468601 0.597781 0.044821
v 0.475224 0.601617 0.042037
v 0.635652 0.593357 0.048746
v 0.566518 0.604438 0.044424
v -0.546846 0.613058 0.046687
v -0.559196 0.604440 0.047369
v 0.342480 0.589081 0.054163
v 0.554403 0.609022 0.045172
v -0.312149 0.611560 0.056033
v 0.490115 0.619063 0.050656
v -0.268951 0.621739 0.057331
v 0.060706 0.657338 0.044804
v 0.102313 0.668206 0.051426
v 0.104961 0.661321 0.051632
v -0.029134 0.664966 0.057472
v -0.108952 0.673152 0.051057
v 0.111946 0.672723 0.056076
v -0.067373 0.696665 0.044563
v -0.123739 0.681796 0.058584
v -0.072475 0.755109 0.049340
v -0.074655 0.761070 0.045871
v 0.076157 0.767116 0.044982
v 0.092614 0.785831 0.054207
v -0.110153 0.796036 0.061009
v -0.111599 0.822622 0.058000
v -0.097504 0.880950 0.060978
v -0.103429 0.862309 0.058040
v 0.069183 0.919610 0.074201
v -0.063618 0.926514 0.067508
v 0.048326 0.931421 0.074162
v -0.130119 -0.955752 0.057469
v 0.128433 -0.955686 0.055752
v 0.177449 -0.940327 0.046602
v 0.187221 -0.938396 0.047504
v 0.211148 -0.896978 0.076060
v 0.191382 -0.831820 0.058389
v 0.182767 -0.705811 0.056308
v -0.189025 -0.671422 0.057230
v -0.196953 -0.534492 0.057986
v 0.059350 -0.442027 0.058294
v -0.191101 -0.422402 0.064158
v 0.050365 -0.424902 0.059860
v -0.188344 -0.416635 0.053303
v 0.056424 -0.368462 0.056507
v -0.051505 -0.388133 0.060905
v 0.169090 -0.384369 0.057528
v 0.173024 -0.386515 0.051805
v 0.163097 -0.339194 0.074099
v 0.165399 -0.306325 0.063475
v 0.056497 -0.277855 0.058115
v 0.048034 -0.225180 0.060578
v -0.227142 -0.145369 0.070562
v -0.219428 -0.143478 0.071396
v -0.229412 -0.136464 0.072733
v -0.191773 -0.044521 0.060039
v -0.189507 -0.029544 0.057920
v -0.198949 -0.024902 0.059720
v -0.191478 -0.022400 0.063332
v 0.195781 0.019234 0.054298
v -0.006800 0.043116 0.052794
v -0.157289 0.191054 0.057074
v -0.148514 0.218584 0.060069
v -0.141420 0.235855 0.057107
v -0.108370 0.343750 0.053777
v -0.110196 0.400919 0.070833
v -0.152810 0.520178 0.061602
v 0.156921 0.533526 0.052439
v 0.486395 0.539858 0.053476
v -0.239407 0.542367 0.059385
v 0.511125 0.544329 0.054005
v -0.489756 0.539150 0.052678
v 0.740259 0.538898 0.067782
v 0.382444 0.553069 0.047677
v -0.746610 0.540642 0.064863
v 0.666789 0.562823 0.050649
v -0.749172 0.560942 0.054769
v 0.763252 0.567867 0.057396
v -0.680360 0.578488 0.049577
v 0.794780 0.593789 0.052966
v -0.652615 0.590891 0.049558
v -0.419102 0.585359 0.050685
v 0.486207 0.602739 0.043670
v 0.484849 0.588171 0.051068
v -0.732141 0.593020 0.050309
v -0.485912 0.599416 0.045475
v 0.480407 0.612592 0.049335
v 0.281379 0.614058 0.055448
v 0.291102 0.610418 0.051944
v -0.280725 0.618620 0.052619
v 0.310912 0.610589 0.054703
v -0.056915 0.640919 0.055707
v 0.037756 0.648120 0.054602
v -0.083089 0.672002 0.059820
v 0.118729 0.659564 0.051080
v 0.135002 0.671181 0.051503
v 0.025802 0.697660 0.050400
v -0.029052 0.701526 0.049710
v 0.204812 0.681204 0.059348
v -0.063407 0.698910 0.054883
v 0.025723 0.705440 0.055012
v 0.035306 0.711879 0.055187
v 0.059530 0.710594 0.053396
v -0.058519 0.720931 0.056355
v 0.067906 0.752550 0.049913
v -0.084913 0.781423 0.048668
v 0.082347 0.783153 0.049020
v -0.171284 -0.940515 0.050559
v 0.125614 -0.942047 0.057784
v 0.156767 -0.942541 0.050214
v -0.195581 -0.936916 0.050014
v 0.166251 -0.938173 0.051639
v 0.175499 -0.938217 0.052600
v -0.178087 -0.937003 0.053371
v -0.127856 -0.938510 0.058582
v 0.206380 -0.929589 0.065264
v 0.124914 -0.931202 0.079781
v 0.117369 -0.887243 0.064396
v -0.195905 -0.850089 0.054533
v 0.187071 -0.841088 0.063834
v -0.119232 -0.854986 0.063373
v -0.109995 -0.762555 0.052592
v 0.175078 -0.771150 0.063043
v -0.091534 -0.626612 0.062107
v 0.194295 -0.531982 0.057604
v 0.067934 -0.530216 0.060149
v -0.194761 -0.462906 0.064707
v -0.070587 -0.357301 0.055611
v 0.071217 -0.357667 0.056179
v -0.053045 -0.241166 0.056745
v 0.030787 -0.136345 0.063071
v 0.188238 -0.117273 0.060561
v -0.024416 -0.087786 0.062207
v -0.212524 -0.037775 0.063769
v 0.186995 -0.047732 0.074982
v -0.012659 -0.011627 0.065139
v -0.197276 0.032349 0.073389
v -0.131888 0.278037 0.066061
v -0.121696 0.319453 0.059087
v 0.109239 0.354563 0.073927
v -0.127132 0.470395 0.057642
v -0.156337 0.536693 0.058315
v 0.289773 0.541438 0.057789
v -0.411153 0.542122 0.059927
v -0.306573 0.546331 0.063045
v -0.201811 0.549501 0.064322
v 0.712534 0.540357 0.069489
v -0.565688 0.555574 0.052424
v 0.199712 0.548797 0.063048
v 0.207702 0.547786 0.055977
v -0.481893 0.557619 0.051363
v 0.391784 0.562329 0.050963
v 0.402805 0.548250 0.057041
v 0.608635 0.566487 0.052127
v 0.421474 0.559072 0.059782
v -0.438606 0.571806 0.053427
v -0.754233 0.564970 0.063298
v -0.676556 0.568070 0.047278
v 0.675141 0.578054 0.049095
v -0.672144 0.584968 0.049559
v -0.653179 0.566474 0.049896
v 0.707346 0.568795 0.069506
v -0.705709 0.584847 0.054891
v -0.487843 0.585285 0.051822
v -0.484478 0.581135 0.053187
v -0.397310 0.585319 0.049417
v 0.378983 0.589455 0.054167
v 0.417013 0.583005 0.049999
v 0.428408 0.586089 0.054588
v 0.732277 0.594049 0.049591
v -0.749658 0.588309 0.060871
v -0.582726 0.592740 0.053420
v -0.379925 0.589398 0.054819
v 0.553380 0.595695 0.055108
v 0.790123 0.589547 0.060440
v 0.491117 0.600611 0.058066
v -0.496941 0.604463 0.056835
v -0.539004 0.597397 0.056518
v -0.526953 0.612853 0.052487
v -0.316802 0.599647 0.060315
v 0.524502 0.612505 0.052323
v 0.234742 0.665938 0.065074
v 0.256735 0.652371 0.061302
v -0.105850 0.667642 0.062889
v 0.168550 0.679105 0.061175
v 0.060341 0.698872 0.053083
v 0.054605 0.722423 0.057054
v -0.062693 0.740903 0.055322
v -0.077645 0.769691 0.053156
v 0.076697 0.786705 0.063967
v 0.027464 0.929518 0.062371
v -0.149789 -0.942009 0.054343
v 0.142354 -0.940427 0.054551
v 0.158655 -0.938021 0.055857
v 0.208259 -0.941155 0.072832
v -0.151780 -0.937630 0.056513
v -0.206115 -0.934937 0.062419
v -0.213577 -0.896871 0.079608
v -0.188306 -0.837958 0.070490
v -0.185789 -0.817830 0.069233
v 0.180560 -0.814444 0.068554
v -0.178179 -0.779150 0.067184
v -0.180283 -0.742829 0.062246
v 0.188811 -0.578857 0.068670
v 0.199252 -0.508975 0.063823
v -0.071385 -0.451969 0.062844
v -0.058376 -0.430944 0.067471
v 0.170298 -0.425379 0.053228
v 0.172240 -0.430555 0.060629
v 0.178817 -0.426165 0.052444
v -0.052368 -0.410876 0.068548
v 0.179803 -0.403690 0.054082
v 0.168560 -0.401627 0.053686
v 0.166142 -0.349771 0.078041
v -0.165945 -0.345985 0.081195
v 0.064016 -0.331705 0.064379
v -0.167582 -0.291337 0.063442
v -0.177239 -0.231929 0.061004
v -0.198050 -0.040349 0.063950
v -0.196099 -0.034337 0.056887
v -0.183755 0.096745 0.074008
v -0.005971 0.052364 0.060991
v 0.120577 0.306472 0.071594
v -0.120019 0.305353 0.089730
v 0.100899 0.343293 0.069435
v -0.110294 0.357793 0.072329
v -0.158591 0.529281 0.063397
v -0.722594 0.537559 0.065749
v -0.159307 0.546708 0.061151
v -0.490700 0.550226 0.058824
v -0.419785 0.551087 0.060419
v 0.488030 0.561949 0.062162
v 0.685863 0.562582 0.058627
v -0.692707 0.561199 0.061069
v -0.367625 0.564167 0.054077
v 0.374248 0.568323 0.052622
v -0.487555 0.563186 0.053205
v -0.428404 0.573071 0.060027
v -0.393645 0.568050 0.051640
v 0.437664 0.579305 0.053298
v -0.646454 0.577469 0.052251
v 0.484400 0.563438 0.052744
v 0.645323 0.576943 0.052215
v 0.805839 0.577634 0.061450
v 0.846710 0.578836 0.058807
v -0.841114 0.578279 0.059758
v -0.402664 0.570010 0.055447
v 0.392285 0.580672 0.048496
v 0.402292 0.577664 0.053818
v 0.408894 0.552516 0.056727
v -0.357389 0.575723 0.062215
v 0.356638 0.574692 0.061989
v 0.584650 0.587227 0.054741
v -0.703877 0.572066 0.065112
v -0.738711 0.586899 0.059808
v 0.733824 0.586142 0.059884
v -0.840474 0.589908 0.060608
v -0.493298 0.586625 0.063843
v 0.761299 0.592308 0.058666
v 0.514416 0.600284 0.057557
v 0.278481 0.607809 0.057150
v 0.036565 0.633267 0.066650
v 0.114099 0.649970 0.064070
v -0.235788 0.645100 0.072496
v -0.122413 0.665958 0.072997
v 0.104239 0.666391 0.062790
v -0.169386 0.659478 0.065115
v 0.122325 0.674376 0.059480
v -0.188480 0.663529 0.064229
v -0.016048 0.670338 0.060337
v 0.122740 0.674744 0.073524
v 0.044001 0.697810 0.065378
v 0.050268 0.699308 0.060226
v 0.057184 0.692857 0.058216
v -0.065760 0.707384 0.056936
v -0.075228 0.679086 0.066951
v 0.066809 0.693958 0.065839
v -0.020194 0.700832 0.059869
v -0.016570 0.694236 0.059410
v 0.063879 0.706855 0.058261
v -0.055630 0.716423 0.060076
v -0.054023 0.709540 0.063654
v -0.032154 0.705961 0.060843
v 0.044579 0.709956 0.062976
v -0.073104 0.716346 0.061922
v 0.063028 0.737289 0.057387
v -0.065825 0.744307 0.058164
v 0.069310 0.754170 0.059752
v -0.094381 0.786684 0.061938
v -0.077709 0.782220 0.060039
v -0.086366 0.785787 0.055326
v -0.103899 0.870916 0.061550
v 0.139757 -0.937697 0.060396
v -0.144529 -0.937253 0.060004
v -0.117410 -0.825428 0.074873
v -0.111405 -0.807557 0.067270
v 0.113898 -0.756069 0.061756
v -0.118464 -0.722185 0.069340
v 0.181964 -0.669889 0.062862
v 0.100352 -0.654991 0.068042
v -0.188640 -0.574850 0.073445
v -0.071427 -0.529406 0.063915
v -0.063439 -0.447443 0.069435
v 0.190595 -0.459415 0.072238
v 0.164301 -0.422388 0.067701
v 0.181028 -0.425554 0.067824
v -0.176097 -0.426605 0.055990
v -0.172840 -0.405116 0.054338
v -0.168549 -0.421206 0.059684
v -0.169599 -0.389359 0.058325
v 0.162253 -0.395480 0.067134
v -0.039265 -0.159597 0.070568
v 0.017477 -0.056805 0.069107
v -0.222797 -0.112897 0.074558
v -0.191585 -0.045276 0.067994
v 0.004115 0.054225 0.064337
v 0.176207 0.101257 0.072457
v -0.167041 0.160182 0.085875
v -0.122417 0.338399 0.068459
v -0.108681 0.337346 0.065785
v -0.105397 0.343848 0.064737
v -0.110418 0.425428 0.088473
v -0.121806 0.449967 0.074149
v -0.133357 0.476646 0.068562
v -0.144567 0.494981 0.082974
v -0.175050 0.556339 0.069647
v 0.160089 0.548784 0.061612
v 0.249028 0.546823 0.061451
v 0.310584 0.551944 0.065448
v -0.328120 0.560335 0.067311
v 0.188322 0.561888 0.073109
v 0.225434 0.553492 0.063696
v -0.771327 0.548420 0.069437
v -0.759841 0.559971 0.066979
v 0.711468 0.550926 0.076351
v 0.552496 0.575246 0.058751
v -0.491083 0.564941 0.062968
v 0.754505 0.562290 0.064648
v -0.753687 0.573605 0.062741
v -0.565205 0.581608 0.057562
v 0.767827 0.577949 0.063027
v -0.813457 0.579555 0.062088
v 0.490368 0.578966 0.063241
v -0.332511 0.577313 0.061848
v -0.784655 0.586504 0.062337
v 0.840201 0.588358 0.061408
v 0.323274 0.582484 0.063402
v -0.278464 0.605444 0.061841
v 0.296191 0.601571 0.066343
v -0.049644 0.636052 0.063185
v 0.053977 0.632631 0.069145
v 0.059485 0.643839 0.077820
v -0.061638 0.649733 0.066881
v 0.022155 0.643114 0.066288
v 0.102816 0.656826 0.062072
v 0.123584 0.645571 0.067958
v -0.078464 0.669965 0.066110
v -0.063504 0.659609 0.066387
v -0.053079 0.679818 0.067085
v -0.128856 0.672698 0.071815
v -0.101288 0.681693 0.071048
v 0.047909 0.661305 0.073772
v 0.003639 0.685494 0.064607
v 0.015042 0.697596 0.060760
v 0.030362 0.704504 0.068580
v -0.044242 0.712360 0.066768
v 0.074954 0.755598 0.068021
v -0.073832 0.753192 0.065010
v -0.074128 0.769119 0.065516
v -0.081186 0.788135 0.061435
v 0.097063 0.802987 0.068300
v -0.107431 0.803939 0.071081
v -0.131173 0.864405 0.065014
v -0.101491 0.862710 0.069721
v 0.041041 0.931183 0.074336
v 0.010848 0.941426 0.074323
v -0.214677 -0.941160 0.081349
v 0.125825 -0.938028 0.065142
v -0.208615 -0.926717 0.068678
v 0.193434 -0.863654 0.087870
v 0.111170 -0.838768 0.072714
v 0.176904 -0.821161 0.078993
v 0.118301 -0.786729 0.068592
v -0.121569 -0.777360 0.069191
v 0.117613 -0.732396 0.068267
v 0.170331 -0.729233 0.068627
v -0.180032 -0.687682 0.067494
v 0.080441 -0.526792 0.070010
v 0.187782 -0.523320 0.069048
v -0.191623 -0.518457 0.068207
v 0.194972 -0.508208 0.069361
v -0.074884 -0.448671 0.075031
v 0.062720 -0.446869 0.068891
v 0.187981 -0.424454 0.072847
v -0.176119 -0.429838 0.068776
v -0.059279 -0.389503 0.077154
v -0.065792 -0.370839 0.067405
v -0.077171 -0.365526 0.064271
v 0.072195 -0.367869 0.064416
v -0.066437 -0.333770 0.067234
v 0.061808 -0.271980 0.072466
v 0.167285 -0.263544 0.070502
v -0.061699 -0.264462 0.071885
v -0.186316 -0.121989 0.077499
v -0.207575 -0.090182 0.079414
v -0.188497 -0.043489 0.076308
v 0.158151 0.165757 0.084427
v 0.144397 0.210833 0.080498
v -0.141868 0.233016 0.073734
v 0.112279 0.314167 0.074838
v -0.122551 0.333981 0.079689
v 0.113050 0.334666 0.075911
v 0.118368 0.447868 0.077557
v 0.130729 0.475021 0.068910
v 0.141817 0.493343 0.084572
v -0.154066 0.527815 0.080016
v -0.267819 0.555573 0.068098
v 0.154906 0.547536 0.065442
v 0.762977 0.547474 0.067503
v -0.226118 0.555489 0.065974
v 0.218290 0.553685 0.064382
v 0.745576 0.567522 0.064874
v -0.725466 0.576191 0.065251
v 0.726956 0.568518 0.070112
v 0.297762 0.590894 0.066733
v 0.275267 0.615292 0.065287
v -0.266123 0.605684 0.070680
v 0.021778 0.627166 0.073643
v -0.027188 0.636141 0.068710
v 0.069875 0.654937 0.068678
v -0.111027 0.649554 0.068951
v -0.101836 0.653953 0.071789
v 0.005125 0.664882 0.062125
v 0.133900 0.645494 0.072400
v -0.208160 0.652614 0.073997
v 0.124298 0.658503 0.088870
v 0.091403 0.676875 0.070624
v 0.060976 0.660747 0.075402
v 0.005612 0.693434 0.068566
v -0.009547 0.693979 0.065704
v -0.076927 0.699700 0.071305
v 0.038476 0.705394 0.068987
v -0.082630 0.792049 0.068305
v -0.108012 0.797825 0.073388
v -0.132747 0.856951 0.069654
v -0.119846 0.866093 0.083615
v -0.109360 0.874262 0.071231
v -0.097946 0.885649 0.073404
v 0.188479 -0.942694 0.088264
v -0.132105 -0.938713 0.094099
v 0.128757 -0.843481 0.081673
v 0.208083 -0.886020 0.087355
v -0.191530 -0.852722 0.081856
v -0.128295 -0.846780 0.080950
v 0.168477 -0.775816 0.071140
v 0.124890 -0.765084 0.071513
v -0.171700 -0.721147 0.071475
v -0.095276 -0.596620 0.075927
v -0.083124 -0.524616 0.071825
v -0.197265 -0.502482 0.072081
v 0.192876 -0.492748 0.075275
v 0.057743 -0.423752 0.073129
v -0.166943 -0.427689 0.071295
v 0.175581 -0.428741 0.071674
v -0.162585 -0.423241 0.076054
v 0.160145 -0.388515 0.089772
v 0.062435 -0.382512 0.076955
v 0.079034 -0.371963 0.072848
v 0.078972 -0.345560 0.079620
v -0.161050 -0.339394 0.068801
v -0.057747 -0.231476 0.076229
v 0.054392 -0.214229 0.082114
v -0.177098 -0.201842 0.076655
v 0.179447 -0.157630 0.079757
v -0.209579 -0.045678 0.085198
v -0.014911 -0.013549 0.080963
v -0.197776 -0.031217 0.071750
v 0.179596 0.010981 0.092905
v 0.189796 0.016234 0.092520
v -0.009986 0.048233 0.075711
v 0.192381 0.031307 0.087971
v 0.187392 0.045217 0.084015
v -0.002469 0.058120 0.072120
v -0.146593 0.242476 0.085792
v 0.127809 0.275727 0.083120
v -0.134230 0.463939 0.088239
v -0.157038 0.543750 0.074771
v 0.153938 0.536604 0.075065
v -0.716007 0.542869 0.073575
v -0.239787 0.562028 0.069263
v 0.152977 0.555191 0.068532
v 0.159825 0.556917 0.066617
v 0.257535 0.566399 0.069840
v 0.297397 0.569667 0.068988
v -0.786179 0.554629 0.075307
v 0.780024 0.554404 0.072560
v -0.715253 0.557605 0.076762
v -0.739527 0.570388 0.064779
v -0.289162 0.596482 0.071653
v -0.274702 0.600732 0.066602
v 0.271160 0.599186 0.069461
v 0.266870 0.623904 0.075138
v -0.259738 0.623505 0.071679
v -0.055562 0.631294 0.076074
v -0.008917 0.626201 0.071937
v 0.120365 0.638499 0.073173
v -0.129999 0.643082 0.065523
v -0.052385 0.660045 0.083454
v 0.099765 0.651599 0.073286
v 0.101831 0.661568 0.073180
v 0.172123 0.660356 0.075980
v -0.005083 0.686439 0.066314
v 0.066826 0.658094 0.084251
v 0.030943 0.702870 0.076665
v -0.049803 0.702064 0.075520
v -0.046285 0.707981 0.074997
v -0.080077 0.746074 0.079278
v 0.079144 0.776035 0.075048
v -0.089239 0.793261 0.074095
v -0.079004 0.790705 0.071142
v 0.083025 0.796093 0.078348
v -0.110362 0.808895 0.071859
v 0.098313 0.851149 0.090712
v -0.164520 -0.942137 0.103557
v 0.132065 -0.940136 0.095237
v -0.126195 -0.925989 0.082194
v 0.210490 -0.910749 0.075934
v 0.222035 -0.939457 0.088613
v -0.210680 -0.920675 0.075546
v 0.175391 -0.833651 0.079091
v 0.121685 -0.819998 0.078763
v 0.165044 -0.694750 0.074908
v -0.114398 -0.659722 0.077957
v -0.178879 -0.601575 0.080978
v 0.178600 -0.584495 0.079677
v 0.093448 -0.580069 0.078582
v -0.188157 -0.505825 0.073546
v -0.081886 -0.499857 0.081834
v 0.076904 -0.507989 0.076576
v 0.185172 -0.505604 0.072209
v -0.184275 -0.424043 0.085700
v 0.056967 -0.401862 0.078171
v -0.154934 -0.411092 0.089055
v -0.155381 -0.396028 0.089389
v -0.161333 -0.388514 0.090872
v -0.080031 -0.374968 0.074745
v 0.074993 -0.378920 0.074706
v -0.160175 -0.290894 0.078845
v 0.040315 -0.159144 0.080727
v -0.028346 -0.081666 0.085061
v 0.029081 -0.101536 0.083374
v -0.187424 -0.061943 0.083050
v -0.200369 -0.056315 0.082644
v -0.147086 0.214485 0.095654
v 0.120250 0.266666 0.076900
v -0.120162 0.338913 0.075902
v -0.106171 0.340665 0.074248
v 0.098152 0.366975 0.088730
v 0.136926 0.487206 0.083339
v -0.790214 0.542645 0.088315
v 0.759470 0.539130 0.082305
v -0.158081 0.557750 0.069858
v 0.784327 0.541653 0.086981
v -0.304429 0.571695 0.069335
v 0.198030 0.563062 0.075003
v 0.224626 0.564114 0.075811
v -0.269632 0.582595 0.074722
v 0.152936 0.561507 0.069420
v 0.237736 0.570336 0.075781
v -0.755453 0.564272 0.078591
v 0.749933 0.564030 0.078931
v -0.732903 0.564852 0.076139
v -0.287193 0.583761 0.071003
v -0.040029 0.629135 0.071858
v -0.127710 0.658927 0.087897
v -0.106464 0.664204 0.077953
v -0.082775 0.662491 0.078981
v -0.088497 0.666465 0.082010
v -0.078590 0.666765 0.079589
v 0.040805 0.682829 0.083154
v -0.006972 0.692331 0.073104
v 0.067034 0.705497 0.076830
v 0.037328 0.708299 0.075558
v -0.083504 0.759525 0.079537
v -0.113118 0.766167 0.074033
v -0.117523 0.765009 0.077884
v -0.121752 0.791996 0.073501
v -0.104156 0.764419 0.081711
v -0.081852 0.778100 0.088921
v -0.121668 0.815841 0.075995
v -0.114487 0.830248 0.077073
v -0.111832 0.857747 0.084213
v -0.019188 0.933688 0.103938
v 0.216522 -0.944900 0.083926
v 0.125601 -0.906559 0.091956
v -0.119593 -0.837585 0.080493
v -0.179688 -0.826480 0.081112
v -0.135515 -0.819638 0.088055
v -0.128817 -0.794144 0.076445
v -0.168942 -0.803370 0.080851
v 0.158010 -0.749777 0.074759
v 0.137223 -0.722805 0.077930
v 0.128150 -0.698697 0.078251
v -0.166738 -0.661905 0.080396
v 0.169011 -0.646242 0.079049
v 0.088521 -0.510661 0.079718
v 0.178689 -0.507799 0.080024
v 0.082280 -0.496738 0.083637
v -0.187176 -0.489885 0.084008
v -0.185280 -0.466503 0.086185
v 0.078513 -0.445325 0.084461
v -0.170933 -0.429077 0.083599
v 0.161832 -0.431296 0.079698
v 0.169450 -0.426783 0.094624
v -0.070813 -0.390390 0.083536
v -0.078027 -0.332492 0.085679
v -0.155390 -0.338636 0.082707
v 0.082015 -0.331362 0.089179
v -0.074580 -0.293886 0.084836
v 0.153225 -0.303322 0.087276
v -0.195606 -0.044507 0.085103
v 0.015293 0.002922 0.095129
v 0.010394 0.048564 0.086805
v -0.010309 0.056987 0.091881
v 0.009486 0.054909 0.086041
v -0.137906 0.267112 0.107963
v 0.114677 0.332047 0.088298
v 0.099642 0.345322 0.084293
v 0.101918 0.336580 0.077389
v -0.102532 0.348221 0.083344
v -0.757058 0.540476 0.083438
v -0.732423 0.547467 0.079731
v 0.729866 0.550146 0.081867
v -0.153533 0.568199 0.075588
v 0.150302 0.563671 0.079600
v -0.196076 0.565265 0.076891
v -0.221758 0.562474 0.077364
v -0.238801 0.571109 0.077206
v -0.169864 0.574151 0.074647
v 0.181750 0.576925 0.077109
v -0.786118 0.561433 0.084619
v 0.150731 0.568477 0.074985
v 0.166568 0.574851 0.074065
v 0.780456 0.562105 0.082162
v -0.247522 0.576121 0.077196
v 0.255376 0.581140 0.076028
v -0.263683 0.591800 0.073727
v -0.250754 0.609251 0.075172
v 0.258280 0.604213 0.078629
v -0.001444 0.612625 0.079074
v 0.241011 0.634653 0.083582
v -0.127215 0.630055 0.077662
v -0.154149 0.630554 0.082221
v -0.180944 0.643824 0.080664
v -0.058332 0.637039 0.085575
v 0.067538 0.653542 0.079689
v 0.108511 0.665027 0.081335
v 0.038779 0.643490 0.098649
v 0.206850 0.654919 0.080810
v -0.075028 0.684848 0.083801
v 0.041168 0.705366 0.081026
v -0.037139 0.707040 0.082646
v 0.076190 0.764181 0.081965
v -0.082995 0.793434 0.084023
v -0.095003 0.796146 0.084816
v 0.092980 0.827754 0.093278
v -0.106666 0.850438 0.082100
v 0.027774 0.917412 0.098441
v -0.223978 -0.945881 0.092397
v -0.125269 -0.914231 0.087941
v -0.212795 -0.902351 0.084720
v 0.210402 -0.898556 0.084933
v 0.133024 -0.874458 0.094274
v -0.207825 -0.881806 0.095306
v 0.131119 -0.824416 0.086152
v 0.166256 -0.806167 0.078958
v 0.148574 -0.801415 0.082436
v 0.145587 -0.763075 0.078050
v -0.138421 -0.754571 0.077327
v -0.155232 -0.765476 0.079850
v -0.155246 -0.726245 0.078965
v -0.131548 -0.702867 0.079042
v 0.147966 -0.679250 0.081822
v 0.105903 -0.605337 0.083403
v 0.172354 -0.542371 0.086413
v -0.090132 -0.508296 0.080810
v -0.182516 -0.502380 0.078321
v -0.083296 -0.446562 0.088810
v 0.181305 -0.491857 0.088721
v -0.065715 -0.436461 0.079176
v -0.066337 -0.419641 0.088119
v 0.152701 -0.416943 0.089207
v 0.068110 -0.412441 0.089858
v 0.153588 -0.396171 0.089451
v -0.083567 -0.345995 0.086251
v 0.153047 -0.336900 0.092433
v 0.077820 -0.306283 0.087069
v -0.044648 -0.154019 0.087012
v 0.166029 -0.204997 0.091883
v -0.174318 -0.137448 0.099403
v -0.191525 -0.050752 0.087060
v 0.118777 0.261200 0.098337
v -0.114377 0.318892 0.103165
v -0.102191 0.336887 0.091349
v -0.100518 0.396268 0.096267
v 0.109514 0.436425 0.096197
v -0.112723 0.436041 0.094901
v -0.139404 0.490621 0.089639
v 0.788494 0.555160 0.093287
v -0.211322 0.560736 0.087973
v 0.208124 0.561257 0.088755
v 0.182903 0.578096 0.089493
v -0.759520 0.555574 0.089807
v -0.181099 0.578984 0.077309
v 0.155164 0.572440 0.083490
v -0.157506 0.576289 0.092974
v -0.177904 0.580278 0.081116
v 0.175023 0.580265 0.079666
v 0.239135 0.582207 0.084683
v -0.251823 0.590787 0.080930
v -0.244887 0.604334 0.079263
v -0.250193 0.614739 0.086258
v -0.044600 0.614110 0.090814
v 0.051968 0.626833 0.080313
v 0.107760 0.637225 0.084227
v -0.099733 0.644025 0.083861
v 0.054536 0.640059 0.085519
v 0.096709 0.649711 0.082875
v -0.109350 0.662125 0.104340
v 0.079350 0.654336 0.087731
v 0.127999 0.664602 0.090781
v 0.095930 0.677712 0.092360
v 0.004323 0.682265 0.100298
v -0.073585 0.713134 0.084897
v -0.051895 0.711472 0.082610
v -0.046531 0.718350 0.084252
v -0.094885 0.757063 0.086286
v -0.088522 0.767026 0.081735
v -0.086458 0.769560 0.092436
v -0.093274 0.782642 0.094124
v -0.125134 0.789472 0.085958
v 0.089757 0.809121 0.084060
v 0.076672 0.903642 0.085836
v 0.225497 -0.920751 0.102754
v -0.129642 -0.894261 0.099183
v -0.133271 -0.863468 0.089758
v -0.132853 -0.838195 0.084436
v -0.170833 -0.844769 0.094300
v -0.159534 -0.812314 0.090814
v -0.147484 -0.681844 0.083353
v -0.105449 -0.581053 0.086905
v -0.101201 -0.533315 0.088939
v -0.175526 -0.535050 0.086690
v 0.179844 -0.429240 0.090292
v 0.068624 -0.431821 0.092464
v -0.154926 -0.430408 0.087397
v -0.069804 -0.432897 0.092995
v -0.094852 -0.411218 0.085031
v -0.084042 -0.398613 0.084110
v -0.096579 -0.402584 0.085564
v 0.066765 -0.393495 0.084012
v -0.089285 -0.391232 0.087802
v 0.083811 -0.387787 0.083689
v 0.085237 -0.371328 0.094459
v 0.082139 -0.349804 0.098361
v -0.084170 -0.356621 0.097575
v 0.071166 -0.264226 0.086741
v 0.158965 -0.263828 0.085828
v -0.073603 -0.242599 0.093506
v -0.165643 -0.206755 0.095072
v -0.051600 -0.159989 0.096137
v -0.210432 -0.153882 0.104610
v -0.222438 -0.146972 0.093900
v -0.206540 -0.146817 0.101711
v 0.178145 -0.101978 0.094179
v -0.014292 0.053766 0.090846
v 0.171210 0.110119 0.090122
v -0.144168 0.237570 0.100042
v 0.124690 0.273705 0.098045
v 0.116154 0.305070 0.096887
v -0.111508 0.338882 0.104549
v 0.101691 0.339550 0.088023
v -0.100292 0.368347 0.093889
v -0.131111 0.455499 0.100110
v 0.130430 0.458262 0.101033
v 0.147639 0.544873 0.091403
v 0.149084 0.572115 0.085278
v -0.227824 0.568505 0.088895
v -0.185916 0.577676 0.091853
v -0.237200 0.574993 0.086595
v -0.148021 0.569764 0.092586
v 0.758708 0.553091 0.091692
v 0.159561 0.579645 0.094132
v 0.176978 0.582104 0.095964
v 0.223541 0.573502 0.092730
v -0.236409 0.603135 0.086861
v -0.238737 0.598236 0.081614
v 0.249406 0.611708 0.086808
v 0.240303 0.601152 0.081865
v -0.002520 0.597921 0.095455
v -0.024656 0.605591 0.095573
v -0.049895 0.621395 0.092741
v 0.042933 0.615643 0.089588
v -0.141509 0.618773 0.085455
v 0.127259 0.614971 0.085607
v 0.158190 0.621252 0.089017
v -0.222234 0.626936 0.091269
v 0.045714 0.638138 0.092803
v -0.096842 0.646570 0.087748
v -0.130531 0.664571 0.098449
v 0.109731 0.678299 0.088923
v 0.065287 0.669163 0.093147
v -0.112794 0.677836 0.101619
v -0.076478 0.660051 0.093501
v 0.039268 0.712660 0.085421
v -0.077651 0.745080 0.086389
v 0.064664 0.736750 0.086606
v 0.084393 0.775940 0.089407
v 0.089566 0.801907 0.092924
v -0.123731 0.823706 0.091198
v -0.111413 0.850319 0.088117
v 0.085814 0.881473 0.107247
v -0.087986 0.896820 0.091409
v -0.054762 0.917775 0.111874
v 0.231894 -0.952574 0.101106
v 0.131313 -0.930326 0.114370
v -0.229533 -0.923444 0.115584
v -0.209779 -0.892266 0.095527
v 0.146072 -0.855257 0.094401
v 0.178087 -0.853427 0.094054
v 0.153768 -0.825634 0.086009
v 0.163387 -0.845065 0.092202
v 0.151273 -0.811253 0.089561
v -0.156374 -0.803587 0.084710
v -0.127501 -0.621871 0.089334
v 0.120570 -0.613710 0.088422
v 0.136744 -0.636281 0.087840
v 0.153122 -0.600848 0.090522
v -0.152209 -0.633618 0.088989
v -0.166419 -0.564636 0.091101
v 0.162982 -0.567384 0.090264
v 0.107339 -0.550331 0.091505
v 0.098734 -0.525752 0.093512
v 0.170710 -0.533576 0.096177
v 0.096818 -0.516608 0.096212
v -0.174770 -0.524194 0.095807
v -0.178260 -0.501001 0.093382
v -0.162838 -0.428853 0.096300
v 0.157282 -0.427359 0.096189
v 0.084429 -0.403627 0.083819
v 0.093847 -0.415701 0.088469
v 0.096139 -0.399333 0.090100
v 0.089693 -0.396234 0.095628
v -0.087429 -0.377520 0.095362
v 0.160378 -0.361969 0.093043
v -0.153552 -0.289629 0.089184
v 0.148026 -0.279142 0.094677
v 0.170968 -0.146326 0.098338
v -0.178904 -0.072140 0.101537
v -0.023640 -0.018756 0.099507
v -0.193907 -0.061486 0.099893
v -0.188007 -0.050783 0.094974
v 0.186427 0.022504 0.112120
v -0.171538 0.128573 0.097481
v 0.134971 0.223444 0.104502
v -0.128956 0.272015 0.107907
v 0.109915 0.311880 0.093597
v -0.115554 0.332776 0.105701
v -0.097435 0.344149 0.093563
v 0.100048 0.350775 0.092309
v -0.787855 0.550019 0.095349
v -0.151525 0.532747 0.092754
v 0.232371 0.596328 0.087904
v -0.228998 0.597698 0.088606
v -0.239121 0.608073 0.093803
v 0.051096 0.629350 0.092627
v 0.050270 0.623911 0.090359
v -0.151496 0.622941 0.090951
v -0.199606 0.619502 0.096082
v 0.096437 0.637256 0.093787
v 0.176649 0.616882 0.094704
v 0.195951 0.639743 0.088966
v 0.073205 0.646952 0.089612
v 0.094498 0.643803 0.100157
v 0.107801 0.662571 0.107938
v -0.104123 0.677809 0.122021
v -0.059685 0.665291 0.095996
v -0.060712 0.694827 0.090870
v -0.008360 0.684053 0.101174
v 0.058937 0.685161 0.090015
v 0.055582 0.709079 0.088034
v -0.052876 0.725220 0.089048
v -0.067634 0.741253 0.094395
v -0.089540 0.804878 0.089795
v -0.109383 0.870052 0.091645
v 0.050551 0.920070 0.099670
v 0.230407 -0.956605 0.106132
v -0.130703 -0.926537 0.089051
v 0.130088 -0.911806 0.096099
v -0.131195 -0.906372 0.098008
v 0.206055 -0.889568 0.100518
v 0.195974 -0.872159 0.104876
v -0.147833 -0.826179 0.088195
v -0.151328 -0.574977 0.095242
v -0.125223 -0.572525 0.095749
v -0.109271 -0.555361 0.091218
v 0.159124 -0.564158 0.099986
v -0.097141 -0.518844 0.094770
v 0.085369 -0.440552 0.092826
v -0.158935 -0.423577 0.098014
v -0.167080 -0.431703 0.102719
v 0.155238 -0.421325 0.097559
v -0.092330 -0.411851 0.097759
v -0.078834 -0.409573 0.089647
v -0.162384 -0.397108 0.097103
v 0.091752 -0.412690 0.099091
v 0.161354 -0.396063 0.097691
v -0.086412 -0.391838 0.102945
v -0.160992 -0.343498 0.097736
v 0.159218 -0.345338 0.097182
v -0.084041 -0.348870 0.099294
v 0.094875 -0.337806 0.100306
v -0.145673 -0.340548 0.097287
v -0.089197 -0.336728 0.095385
v -0.153119 -0.247213 0.098346
v 0.062800 -0.192037 0.101051
v 0.041231 -0.133908 0.094162
v -0.207586 -0.080486 0.102726
v 0.178829 -0.043343 0.097352
v -0.187948 0.031105 0.101950
v 0.013481 0.057633 0.100174
v -0.139541 0.230513 0.096623
v -0.096498 0.352344 0.103343
v 0.094671 0.376901 0.102703
v 0.096843 0.406638 0.095941
v -0.135550 0.470207 0.102100
v 0.134684 0.508735 0.102720
v -0.143086 0.515676 0.102419
v 0.144137 0.516583 0.098246
v 0.238857 0.605408 0.091274
v -0.128969 0.604539 0.093585
v 0.021705 0.605468 0.095290
v -0.169864 0.617527 0.093598
v 0.047325 0.624012 0.101965
v 0.206273 0.619706 0.094561
v -0.058799 0.626948 0.100242
v -0.097210 0.644749 0.096278
v 0.067155 0.649379 0.096122
v -0.128286 0.659001 0.102951
v 0.123388 0.659290 0.106626
v -0.084871 0.652977 0.100814
v 0.078595 0.640007 0.115576
v -0.069866 0.659726 0.099207
v 0.049271 0.680488 0.093929
v -0.064307 0.712162 0.090756
v 0.047374 0.725341 0.088104
v 0.050605 0.733662 0.090050
v 0.060080 0.759719 0.094342
v -0.080762 0.761619 0.090158
v 0.072211 0.769832 0.091518
v -0.113855 0.787824 0.091692
v -0.105732 0.780708 0.097423
v -0.086504 0.782539 0.097662
v -0.083517 0.794298 0.094792
v -0.093158 0.802854 0.097530
v -0.106163 0.858494 0.097731
v 0.131339 -0.945458 0.114809
v -0.229826 -0.937132 0.111993
v -0.147880 -0.850180 0.095337
v 0.135563 -0.576116 0.095118
v 0.123016 -0.572647 0.093919
v 0.151984 -0.574065 0.093641
v -0.158119 -0.562819 0.103086
v -0.165913 -0.552419 0.100373
v -0.116105 -0.554558 0.104645
v -0.101588 -0.505305 0.101490
v 0.169110 -0.430363 0.099914
v -0.089552 -0.440911 0.096426
v -0.156510 -0.417534 0.100464
v -0.080332 -0.423894 0.097299
v -0.095965 -0.426720 0.095802
v 0.078797 -0.422055 0.098216
v 0.093656 -0.420769 0.095683
v 0.079812 -0.372175 0.103097
v 0.163537 -0.373617 0.102894
v -0.164999 -0.374003 0.101309
v 0.150944 -0.337964 0.096880
v -0.142020 -0.330129 0.100229
v 0.149438 -0.328050 0.099392
v 0.093837 -0.314519 0.101349
v -0.142000 -0.305986 0.099562
v 0.097114 -0.304266 0.104799
v -0.136699 -0.291568 0.104235
v 0.141553 -0.299225 0.099269
v 0.089589 -0.257233 0.102781
v -0.086517 -0.279153 0.096393
v -0.213722 -0.137999 0.111387
v -0.207995 -0.122888 0.111834
v 0.035483 -0.066239 0.107632
v -0.181694 -0.055723 0.103674
v -0.022379 0.018203 0.105344
v 0.181449 0.042798 0.104452
v -0.018913 0.058195 0.103495
v -0.111625 0.300618 0.120678
v 0.101410 0.334383 0.112210
v -0.137088 0.509744 0.104014
v 0.135755 0.529752 0.110387
v -0.143957 0.546560 0.102434
v -0.143869 0.559412 0.102021
v -0.201312 0.584607 0.092665
v 0.133118 0.576114 0.111589
v 0.143914 0.582738 0.095405
v 0.194860 0.581692 0.092084
v 0.206947 0.583898 0.091304
v -0.182330 0.583791 0.101962
v -0.165950 0.574454 0.100097
v -0.218962 0.590867 0.090612
v 0.218424 0.589950 0.088975
v 0.216107 0.596228 0.096054
v -0.218959 0.598997 0.100403
v -0.005307 0.599978 0.109471
v 0.157893 0.603901 0.092959
v 0.129970 0.603452 0.091028
v -0.157703 0.599424 0.097617
v 0.112791 0.592091 0.117797
v 0.046780 0.619505 0.104090
v 0.166723 0.616635 0.097375
v -0.112331 0.614134 0.103021
v -0.096167 0.626285 0.103942
v -0.091493 0.633552 0.107002
v 0.100486 0.616646 0.110457
v 0.072861 0.642377 0.099564
v -0.114197 0.663010 0.113429
v 0.125583 0.664698 0.109071
v 0.043731 0.661463 0.103437
v -0.040095 0.721660 0.100831
v -0.053470 0.734107 0.091506
v -0.058064 0.748601 0.095683
v -0.086068 0.771976 0.099938
v -0.070816 0.766458 0.105137
v 0.079858 0.788493 0.102717
v -0.074634 0.901169 0.111836
v 0.007308 0.930836 0.105003
v 0.186670 -0.956604 0.123573
v -0.133080 -0.943612 0.113534
v 0.233962 -0.939091 0.119342
v -0.215171 -0.899474 0.111299
v 0.135325 -0.894395 0.107151
v 0.217542 -0.904432 0.111554
v -0.203315 -0.884337 0.105723
v -0.135709 -0.891497 0.108892
v -0.191355 -0.870350 0.112453
v 0.137363 -0.567486 0.105158
v -0.130967 -0.568419 0.105153
v 0.120470 -0.561438 0.104711
v 0.110288 -0.543693 0.103619
v -0.162268 -0.490907 0.104026
v -0.103064 -0.433204 0.103184
v 0.092417 -0.428409 0.095130
v -0.074337 -0.357732 0.109480
v 0.164969 -0.348672 0.110611
v -0.165813 -0.354640 0.105915
v 0.161174 -0.339095 0.105396
v -0.091396 -0.337540 0.100764
v -0.157388 -0.339845 0.102279
v -0.146202 -0.331155 0.103714
v -0.162046 -0.330038 0.107408
v -0.091832 -0.313625 0.100996
v 0.090196 -0.331668 0.105257
v -0.091266 -0.309642 0.098517
v 0.144166 -0.318414 0.101289
v 0.098254 -0.287559 0.103273
v 0.136556 -0.279544 0.104451
v -0.142500 -0.274327 0.101031
v -0.064241 -0.164193 0.108549
v -0.045692 -0.093841 0.109416
v 0.027906 -0.016484 0.110762
v 0.181179 0.011812 0.108453
v -0.002326 0.056571 0.126761
v 0.160832 0.107513 0.117047
v 0.147938 0.172020 0.111216
v 0.102491 0.310875 0.117187
v 0.105314 0.324121 0.115819
v -0.096182 0.337537 0.105119
v 0.087612 0.338954 0.105557
v -0.090079 0.411869 0.118597
v 0.094256 0.417261 0.114925
v -0.140892 0.536894 0.107670
v 0.137566 0.584104 0.106049
v 0.123813 0.591883 0.106312
v 0.010667 0.601859 0.107902
v -0.167844 0.582519 0.103646
v 0.043346 0.608023 0.106802
v -0.040145 0.607180 0.102667
v -0.078444 0.644147 0.104886
v 0.059709 0.645689 0.118997
v 0.111745 0.677589 0.127950
v 0.000615 0.681266 0.104993
v 0.032501 0.717055 0.102881
v -0.050096 0.739340 0.100332
v 0.043841 0.750593 0.111422
v -0.065526 0.759339 0.099489
v 0.066134 0.769271 0.099943
v -0.111117 0.813488 0.107508
v 0.088092 0.831628 0.107109
v -0.105778 0.833620 0.115302
v 0.069826 0.902164 0.114891
v 0.054993 0.914162 0.113167
v -0.235624 -0.956351 0.117136
v 0.130335 -0.941276 0.127540
v -0.149693 -0.872833 0.114729
v 0.177171 -0.868744 0.114097
v 0.158902 -0.535283 0.103579
v -0.110738 -0.530323 0.105608
v 0.160537 -0.471816 0.103324
v 0.107741 -0.490497 0.105698
v 0.103893 -0.433847 0.105503
v 0.146178 -0.427900 0.107680
v 0.081666 -0.378125 0.115226
v 0.073550 -0.347674 0.108320
v -0.087449 -0.317632 0.107866
v 0.084065 -0.313873 0.109717
v 0.150637 -0.325726 0.104796
v -0.145026 -0.305385 0.107253
v -0.099440 -0.300576 0.106785
v 0.145578 -0.306548 0.107637
v -0.137849 -0.300834 0.106783
v -0.098861 -0.293170 0.104316
v 0.095328 -0.286546 0.108734
v 0.139599 -0.302401 0.107255
v -0.138954 -0.280187 0.105602
v -0.097351 -0.282956 0.105498
v 0.096254 -0.276817 0.104378
v 0.101030 -0.261289 0.107656
v -0.085272 -0.227448 0.106265
v 0.080095 -0.193637 0.113487
v 0.155085 -0.198695 0.105237
v 0.057567 -0.131672 0.114390
v -0.186869 -0.070069 0.112855
v -0.177689 -0.065334 0.112626
v 0.169873 -0.072864 0.109834
v -0.193495 -0.035674 0.114517
v 0.020041 0.053961 0.107190
v -0.174132 0.059468 0.117023
v -0.161832 0.145836 0.111545
v 0.114958 0.262315 0.109619
v 0.091946 0.334344 0.106051
v 0.085208 0.396014 0.113038
v 0.122571 0.452067 0.115535
v -0.131587 0.497512 0.120680
v -0.155122 0.563111 0.113047
v -0.130256 0.578464 0.111542
v 0.092900 0.604673 0.101827
v 0.079643 0.615472 0.102072
v 0.076662 0.605252 0.106539
v 0.090745 0.615957 0.102052
v 0.084973 0.622866 0.101673
v -0.057294 0.617625 0.104561
v -0.064263 0.621274 0.113341
v 0.041847 0.621754 0.119872
v 0.091152 0.631628 0.103463
v 0.071851 0.638759 0.105810
v 0.043036 0.635315 0.122446
v 0.087553 0.647770 0.126922
v 0.015083 0.701678 0.106810
v -0.060142 0.772361 0.106583
v 0.058250 0.772591 0.104666
v 0.081692 0.807084 0.111230
v -0.080540 0.881657 0.124652
v 0.237525 -0.954602 0.123680
v 0.136028 -0.927723 0.151169
v -0.147620 -0.515098 0.108858
v -0.112142 -0.437579 0.108413
v 0.144471 -0.435290 0.108676
v -0.150623 -0.429429 0.107044
v -0.096904 -0.393963 0.126123
v -0.151511 -0.382195 0.127346
v -0.077909 -0.364656 0.114555
v 0.162536 -0.335218 0.117655
v 0.077246 -0.320422 0.116277
v -0.152900 -0.297307 0.115857
v 0.150382 -0.294965 0.115995
v -0.079665 -0.318936 0.113053
v -0.087949 -0.294352 0.113685
v 0.142076 -0.285431 0.111736
v -0.100421 -0.268391 0.107397
v -0.132845 -0.265152 0.109519
v -0.138868 -0.226511 0.111549
v 0.136061 -0.262750 0.105556
v -0.113048 -0.255606 0.110753
v -0.098456 -0.246382 0.108290
v -0.157167 -0.142927 0.116144
v -0.206135 -0.156963 0.120432
v -0.188513 -0.155628 0.125839
v 0.159332 -0.100816 0.118059
v 0.164218 -0.038381 0.119053
v 0.167825 0.007013 0.114959
v -0.181379 -0.014520 0.125465
v -0.032785 0.007855 0.117996
v -0.141378 0.197774 0.121176
v -0.133338 0.227685 0.120622
v -0.137576 0.248508 0.118139
v -0.121334 0.290941 0.113839
v 0.118039 0.274766 0.116442
v -0.089547 0.347150 0.112523
v 0.085785 0.344685 0.114045
v -0.088772 0.388327 0.116106
v -0.096906 0.429337 0.114153
v 0.100192 0.431875 0.111440
v -0.118180 0.448465 0.122501
v 0.127796 0.490148 0.123233
v -0.127612 0.528478 0.112473
v 0.126460 0.555833 0.116865
v 0.096841 0.580772 0.109812
v 0.089983 0.596100 0.102392
v 0.083252 0.584104 0.113050
v 0.100290 0.592541 0.109372
v 0.033940 0.598521 0.109668
v -0.030218 0.591356 0.113518
v 0.079278 0.621325 0.110616
v -0.089371 0.618339 0.104137
v -0.083756 0.617865 0.113610
v 0.068631 0.639579 0.111460
v -0.005286 0.701716 0.112535
v -0.031173 0.726804 0.112153
v -0.045217 0.756453 0.113460
v -0.061438 0.777276 0.106333
v -0.078857 0.783636 0.111351
v -0.069993 0.784889 0.107609
v -0.094876 0.797306 0.112268
v 0.069401 0.786641 0.106911
v -0.096153 0.852202 0.122908
v 0.078263 0.842423 0.126011
v -0.128056 -0.947429 0.131182
v -0.131405 -0.931764 0.127917
v 0.231516 -0.922620 0.125751
v -0.135427 -0.906818 0.126224
v -0.147999 -0.882927 0.116827
v -0.189945 -0.877975 0.116744
v 0.150470 -0.881539 0.115655
v 0.198415 -0.887734 0.116429
v 0.164613 -0.872965 0.117453
v -0.169389 -0.868602 0.119528
v -0.130067 -0.524611 0.109682
v 0.134918 -0.508431 0.110078
v 0.118889 -0.440329 0.109900
v -0.142523 -0.440918 0.109864
v -0.147587 -0.423915 0.109061
v 0.146279 -0.389788 0.128540
v 0.086963 -0.288261 0.116408
v 0.146034 -0.288775 0.120301
v -0.093254 -0.275557 0.117738
v -0.144608 -0.283154 0.119780
v 0.099310 -0.267816 0.115178
v 0.139558 -0.274855 0.118228
v 0.127855 -0.262195 0.114878
v -0.102740 -0.265587 0.119963
v 0.125283 -0.256421 0.110103
v -0.128591 -0.256963 0.109234
v 0.108171 -0.247164 0.111112
v 0.144378 -0.189695 0.114554
v 0.157793 -0.139484 0.113984
v -0.159373 -0.075148 0.123317
v 0.171068 0.009215 0.117123
v -0.028635 0.056574 0.116743
v 0.022236 0.062434 0.115424
v 0.011839 0.059014 0.112293
v -0.019026 0.063448 0.129784
v 0.171761 0.040745 0.123003
v 0.131938 0.197134 0.127005
v -0.135559 0.279940 0.121526
v 0.107067 0.303558 0.122114
v 0.087319 0.334537 0.116030
v -0.092574 0.337282 0.114099
v 0.089133 0.379019 0.110895
v 0.129954 0.520925 0.108266
v 0.102277 0.571262 0.108835
v 0.105847 0.574539 0.108130
v -0.139713 0.572854 0.111493
v -0.103065 0.577478 0.110332
v -0.089875 0.591005 0.107568
v -0.093978 0.593965 0.103852
v 0.074669 0.594564 0.115014
v -0.087617 0.605720 0.115068
v -0.094196 0.610850 0.108688
v 0.069238 0.605536 0.113377
v 0.046678 0.613507 0.112630
v -0.075720 0.633354 0.113676
v -0.095361 0.637899 0.127481
v -0.098174 0.659808 0.129761
v 0.050270 0.643082 0.122477
v 0.103647 0.678124 0.128174
v 0.005155 0.718252 0.120799
v 0.025388 0.912558 0.107986
v -0.185463 -0.956559 0.128144
v 0.184053 -0.877584 0.115782
v -0.126246 -0.440236 0.110867
v -0.136098 -0.434795 0.111444
v -0.127394 -0.427784 0.118123
v -0.113669 -0.402780 0.130908
v 0.132167 -0.415090 0.123652
v 0.101223 -0.399696 0.127659
v -0.140970 -0.400465 0.128014
v -0.160467 -0.357769 0.122608
v -0.157840 -0.339236 0.128849
v 0.110104 -0.257499 0.113296
v -0.124469 -0.265318 0.127200
v -0.117083 -0.259482 0.120458
v -0.115293 -0.218592 0.116985
v 0.122603 -0.215299 0.117367
v 0.055194 -0.074666 0.124376
v -0.192966 -0.095503 0.126545
v -0.161638 -0.064054 0.129076
v 0.163001 0.003671 0.121742
v 0.033618 0.023214 0.123381
v 0.035695 0.061936 0.128047
v -0.032634 0.063796 0.125727
v -0.139338 0.256941 0.123576
v 0.113279 0.261965 0.118792
v -0.101435 0.312804 0.122331
v 0.095222 0.331667 0.125738
v 0.078600 0.362713 0.126689
v -0.084358 0.426425 0.124286
v -0.122922 0.470483 0.129879
v 0.127258 0.527585 0.109200
v -0.125911 0.542402 0.121182
v 0.117339 0.536886 0.115461
v 0.116309 0.554792 0.113813
v 0.110451 0.549019 0.114328
v 0.111594 0.559856 0.110986
v 0.087522 0.568901 0.115886
v -0.107202 0.569254 0.110009
v -0.090258 0.573190 0.114985
v 0.108825 0.590416 0.117580
v -0.088905 0.569741 0.133890
v -0.109665 0.583599 0.117159
v -0.109902 0.592109 0.117183
v -0.010501 0.560960 0.132736
v 0.022199 0.585182 0.117845
v 0.076730 0.610431 0.122181
v -0.061506 0.605726 0.132408
v -0.080324 0.616913 0.126979
v 0.091711 0.635727 0.127177
v -0.089690 0.644118 0.130858
v -0.120107 0.670342 0.123531
v 0.037244 0.774587 0.116254
v -0.050013 0.785306 0.116619
v 0.046267 0.789563 0.120806
v -0.067744 0.792955 0.119683
v 0.065636 0.792647 0.114707
v 0.073367 0.815933 0.120791
v -0.035879 0.916131 0.125022
v -0.010041 0.922323 0.120267
v -0.131789 -0.956079 0.137107
v 0.209247 -0.901797 0.133871
v 0.142074 -0.901391 0.126979
v -0.193324 -0.892424 0.136563
v 0.079826 -0.352114 0.127669
v -0.083122 -0.323950 0.128378
v -0.089342 -0.286939 0.121578
v 0.089021 -0.285638 0.122434
v 0.108889 -0.262593 0.124736
v -0.117514 -0.181649 0.123851
v -0.087022 -0.144960 0.125710
v -0.142053 -0.131566 0.126320
v -0.067795 -0.112057 0.123367
v -0.194878 -0.164336 0.128884
v -0.196028 -0.145846 0.134664
v -0.170853 -0.074821 0.131010
v -0.050854 -0.055176 0.122188
v 0.171128 0.008592 0.135073
v -0.040973 0.064324 0.130119
v -0.155610 0.130600 0.125002
v -0.129932 0.207542 0.130425
v 0.115813 0.298499 0.130799
v -0.102946 0.331974 0.123292
v -0.084270 0.335982 0.119135
v 0.108715 0.446505 0.129188
v 0.079508 0.430149 0.131865
v -0.121955 0.509288 0.130781
v 0.111431 0.538499 0.120191
v 0.084746 0.557607 0.128556
v -0.131500 0.556560 0.117005
v 0.119765 0.567810 0.120743
v -0.126963 0.569289 0.119953
v -0.114569 0.554413 0.124647
v -0.107461 0.549625 0.120884
v 0.084168 0.579845 0.120907
v -0.020532 0.578735 0.122105
v 0.014477 0.573033 0.125619
v -0.079234 0.612317 0.122336
v 0.051349 0.604730 0.122448
v 0.067995 0.631564 0.121700
v 0.074198 0.629029 0.125286
v 0.108376 0.667261 0.128644
v -0.107595 0.663115 0.129368
v -0.012363 0.734056 0.121999
v -0.020155 0.772175 0.120960
v -0.042288 0.780552 0.120565
v -0.057644 0.794201 0.123316
v -0.073605 0.802428 0.117658
v 0.053900 0.806265 0.124694
v 0.040517 0.903282 0.125518
v 0.019945 0.898619 0.120035
v -0.227228 -0.917286 0.147031
v -0.168997 -0.875856 0.121468
v 0.158301 -0.893967 0.133371
v 0.179911 -0.894299 0.139373
v -0.085279 -0.361037 0.131481
v 0.151692 -0.369196 0.130606
v 0.087129 -0.338847 0.138359
v 0.125829 -0.268838 0.127256
v -0.101365 -0.137910 0.130469
v 0.129656 -0.146346 0.127378
v 0.112422 -0.140570 0.130614
v 0.089468 -0.150783 0.126090
v 0.143987 -0.106089 0.127413
v 0.071233 -0.097221 0.129314
v 0.153849 -0.004650 0.129470
v 0.009274 0.057561 0.136080
v 0.137352 0.170934 0.126832
v 0.114212 0.240295 0.126743
v -0.133004 0.235424 0.131910
v 0.112891 0.248038 0.129264
v 0.122907 0.262570 0.132674
v 0.121940 0.283590 0.127894
v -0.124025 0.301220 0.130247
v -0.087372 0.333987 0.129773
v 0.071432 0.334052 0.129605
v -0.081777 0.338077 0.121926
v 0.118795 0.506698 0.132106
v -0.090786 0.555887 0.126719
v -0.119256 0.567325 0.121799
v 0.057810 0.590332 0.118996
v 0.060994 0.572551 0.127221
v 0.072986 0.591776 0.114457
v 0.074934 0.579561 0.124537
v 0.072918 0.593009 0.127722
v 0.022544 0.572504 0.136716
v -0.077729 0.600823 0.126345
v 0.089359 0.588100 0.131639
v -0.109836 0.677929 0.130801
v -0.001741 0.728587 0.126761
v 0.009528 0.737890 0.122833
v -0.008932 0.761367 0.125467
v -0.036891 0.783314 0.121061
v -0.021777 0.782347 0.123840
v -0.071584 0.810240 0.128478
v -0.079750 0.810392 0.124319
v 0.064348 0.815109 0.131683
v -0.090025 0.824669 0.127800
v 0.068288 0.865928 0.135895
v -0.056709 0.904382 0.125894
v -0.003893 0.905921 0.129295
v -0.235335 -0.956812 0.148772
v 0.130833 -0.956617 0.138640
v -0.232725 -0.928908 0.150235
v -0.209869 -0.902145 0.139212
v -0.159433 -0.894964 0.140358
v 0.149749 -0.326629 0.134763
v -0.147149 -0.316648 0.135359
v -0.136265 -0.303083 0.139263
v -0.103922 -0.276222 0.130694
v 0.112134 -0.277747 0.136118
v -0.127337 -0.128671 0.131053
v -0.164480 -0.122653 0.142159
v -0.046668 0.017999 0.130905
v 0.047288 0.010711 0.132332
v 0.152125 -0.001477 0.135988
v -0.004990 0.054237 0.145085
v 0.033013 0.069290 0.136330
v -0.033566 0.073517 0.136898
v 0.142473 0.119412 0.135044
v -0.137996 0.157194 0.136214
v -0.136909 0.246520 0.136839
v -0.106109 0.301928 0.129547
v 0.088555 0.316530 0.134289
v 0.079969 0.327151 0.135505
v -0.074540 0.377091 0.132410
v -0.073239 0.335535 0.131287
v 0.067023 0.378714 0.133642
v 0.077030 0.398497 0.128073
v -0.074788 0.424973 0.129064
v 0.069771 0.410523 0.143230
v -0.110536 0.530495 0.130378
v 0.080937 0.567538 0.127690
v 0.071973 0.568087 0.124184
v 0.060132 0.595162 0.131592
v 0.032015 0.573043 0.141836
v 0.056547 0.601047 0.133688
v 0.077540 0.613959 0.130154
v 0.087241 0.631704 0.131677
v 0.061265 0.616278 0.137492
v -0.001352 0.778239 0.129726
v 0.010898 0.779995 0.124240
v -0.010485 0.782501 0.131380
v 0.027467 0.804432 0.137789
v 0.068897 0.836843 0.132297
v 0.046989 0.886416 0.141222
v 0.223022 -0.956878 0.183731
v 0.231899 -0.956859 0.154184
v -0.135708 -0.923984 0.156151
v 0.100207 -0.372598 0.140574
v 0.141945 -0.386915 0.132721
v 0.147617 -0.354399 0.138186
v -0.050494 -0.327220 0.133014
v -0.042124 -0.287010 0.135621
v -0.035470 -0.311057 0.139810
v -0.052946 -0.324377 0.134450
v -0.051326 -0.279577 0.133048
v -0.099410 -0.299841 0.137762
v 0.136967 -0.303423 0.137362
v -0.051429 -0.249878 0.133096
v -0.053478 -0.275014 0.137680
v -0.042662 -0.239118 0.135610
v -0.035379 -0.251117 0.139736
v -0.051430 -0.171621 0.134101
v -0.044287 -0.205274 0.135019
v -0.051125 -0.228671 0.140210
v -0.052275 -0.158086 0.136953
v -0.035695 -0.215864 0.139717
v -0.043246 -0.156012 0.135586
v -0.178686 -0.172211 0.143829
v -0.167180 -0.168996 0.144762
v 0.096583 -0.105826 0.134871
v -0.077217 -0.069155 0.134785
v -0.161585 -0.065632 0.136724
v -0.060363 -0.020911 0.133505
v -0.159845 -0.053719 0.131010
v 0.142082 -0.011893 0.136419
v 0.060370 0.038327 0.142870
v -0.159394 0.036276 0.137671
v 0.049604 0.053929 0.138299
v 0.116709 0.205517 0.135686
v -0.124083 0.221259 0.133499
v 0.106946 0.238644 0.133811
v 0.115636 0.250306 0.138898
v -0.094612 0.301194 0.133933
v -0.082711 0.325775 0.138765
v -0.060372 0.403574 0.140598
v -0.107982 0.483025 0.149611
v -0.067778 0.562261 0.129641
v -0.069178 0.579680 0.127937
v -0.075401 0.569633 0.136634
v -0.061141 0.587055 0.122658
v -0.047135 0.577534 0.128825
v -0.024780 0.564255 0.144210
v 0.035753 0.563860 0.133487
v 0.046264 0.579409 0.132733
v -0.054927 0.592333 0.135644
v -0.044464 0.585133 0.140268
v 0.078920 0.594246 0.137368
v -0.066027 0.594910 0.128770
v -0.082406 0.626575 0.133954
v 0.074147 0.618626 0.133337
v 0.101565 0.661063 0.131660
v -0.001724 0.740417 0.140156
v -0.038222 0.799783 0.141840
v -0.052684 0.795137 0.134078
v -0.042319 0.797428 0.132644
v -0.063507 0.813089 0.135495
v 0.044368 0.821503 0.133726
v -0.076695 0.829187 0.134229
v -0.081351 0.854726 0.136121
v 0.061266 0.877125 0.138908
v 0.025262 0.885574 0.137919
v -0.038854 0.895805 0.138721
v 0.237090 -0.954488 0.153896
v -0.129975 -0.955056 0.143814
v -0.134191 -0.940797 0.149652
v 0.234697 -0.928884 0.147197
v 0.225699 -0.917328 0.153770
v -0.148700 -0.913726 0.163326
v -0.123841 -0.389154 0.138388
v 0.124003 -0.388468 0.138225
v -0.100867 -0.363018 0.142849
v -0.142870 -0.361436 0.141493
v 0.100115 -0.307467 0.141089
v -0.052501 -0.255075 0.139309
v -0.050032 -0.187761 0.141301
v -0.036670 -0.199988 0.139501
v -0.035524 -0.157598 0.139974
v -0.184090 -0.165020 0.145498
v -0.176612 -0.136396 0.146191
v -0.113552 -0.068431 0.140192
v 0.122882 -0.081704 0.137152
v -0.139967 -0.059326 0.135265
v -0.149683 -0.063625 0.146103
v 0.073847 -0.015062 0.141096
v -0.149254 -0.052237 0.138823
v 0.150590 -0.002409 0.148943
v 0.138357 0.053214 0.148395
v 0.032811 0.065578 0.145091
v -0.042309 0.079001 0.134865
v -0.140818 0.103305 0.143300
v -0.131135 0.255456 0.140739
v -0.134400 0.269037 0.142720
v 0.113047 0.268351 0.147000
v -0.130585 0.294885 0.144938
v -0.120079 0.297320 0.144250
v -0.106428 0.303944 0.141800
v -0.077030 0.312554 0.139417
v 0.099737 0.306860 0.145289
v 0.062952 0.329433 0.136375
v -0.075473 0.328955 0.138439
v 0.080663 0.444903 0.150035
v 0.105200 0.484089 0.150442
v 0.091518 0.515689 0.150192
v -0.088998 0.541546 0.136969
v 0.051938 0.557992 0.132047
v -0.039059 0.566854 0.134476
v 0.004390 0.552802 0.136901
v 0.003791 0.795874 0.143214
v -0.025699 0.790102 0.138680
v -0.068927 0.824704 0.140567
v -0.041472 0.888642 0.144184
v -0.139679 -0.956826 0.167954
v 0.190488 -0.902965 0.151770
v -0.094134 -0.340611 0.141673
v -0.039971 -0.314498 0.144829
v -0.053072 -0.310952 0.138904
v -0.115169 -0.296838 0.141845
v -0.089591 -0.021354 0.143191
v -0.169076 -0.052754 0.143777
v 0.123296 -0.015180 0.143010
v -0.140980 -0.041359 0.142448
v 0.136121 -0.007135 0.141454
v -0.066977 0.045587 0.143877
v 0.062951 0.026722 0.142696
v 0.146745 0.028303 0.147317
v 0.058819 0.055103 0.143294
v 0.010527 0.051857 0.145988
v 0.047804 0.073221 0.139449
v -0.052486 0.081825 0.138548
v 0.120003 0.153545 0.143319
v 0.118590 0.127674 0.149148
v 0.107864 0.162704 0.154368
v -0.119622 0.171134 0.144635
v -0.107679 0.222275 0.139318
v -0.121362 0.227225 0.141065
v 0.101946 0.237711 0.137739
v -0.125323 0.282988 0.150389
v 0.109203 0.294092 0.151096
v 0.108972 0.303567 0.154160
v 0.087762 0.307103 0.150823
v 0.083344 0.313544 0.137541
v 0.070653 0.311402 0.142384
v 0.055214 0.318630 0.148724
v -0.062330 0.332243 0.140642
v 0.065105 0.355895 0.140283
v -0.056701 0.347930 0.142319
v -0.052418 0.372129 0.146904
v 0.050884 0.394383 0.143824
v -0.047027 0.424128 0.142808
v 0.059240 0.418133 0.148752
v -0.074883 0.440839 0.149148
v -0.095484 0.452016 0.147140
v -0.097249 0.504913 0.153447
v -0.068100 0.535277 0.144041
v -0.046517 0.548579 0.137935
v 0.022682 0.546522 0.140082
v -0.030361 0.556457 0.138310
v 0.015772 0.805307 0.145363
v -0.046051 0.808217 0.139384
v -0.056664 0.816578 0.146426
v 0.036265 0.820864 0.137990
v 0.040688 0.837465 0.143725
v 0.060196 0.833829 0.141205
v -0.057304 0.871338 0.147851
v -0.016570 0.889057 0.149551
v -0.192476 -0.902595 0.156312
v 0.126586 -0.365630 0.145606
v -0.138486 -0.336627 0.144686
v 0.133802 -0.333135 0.146445
v -0.098882 -0.325947 0.143242
v 0.123176 -0.321158 0.147240
v -0.046978 -0.270576 0.142657
v -0.044052 -0.157506 0.144483
v 0.101374 -0.015090 0.145225
v -0.132226 -0.043830 0.139220
v -0.124196 -0.026017 0.142238
v -0.140182 -0.031923 0.139491
v -0.142693 -0.033087 0.146835
v -0.130920 -0.019339 0.146399
v 0.128439 -0.008360 0.146073
v 0.065630 0.015436 0.143086
v 0.061660 0.018281 0.150123
v 0.153439 0.014930 0.149118
v 0.058493 0.034282 0.148486
v 0.018599 0.019843 0.149646
v 0.043980 0.049535 0.148273
v -0.008712 0.045470 0.149837
v -0.015629 0.056113 0.151331
v -0.044884 0.085585 0.147073
v -0.060291 0.093808 0.145017
v 0.097221 0.191222 0.148131
v -0.087654 0.291885 0.143357
v -0.071886 0.295638 0.143085
v 0.048355 0.323631 0.143305
v 0.051461 0.376065 0.144778
v 0.087171 0.461078 0.157804
v -0.083630 0.530786 0.145469
v -0.021194 0.539877 0.139624
v 0.065147 0.545399 0.143109
v -0.000103 0.541373 0.142687
v -0.013999 0.549128 0.146421
v 0.010990 0.546501 0.147131
v -0.013872 0.795546 0.145721
v -0.026884 0.809854 0.155948
v 0.006030 0.801410 0.148663
v 0.027673 0.806492 0.146084
v 0.036177 0.835672 0.144647
v -0.064344 0.850507 0.147489
v 0.055278 0.854218 0.146608
v 0.025761 0.871191 0.152876
v 0.040891 0.870708 0.146487
v 0.143924 -0.946407 0.169773
v 0.151575 -0.914094 0.160915
v 0.174228 -0.905711 0.158301
v -0.121148 -0.361295 0.147412
v -0.039600 -0.265936 0.144749
v -0.040801 -0.188458 0.145584
v -0.146012 -0.187416 0.163526
v -0.137789 -0.184715 0.161301
v -0.129628 -0.066966 0.159600
v -0.005902 -0.092426 0.153427
v -0.007994 -0.077111 0.151075
v 0.000999 -0.088134 0.149257
v 0.014363 -0.079167 0.153442
v 0.015379 -0.057987 0.151540
v -0.005603 -0.048796 0.150803
v -0.008730 -0.058368 0.157334
v 0.091213 -0.008364 0.145040
v -0.123519 -0.020304 0.158080
v -0.114009 -0.003570 0.145296
v -0.126832 -0.006830 0.143099
v -0.009464 -0.027788 0.157734
v -0.005862 0.001212 0.150760
v -0.131857 -0.009818 0.151030
v 0.086299 0.006243 0.146404
v 0.098796 -0.012989 0.151023
v 0.111669 -0.004160 0.149342
v 0.134167 -0.010730 0.151575
v -0.119134 0.003587 0.150872
v 0.052697 0.004718 0.152733
v 0.077031 0.022171 0.146702
v 0.051850 0.027729 0.151026
v 0.073523 0.019146 0.152490
v -0.016136 0.028061 0.158586
v -0.130106 0.047730 0.158558
v -0.072981 0.070193 0.148299
v -0.068959 0.088648 0.149143
v -0.071671 0.072490 0.152377
v -0.123094 0.094614 0.154111
v -0.084650 0.192092 0.152802
v -0.092646 0.230681 0.143844
v -0.111458 0.236569 0.154069
v -0.100121 0.235822 0.150606
v -0.097532 0.232686 0.143793
v -0.126019 0.246471 0.152592
v -0.088774 0.243846 0.142796
v -0.086338 0.254641 0.151756
v 0.089017 0.235250 0.144750
v 0.099127 0.244545 0.152976
v -0.066062 0.241918 0.147746
v -0.075280 0.249166 0.147515
v 0.108261 0.256015 0.154510
v -0.116689 0.255615 0.154033
v 0.108543 0.278725 0.155435
v -0.088583 0.287004 0.151922
v -0.049026 0.296964 0.148561
v 0.065617 0.298251 0.153226
v -0.051279 0.318257 0.150501
v -0.054440 0.328277 0.143333
v 0.051138 0.350687 0.149894
v -0.046900 0.407461 0.145180
v 0.053868 0.434083 0.147760
v -0.096759 0.494960 0.155956
v -0.011358 0.515406 0.151536
v -0.007593 0.528336 0.147709
v -0.017504 0.528253 0.144301
v -0.078008 0.540708 0.148649
v -0.071118 0.524988 0.151007
v 0.015556 0.524193 0.145927
v 0.007583 0.527122 0.150395
v 0.049857 0.529528 0.149153
v -0.002900 0.809176 0.146073
v -0.044898 0.831353 0.153221
v 0.034487 0.833275 0.155453
v 0.038087 0.843278 0.150803
v 0.036964 0.864242 0.147465
v -0.135693 -0.955913 0.159990
v 0.230923 -0.930261 0.176788
v -0.220587 -0.918123 0.172067
v 0.110851 -0.341913 0.148085
v -0.118026 -0.338164 0.149287
v -0.125683 -0.108408 0.164209
v -0.168410 -0.156966 0.156733
v -0.139704 -0.152635 0.170273
v 0.037286 -0.063137 0.155898
v 0.060365 -0.041095 0.156083
v 0.068296 -0.044811 0.158618
v 0.103381 -0.021376 0.154461
v 0.097167 -0.030689 0.158259
v 0.087793 -0.009373 0.153556
v 0.119639 -0.013889 0.152829
v 0.113412 -0.023551 0.160525
v 0.136651 -0.005788 0.158664
v -0.012964 0.000188 0.160585
v -0.112114 0.012330 0.147621
v -0.124130 -0.014896 0.170765
v -0.117955 0.012428 0.153792
v -0.104546 0.025640 0.148529
v -0.110363 0.018206 0.156011
v -0.093834 0.047456 0.149153
v -0.020476 0.054467 0.158167
v -0.087592 0.061539 0.155657
v -0.041873 0.079840 0.156588
v -0.067869 0.080746 0.153920
v -0.053564 0.088096 0.156149
v -0.056800 0.093994 0.153128
v 0.081311 0.246916 0.153386
v 0.081008 0.239989 0.146162
v -0.042199 0.248351 0.150082
v 0.069863 0.258781 0.151751
v -0.047813 0.256243 0.155442
v 0.065977 0.254166 0.145663
v 0.062456 0.263576 0.145231
v -0.117859 0.268142 0.156252
v 0.061822 0.273151 0.152538
v 0.047200 0.272269 0.155918
v -0.076193 0.290238 0.153305
v -0.115791 0.291378 0.160691
v -0.101881 0.287283 0.160060
v -0.040438 0.296977 0.151627
v -0.041551 0.302854 0.148777
v 0.052978 0.305818 0.151162
v -0.021496 0.308397 0.155198
v -0.017574 0.322685 0.147182
v -0.041166 0.322989 0.146103
v 0.031288 0.312190 0.156098
v 0.025039 0.323177 0.147762
v -0.035770 0.336437 0.152372
v -0.039296 0.351402 0.147451
v 0.022073 0.351208 0.153301
v 0.021806 0.386128 0.148167
v -0.015382 0.404580 0.148368
v 0.023890 0.413062 0.149282
v -0.038579 0.517109 0.152544
v -0.053521 0.839744 0.154186
v 0.043246 0.847947 0.146781
v 0.011081 0.865016 0.159801
v 0.143893 -0.956839 0.170038
v -0.230180 -0.934191 0.174331
v -0.164798 -0.906388 0.161342
v 0.214692 -0.917204 0.179265
v -0.157947 -0.178337 0.162951
v 0.005317 -0.086494 0.163063
v -0.011259 -0.094522 0.160714
v -0.008376 -0.082347 0.157847
v 0.067712 -0.047923 0.164454
v -0.109641 0.003078 0.158859
v -0.079036 0.030986 0.160626
v -0.053104 0.041692 0.159199
v 0.136453 0.018419 0.154619
v -0.099291 0.034449 0.156681
v -0.069977 0.069381 0.156778
v 0.093034 0.123743 0.153655
v -0.097633 0.152769 0.155398
v 0.078546 0.160543 0.157233
v 0.072795 0.216512 0.153564
v 0.060590 0.220054 0.157711
v -0.019905 0.233421 0.157790
v -0.101906 0.252350 0.161803
v -0.021419 0.251843 0.151253
v -0.084173 0.269039 0.151339
v -0.017591 0.259463 0.157983
v 0.042380 0.264378 0.149944
v 0.102901 0.263136 0.153890
v -0.038777 0.295020 0.158901
v -0.024021 0.302042 0.153738
v 0.095309 0.301786 0.164035
v -0.007202 0.320040 0.153399
v 0.005839 0.317231 0.152344
v 0.018430 0.318371 0.155310
v -0.014565 0.339511 0.156269
v -0.013581 0.356661 0.151764
v -0.011696 0.380094 0.152056
v 0.018125 0.382866 0.157120
v -0.004884 0.360647 0.157210
v -0.002661 0.406516 0.154277
v -0.011824 0.430505 0.155055
v -0.004985 0.416455 0.156251
v 0.027352 0.423382 0.153308
v 0.022772 0.414800 0.152968
v 0.026276 0.438344 0.154223
v 0.070211 0.452268 0.160205
v -0.074892 0.503974 0.159833
v -0.015418 0.508282 0.157617
v 0.049122 0.504145 0.162840
v 0.077205 0.504325 0.160767
v -0.010336 0.822133 0.162551
v 0.002271 0.824442 0.154276
v 0.019799 0.825086 0.154836
v 0.032766 0.852467 0.157922
v -0.037615 0.858415 0.159461
v -0.010699 0.873417 0.162235
v -0.020392 -0.243886 0.165205
v -0.029532 -0.189771 0.165691
v -0.001818 -0.251120 0.163036
v 0.005135 -0.195183 0.164418
v 0.019112 -0.257256 0.166190
v -0.006470 -0.157102 0.164219
v 0.004056 -0.098138 0.164347
v -0.016796 -0.103046 0.164449
v -0.015265 -0.086546 0.163501
v -0.130005 -0.072701 0.172903
v 0.018088 -0.080878 0.165710
v -0.113640 -0.062193 0.165165
v -0.031009 -0.042639 0.163931
v -0.013397 -0.030491 0.162039
v -0.039550 -0.114324 0.164674
v -0.051096 -0.016149 0.162045
v -0.093998 -0.014604 0.163395
v 0.115152 -0.017909 0.164446
v -0.068740 -0.033968 0.167170
v 0.114781 0.056271 0.156686
v 0.016964 0.063282 0.161123
v 0.023448 0.047939 0.155881
v 0.049285 0.075015 0.156697
v 0.095536 0.101888 0.156797
v 0.085931 0.083658 0.158795
v 0.069228 0.099605 0.156686
v 0.071253 0.119278 0.161699
v -0.093079 0.093746 0.163095
v 0.072880 0.198465 0.158740
v -0.046593 0.209150 0.158955
v -0.038470 0.223831 0.161682
v 0.033440 0.236392 0.159011
v 0.015171 0.246665 0.156157
v 0.021678 0.263548 0.151921
v -0.007365 0.242680 0.158952
v -0.045973 0.271296 0.159629
v 0.015385 0.267403 0.160065
v 0.074792 0.264248 0.160767
v 0.083158 0.265414 0.158766
v 0.089916 0.255485 0.161669
v -0.092279 0.276492 0.158096
v 0.071279 0.287055 0.158286
v -0.103328 0.277892 0.157429
v -0.018498 0.303284 0.165171
v 0.023722 0.300852 0.160068
v 0.039160 0.299379 0.159807
v 0.082104 0.296532 0.163398
v 0.016048 0.310327 0.158015
v 0.015282 0.332972 0.162847
v -0.007366 0.337423 0.162582
v 0.015086 0.351260 0.162441
v 0.013212 0.379514 0.159320
v 0.017948 0.428351 0.162442
v -0.049890 0.442425 0.156532
v -0.013600 0.450220 0.162438
v -0.075632 0.465651 0.162057
v -0.045088 0.504522 0.161690
v 0.027997 0.501359 0.162437
v 0.013001 0.509144 0.165313
v 0.015090 0.836338 0.155180
v -0.032810 0.840561 0.162782
v 0.232787 -0.956190 0.174862
v -0.000992 -0.258340 0.168903
v 0.022201 -0.266751 0.168974
v -0.021517 -0.247747 0.174159
v 0.020891 -0.191616 0.167293
v -0.051095 -0.227184 0.170058
v -0.125917 -0.196560 0.169767
v -0.101118 -0.197318 0.169602
v -0.103790 -0.101633 0.168710
v 0.018000 -0.114680 0.167077
v 0.024740 -0.153669 0.171191
v 0.023163 -0.098626 0.172417
v 0.027789 -0.066141 0.164410
v -0.061770 -0.089979 0.170139
v 0.022056 -0.027418 0.162856
v 0.025774 -0.017989 0.160912
v 0.018665 -0.000864 0.162960
v 0.023885 0.034545 0.158337
v 0.057745 -0.019122 0.163083
v 0.056619 0.053616 0.159699
v 0.096977 0.001498 0.163105
v 0.112213 -0.000042 0.164337
v 0.104663 0.013092 0.161516
v 0.016764 0.045936 0.163135
v 0.036499 0.080826 0.160581
v 0.018399 0.081172 0.161537
v 0.054255 0.121718 0.160382
v 0.054956 0.159439 0.164166
v -0.053115 0.123457 0.161763
v -0.065402 0.146493 0.160027
v -0.071050 0.124897 0.162741
v -0.047852 0.151716 0.164489
v -0.014542 0.219012 0.167953
v 0.015085 0.225915 0.162588
v 0.005563 0.240111 0.166544
v 0.000526 0.257736 0.156805
v 0.010467 0.249209 0.161014
v -0.015725 0.269603 0.163077
v 0.004734 0.266382 0.160639
v -0.026198 0.275236 0.160756
v 0.088181 0.278008 0.162854
v 0.094122 0.290710 0.159508
v 0.015190 0.410208 0.158865
v -0.002236 0.441496 0.162013
v 0.024474 0.452252 0.163739
v -0.041724 0.453892 0.161640
v 0.082321 0.484015 0.163855
v 0.019049 0.504362 0.171986
v 0.007637 0.503343 0.171503
v 0.001323 0.841436 0.165052
v -0.225997 -0.956457 0.189537
v -0.142418 -0.944598 0.174082
v 0.229998 -0.948362 0.184276
v -0.144788 -0.929003 0.179925
v 0.028009 -0.233730 0.171757
v -0.051828 -0.232505 0.175505
v -0.109208 -0.203636 0.171097
v -0.079415 -0.212196 0.170507
v -0.053240 -0.158184 0.170842
v 0.025113 -0.187580 0.174619
v -0.139213 -0.170802 0.172638
v 0.023635 -0.115883 0.173000
v 0.023459 -0.065269 0.168623
v 0.020885 -0.040367 0.171768
v 0.027632 -0.040293 0.162495
v 0.027307 -0.049262 0.165856
v 0.079703 -0.036747 0.167185
v 0.069712 -0.023228 0.167091
v 0.017847 -0.003824 0.174547
v -0.087993 0.057503 0.167829
v 0.016258 0.065679 0.171694
v -0.016313 0.052481 0.166006
v -0.013901 0.061662 0.164872
v -0.018325 0.075021 0.163500
v -0.032824 0.088392 0.162553
v -0.043936 0.077001 0.166257
v 0.014840 0.084705 0.171111
v -0.017646 0.122310 0.166486
v 0.018689 0.101159 0.161950
v 0.018875 0.134556 0.161879
v 0.019825 0.173201 0.163978
v 0.014889 0.160593 0.165796
v 0.014651 0.174859 0.165039
v 0.011380 0.179025 0.170457
v 0.042584 0.196681 0.163714
v 0.011801 0.214470 0.166379
v -0.017923 0.196085 0.163813
v 0.005033 0.224287 0.171872
v 0.009430 0.284505 0.165794
v -0.013496 0.286709 0.166707
v -0.003136 0.290708 0.161507
v -0.000080 0.303091 0.166449
v 0.016781 0.460098 0.174204
v 0.065073 0.470593 0.167170
v -0.039550 0.466649 0.167400
v -0.070157 0.486107 0.164476
v -0.023527 0.481613 0.168887
v -0.015995 0.491329 0.166641
v -0.007084 0.495818 0.170504
v 0.038856 0.501869 0.172029
v 0.059868 0.493942 0.166445
v -0.012147 0.848280 0.168842
v -0.021260 0.859964 0.165538
v 0.208353 -0.956638 0.215613
v 0.193942 -0.921678 0.211233
v -0.189567 -0.920840 0.215892
v 0.176529 -0.918417 0.198111
v 0.022873 -0.264040 0.176920
v -0.079850 -0.219422 0.177171
v -0.120866 -0.194530 0.177446
v 0.017002 0.029644 0.172518
v -0.011521 0.023036 0.167795
v -0.055669 0.016989 0.170199
v -0.001287 0.010509 0.171714
v -0.004639 0.083849 0.169846
v -0.074450 0.016347 0.172842
v -0.008042 0.143628 0.171000
v 0.012142 0.132678 0.170922
v -0.017910 0.159020 0.166809
v 0.009910 0.158106 0.172813
v 0.007078 0.186377 0.172130
v -0.003801 0.462976 0.172136
v -0.013135 0.468820 0.169347
v 0.026114 0.475208 0.166589
v 0.049579 0.484361 0.169453
v 0.038135 0.485204 0.169020
v 0.019129 0.479865 0.183272
v -0.154683 -0.956631 0.195270
v 0.000523 -0.252465 0.174222
v 0.022685 -0.159933 0.176802
v 0.018799 -0.069994 0.176029
v -0.025702 -0.086453 0.173487
v -0.046553 -0.041445 0.171290
v -0.040076 -0.092248 0.172410
v -0.029910 -0.042601 0.172962
v -0.008111 -0.058491 0.171191
v 0.006614 0.069040 0.172035
v 0.008236 0.133666 0.172628
v 0.002719 0.476231 0.174909
v 0.037050 0.492874 0.178310
v -0.011737 0.488256 0.177519
v 0.052307 0.498365 0.175883
v 0.007004 0.484522 0.177582
v 0.156778 -0.930508 0.189400
v -0.216685 -0.930353 0.205275
v -0.204738 -0.924238 0.212241
v -0.036979 -0.222066 0.179163
v 0.011987 -0.225302 0.176316
v 0.021822 -0.205304 0.177426
v -0.002657 -0.223791 0.171928
v -0.027940 -0.209804 0.174324
v -0.094994 -0.209393 0.180703
v -0.049290 -0.201630 0.178943
v -0.002824 -0.153954 0.172463
v -0.034571 -0.165335 0.174001
v 0.017528 -0.148613 0.177796
v -0.105984 -0.173517 0.178522
v 0.005726 -0.103082 0.176027
v 0.019786 -0.100988 0.176716
v -0.111634 -0.105703 0.178277
v -0.005627 -0.110991 0.172197
v -0.054883 -0.126243 0.179679
v -0.102002 -0.059854 0.178034
v -0.063547 -0.047722 0.177168
v 0.013812 -0.043516 0.176319
v -0.157262 -0.945186 0.198145
v -0.067339 -0.219826 0.182127
v -0.072123 -0.188394 0.180173
v -0.079453 -0.122466 0.180392
v -0.217116 -0.947883 0.203998
v 0.216168 -0.928828 0.208367
v 0.223108 -0.955293 0.199644
v 0.169218 -0.954771 0.203815
v -0.167444 -0.921251 0.202415
v 0.172833 -0.930491 0.207502
v -0.169097 -0.932763 0.213224
v -0.175352 -0.956284 0.217618
v 0.208205 -0.945836 0.215232
v -0.184291 -0.924539 0.220165
v 0.187606 -0.955969 0.216583
v -0.197748 -0.955080 0.222181
v 0.189275 -0.948631 0.216972
v 0.196924 -0.931200 0.221043
v -0.200498 -0.945648 0.219885
v -0.190597 -0.930781 0.224030
vn -0.3053 -0.1123 -0.9456
vn -0.0568 -0.0295 -0.9980
vn -0.0640 -0.1335 -0.9890
vn 0.0256 -0.1112 -0.9935
vn 0.0798 -0.0077 -0.9968
vn 0.2638 -0.1050 -0.9588
vn -0.2596 -0.0065 -0.9657
vn -0.0236 0.0712 -0.9972
vn 0.1898 0.0809 -0.9785
vn 0.3804 -0.2147 -0.8996
vn -0.1871 -0.2065 -0.9604
vn 0.6097 -0.1420 -0.7798
vn 0.6657 -0.2130 -0.7152
vn -0.5637 -0.1601 -0.8103
vn 0.2978 -0.0200 -0.9544
vn -0.4656 -0.0172 -0.8848
vn -0.1404 0.1161 -0.9833
vn 0.0046 0.1803 -0.9836
vn 0.0725 -0.2277 -0.9710
vn -0.6415 -0.2348 -0.7303
vn -0.7136 -0.2371 -0.6592
vn 0.5111 -0.0296 -0.8590
vn 0.4496 0.0528 -0.8917
vn -0.3367 0.1296 -0.9327
vn 0.2618 0.1807 -0.9481
vn -0.1338 0.2269 -0.9647
vn 0.0799 0.2559 -0.9634
vn -0.1091 -0.2461 -0.9631
vn -0.0701 -0.3461 -0.9356
vn -0.6848 -0.3845 -0.6191
vn 0.3003 -0.1032 -0.9483
vn 0.3768 -0.4817 -0.7912
vn 0.3875 0.0546 -0.9202
vn 0.8834 -0.3506 -0.3110
vn 0.3460 -0.0797 -0.9349
vn 0.4379 -0.0264 -0.8986
vn -0.2023 0.0431 -0.9784
vn -0.0211 0.1100 -0.9937
vn -0.1960 0.0950 -0.9760
vn -0.3129 0.2226 -0.9233
vn -0.6847 -0.2922 -0.6676
vn 0.6845 -0.2790 -0.6735
vn 0.3982 -0.2595 -0.8798
vn 0.7921 -0.2767 -0.5440
vn 0.4507 -0.1956 -0.8710
vn 0.0767 -0.0000 -0.9971
vn 0.1339 -0.0825 -0.9876
vn 0.0094 -0.1280 -0.9917
vn -0.4918 -0.2130 -0.8443
vn -0.7343 -0.2144 -0.6440
vn -0.2656 -0.2965 -0.9173
vn 0.0320 -0.1199 -0.9923
vn 0.4536 -0.2763 -0.8473
vn 0.2639 -0.2111 -0.9412
vn -0.2320 -0.2203 -0.9474
vn -0.2093 -0.3512 -0.9126
vn -0.7383 -0.5672 -0.3649
vn 0.0663 0.0195 -0.9976
vn -0.2846 0.0282 -0.9582
vn 0.1803 -0.4959 -0.8495
vn -0.1346 -0.1553 -0.9787
vn -0.1681 -0.0713 -0.9832
vn 0.3082 -0.1110 -0.9448
vn -0.1839 0.0453 -0.9819
vn 0.1778 0.0574 -0.9824
vn -0.8002 -0.2213 -0.5575
vn -0.4559 0.0371 -0.8892
vn -0.4915 -0.1000 -0.8651
vn 0.6317 -0.1272 -0.7647
vn 0.0707 0.0965 -0.9928
vn -0.1519 0.0007 -0.9884
vn 0.0149 0.0178 -0.9997
vn -0.0627 0.0724 -0.9954
vn -0.2473 0.1289 -0.9603
vn 0.3010 0.1345 -0.9441
vn -0.0880 0.0931 -0.9918
vn -0.0101 0.2864 -0.9581
vn 0.0765 -0.6893 -0.7204
vn 0.9627 -0.2707 0.0002
vn -0.9497 -0.2897 -0.1187
vn 0.8744 -0.3494 -0.3367
vn 0.4939 -0.1236 -0.8607
vn 0.0684 -0.1937 -0.9787
vn -0.4583 -0.2709 -0.8465
vn 0.1474 -0.1582 -0.9763
vn -0.3794 -0.3271 -0.8655
vn 0.2956 -0.2974 -0.9079
vn -0.1047 -0.1530 -0.9827
vn -0.1794 -0.1327 -0.9748
vn 0.5455 -0.2997 -0.7827
vn 0.7603 -0.5218 -0.3869
vn -0.5613 0.0343 -0.8269
vn 0.1585 0.1157 -0.9806
vn 0.0079 0.1877 -0.9822
vn -0.0680 0.1927 -0.9789
vn 0.2162 0.2091 -0.9537
vn -0.1652 0.1982 -0.9661
vn -0.0994 0.3163 -0.9434
vn -0.2494 0.3029 -0.9198
vn -0.6467 -0.4324 -0.6284
vn -0.8791 -0.3015 -0.3692
vn 0.8154 -0.4231 -0.3951
vn -0.9256 -0.2419 0.2910
vn -0.7192 -0.6495 -0.2468
vn -0.4821 -0.3883 -0.7854
vn 0.0660 -0.4363 -0.8974
vn -0.3448 -0.2100 -0.9149
vn -0.3495 -0.1949 -0.9164
vn -0.6341 -0.4074 -0.6573
vn -0.7777 -0.3676 -0.5099
vn 0.6578 -0.3429 -0.6706
vn -0.5747 -0.0866 -0.8138
vn 0.4690 0.1525 -0.8699
vn 0.5842 0.0435 -0.8104
vn -0.4547 0.1774 -0.8728
vn 0.2249 0.2221 -0.9487
vn 0.2730 0.3029 -0.9131
vn 0.4040 -0.5282 0.7468
vn -0.6308 -0.0983 0.7697
vn -0.7589 -0.2191 0.6132
vn 0.6956 -0.5536 0.4579
vn -0.5844 -0.2597 0.7688
vn 0.4440 -0.3859 -0.8087
vn 0.3647 -0.5638 -0.7410
vn -0.2199 -0.2536 -0.9420
vn -0.2610 -0.2316 -0.9371
vn 0.3700 -0.2062 -0.9059
vn -0.3870 -0.1262 -0.9134
vn -0.3975 -0.1866 -0.8984
vn -0.4957 -0.1957 -0.8462
vn -0.6198 -0.0312 -0.7841
vn 0.6670 -0.0547 -0.7430
vn 0.4020 0.2347 -0.8851
vn -0.1993 0.2562 -0.9459
vn 0.1831 0.2843 -0.9411
vn -0.2351 0.2712 -0.9334
vn 0.1079 0.3496 -0.9307
vn -0.6261 -0.6854 0.3718
vn 0.4823 -0.0993 0.8704
vn 0.0671 -0.5020 -0.8623
vn -0.2567 -0.3919 -0.8835
vn -0.4797 -0.0957 -0.8722
vn 0.8076 -0.0110 -0.5896
vn 0.4087 -0.0966 0.9075
vn -0.0359 -0.5826 0.8119
vn -0.9598 -0.1835 0.2126
vn 0.9250 -0.3620 0.1153
vn -0.3478 -0.4727 0.8097
vn 0.6488 -0.3934 -0.6513
vn -0.6565 -0.4068 -0.6353
vn 0.3731 -0.3064 -0.8758
vn 0.2476 -0.2359 -0.9397
vn 0.4397 -0.1391 -0.8873
vn -0.0875 -0.1545 -0.9841
vn -0.5756 -0.2833 -0.7671
vn -0.7123 0.0537 -0.6998
vn 0.5773 0.1679 -0.7991
vn -0.1637 0.3153 -0.9348
vn -0.0067 0.3682 -0.9297
vn -0.0149 -0.0262 0.9995
vn -0.0731 0.0526 0.9959
vn -0.0152 -0.0601 0.9981
vn -0.9542 0.1258 -0.2715
vn 0.6990 -0.5576 -0.4478
vn -0.1945 -0.0545 0.9794
vn -0.6246 -0.5281 -0.5753
vn 0.4520 -0.4331 -0.7798
vn -0.1096 -0.9020 -0.4175
vn -0.1431 -0.3143 -0.9385
vn -0.3578 0.2258 0.9061
vn -0.0030 -0.1045 0.9945
vn 0.0133 -0.1837 -0.9829
vn 0.2669 0.1739 0.9479
vn 0.1507 0.0171 0.9884
vn 0.3701 0.2212 0.9023
vn -0.2694 -0.1731 0.9473
vn 0.7469 -0.2597 -0.6121
vn -0.8139 -0.2580 -0.5206
vn -0.9128 -0.1807 -0.3664
vn 0.7559 0.0644 -0.6515
vn -0.7242 0.1572 -0.6714
vn -0.4416 0.3119 -0.8412
vn 0.1401 0.2997 -0.9437
vn -0.1873 0.3751 -0.9079
vn -0.0354 -0.3811 0.9238
vn 0.0543 0.0582 0.9968
vn -0.7653 -0.5553 -0.3256
vn 0.9279 0.1683 0.3328
vn 0.8516 -0.3151 0.4189
vn 0.6323 -0.7240 -0.2757
vn -0.0395 -0.0683 0.9969
vn 0.6353 -0.5391 -0.5529
vn -0.0005 -0.0503 0.9987
vn 0.0485 -0.1491 -0.9876
vn -0.7367 -0.4407 -0.5128
vn -0.2708 -0.2258 -0.9358
vn -0.0555 -0.2533 -0.9658
vn 0.3214 -0.2384 -0.9164
vn -0.0895 -0.1455 0.9853
vn 0.1809 -0.2442 -0.9527
vn 0.0330 -0.1958 -0.9801
vn 0.0686 -0.1768 0.9819
vn 0.2466 -0.1269 0.9608
vn 0.7157 -0.4970 -0.4907
vn 0.8923 -0.3897 -0.2279
vn -0.2403 0.1021 0.9653
vn -0.4947 0.1849 0.8492
vn -0.1847 0.0517 0.9814
vn -0.0347 -0.0325 0.9989
vn 0.3789 0.0793 0.9220
vn -0.2993 -0.1693 0.9390
vn -0.5779 0.0949 0.8106
vn -0.1793 -0.0509 0.9825
vn 0.0974 -0.0613 0.9934
vn 0.3627 -0.2980 0.8830
vn -0.4297 -0.2607 0.8645
vn -0.0614 -0.1926 0.9794
vn -0.6436 -0.0086 0.7653
vn 0.2466 -0.2203 0.9437
vn 0.9592 -0.2413 -0.1475
vn -0.6818 0.2739 -0.6783
vn 0.5098 0.3012 -0.8058
vn 0.2241 0.3541 -0.9080
vn -0.1979 0.3497 -0.9157
vn -0.3561 -0.4747 0.8049
vn -0.7933 -0.5730 0.2059
vn -0.3293 -0.8115 0.4827
vn -0.5735 -0.5208 -0.6324
vn 0.9037 0.1666 -0.3944
vn 0.0032 -0.9590 -0.2836
vn -0.1083 -0.6482 -0.7538
vn -0.8278 0.1347 -0.5446
vn 0.2092 -0.4159 -0.8850
vn 0.2686 -0.2892 0.9188
vn -0.9175 -0.3781 -0.1235
vn 0.2326 0.1031 0.9671
vn 0.4657 0.0984 0.8795
vn 0.1913 -0.2370 0.9525
vn -0.0891 -0.2380 0.9672
vn -0.3478 0.0970 0.9325
vn 0.5990 0.0273 0.8003
vn -0.3223 -0.3062 0.8958
vn 0.5381 -0.1364 0.8317
vn -0.2536 -0.2111 0.9440
vn -0.1531 -0.3379 0.9286
vn 0.0977 -0.2616 0.9602
vn -0.9844 -0.1341 -0.1141
vn 0.9924 -0.1145 -0.0457
vn 0.8216 0.1806 -0.5407
vn 0.2081 0.3676 -0.9064
vn -0.9965 0.0832 0.0097
vn 0.6852 -0.4639 0.5615
vn -0.0368 -0.7380 -0.6738
vn -0.7504 -0.3720 0.5463
vn -0.6621 -0.6550 0.3641
vn 0.7330 -0.6718 0.1065
vn 0.7711 -0.1271 0.6239
vn 0.0035 -0.9589 -0.2836
vn -0.6901 0.2124 0.6919
vn -0.1084 -0.6485 -0.7535
vn 0.0302 -0.1314 0.9909
vn 0.4316 -0.1331 0.8922
vn 0.5700 0.1751 0.8028
vn -0.2417 0.0274 0.9700
vn 0.8285 -0.4933 0.2652
vn -0.5188 0.1209 0.8463
vn -0.4207 0.0047 0.9072
vn 0.3813 0.0794 0.9210
vn 0.6376 -0.0867 0.7655
vn -0.5960 -0.0482 0.8015
vn -0.1416 -0.2945 0.9451
vn -0.2265 0.3944 -0.8906
vn 0.2350 0.3850 -0.8925
vn -0.1688 -0.4054 0.8984
vn -0.6814 -0.4827 0.5502
vn 0.7711 -0.1269 0.6239
vn -0.6247 -0.5280 -0.5753
vn 0.6429 0.2012 0.7391
vn 0.4314 -0.1328 0.8923
vn 0.4317 -0.1331 0.8921
vn 0.0978 -0.0083 0.9952
vn 0.1163 -0.0745 0.9904
vn -0.9588 -0.2668 0.0979
vn 0.0206 -0.2632 0.9645
vn 0.2110 -0.2872 0.9343
vn -0.9579 0.0161 -0.2867
vn 0.9761 -0.0523 -0.2111
vn -0.8692 0.1758 -0.4622
vn 0.7318 0.3010 -0.6115
vn 0.5188 0.3918 -0.7598
vn -0.3654 0.3987 -0.8412
vn -0.1803 0.3906 -0.9028
vn 0.0902 -0.1373 0.9864
vn 0.1093 -0.1045 0.9885
vn -0.3675 -0.1883 0.9108
vn 0.4318 -0.1332 0.8921
vn 0.1344 -0.0856 0.9872
vn -0.5003 0.1191 0.8576
vn -0.7339 -0.3784 0.5640
vn 0.4238 0.1307 0.8963
vn -0.0940 0.0527 0.9942
vn -0.1389 -0.0775 0.9873
vn -0.3772 0.0904 0.9217
vn 0.2336 0.0682 0.9699
vn 0.2527 -0.1072 0.9616
vn -0.0855 -0.0733 0.9936
vn 0.2062 -0.0546 0.9770
vn 0.6536 0.1055 0.7495
vn -0.6226 0.0861 0.7778
vn -0.3385 -0.0739 0.9381
vn 0.0246 -0.1211 0.9923
vn 0.3380 -0.1078 0.9350
vn 0.0977 -0.3083 0.9463
vn 0.2631 0.4095 -0.8736
vn -0.0258 0.3934 -0.9190
vn 0.4295 0.1183 0.8953
vn 0.0683 -0.0576 0.9960
vn -0.5999 -0.2632 0.7556
vn 0.6939 -0.2870 0.6604
vn -0.2227 -0.1228 0.9671
vn 0.3457 -0.0499 0.9370
vn -0.1718 -0.1876 0.9671
vn -0.8185 -0.2387 0.5226
vn -0.0751 -0.3068 0.9488
vn -0.5861 0.3766 -0.7174
vn -0.2070 0.3933 -0.8958
vn 0.1067 0.3939 -0.9129
vn 0.3063 -0.2067 0.9292
vn 0.1720 -0.0238 0.9848
vn -0.4003 -0.0847 0.9125
vn 0.1038 -0.0899 0.9905
vn 0.5958 -0.2216 0.7720
vn 0.2778 -0.1215 0.9529
vn -0.6980 -0.2110 0.6843
vn 0.0060 -0.3121 0.9500
vn 0.3415 -0.2019 0.9179
vn -0.2083 -0.3674 0.9065
vn 0.1772 -0.3806 0.9076
vn -0.3819 -0.1890 0.9047
vn 0.0929 -0.3984 0.9125
vn 0.9427 -0.3336 -0.0104
vn 0.8835 0.0798 -0.4615
vn 0.9060 0.0990 -0.4115
vn -0.8942 0.0878 -0.4390
vn -0.0941 -0.0742 0.9928
vn -0.2368 -0.1757 0.9555
vn 0.1999 -0.2017 0.9588
vn 0.2361 -0.2960 0.9255
vn -0.6228 -0.0232 -0.7820
vn -0.2745 0.0553 -0.9600
vn 0.2610 0.0452 -0.9643
vn -0.5500 -0.0747 -0.8318
vn -0.0646 0.0338 -0.9973
vn 0.3697 -0.0537 -0.9276
vn 0.0204 -0.3521 0.9357
vn 0.6164 -0.2952 0.7300
vn -0.7884 -0.5553 0.2646
vn -0.8260 -0.0638 -0.5601
vn -0.1617 -0.3848 0.9087
vn 0.4370 -0.3274 -0.8378
vn 0.6646 0.2109 -0.7168
vn -0.6160 0.2139 -0.7581
vn -0.6187 0.3267 -0.7145
vn -0.3122 0.4281 -0.8481
vn -0.0034 -0.1567 0.9876
vn -0.0361 -0.1367 -0.9900
vn -0.7396 -0.0064 -0.6731
vn -0.9487 -0.2263 0.2210
vn -0.2414 -0.2417 -0.9398
vn 0.6995 -0.2681 -0.6625
vn -0.0915 -0.2272 0.9695
vn 0.4395 -0.3974 -0.8056
vn -0.0619 -0.3514 0.9342
vn 0.4071 -0.6093 0.6805
vn -0.3249 0.0808 -0.9423
vn 0.3862 0.2725 -0.8812
vn -0.8502 0.1021 -0.5164
vn -0.1442 -0.4051 0.9028
vn 0.3666 0.0977 -0.9252
vn -0.1541 0.1101 -0.9819
vn 0.9153 0.0784 -0.3950
vn 0.4137 0.1676 -0.8948
vn -0.3944 0.0737 -0.9160
vn 0.4659 0.4259 -0.7756
vn 0.2652 0.4042 -0.8754
vn -0.0726 0.3400 -0.9376
vn 0.0325 -0.3922 -0.9193
vn -0.0111 -0.1982 0.9801
vn 0.7869 -0.0007 -0.6171
vn 0.9957 0.0106 0.0925
vn -0.2141 -0.2067 0.9547
vn 0.9434 -0.1618 -0.2894
vn -0.2411 -0.2898 0.9262
vn -0.9654 -0.0730 -0.2502
vn 0.0011 -0.4630 0.8864
vn -0.5702 0.2721 -0.7751
vn 0.4016 0.2256 -0.8876
vn 0.6234 0.3385 -0.7049
vn -0.5275 0.4166 -0.7404
vn 0.2497 0.3645 -0.8971
vn -0.0411 -0.4960 -0.8674
vn 0.8572 0.0187 -0.5147
vn -0.8317 -0.0169 -0.5550
vn 0.8440 -0.5354 -0.0311
vn -0.8859 -0.4550 -0.0902
vn 0.8455 -0.2389 0.4776
vn -0.9535 -0.2424 -0.1788
vn 0.9204 -0.2712 0.2815
vn 0.0845 -0.4758 0.8755
vn 0.5523 -0.1282 0.8238
vn 0.8648 0.2317 -0.4455
vn 0.1082 0.3518 -0.9298
vn -0.9443 0.1798 0.2758
vn 0.8297 0.1855 0.5264
vn 0.4247 -0.3188 0.8473
vn -0.8853 -0.3188 0.3386
vn -0.8632 -0.1288 0.4881
vn 0.1661 -0.2245 0.9602
vn -0.3549 -0.2655 0.8964
vn 0.9179 -0.2506 0.3078
vn 0.0402 -0.3523 0.9350
vn -0.6770 -0.3192 0.6631
vn 0.0631 -0.4501 0.8907
vn -0.1583 -0.4181 0.8945
vn -0.9653 0.1947 -0.1738
vn 0.5666 0.3219 -0.7585
vn -0.2169 0.3581 -0.9081
vn -0.7725 -0.6334 0.0443
vn 0.3660 -0.4574 0.8104
vn -0.4395 0.0120 0.8982
vn -0.9952 -0.0319 -0.0923
vn 0.6389 -0.1548 0.7536
vn 0.9903 0.0517 -0.1289
vn 0.8103 -0.3100 0.4973
vn 0.0571 -0.3222 0.9449
vn 0.4878 -0.4339 0.7575
vn -0.2927 -0.2068 0.9336
vn -0.0336 -0.4026 0.9148
vn 0.9064 0.0490 0.4196
vn -0.6149 0.3773 -0.6925
vn -0.3680 -0.1235 0.9216
vn 0.2180 0.0250 0.9756
vn 0.7890 -0.2893 0.5421
vn -0.4460 -0.3561 0.8211
vn -0.6344 -0.3649 0.6815
vn 0.6265 -0.0629 0.7769
vn 0.1359 -0.3368 0.9317
vn -0.7646 -0.3871 0.5153
vn -0.2927 -0.3793 0.8777
vn -0.4481 -0.4919 0.7465
vn -0.0130 -0.4430 0.8964
vn 0.8726 0.3375 -0.3532
vn -0.8390 0.3477 -0.4186
vn 0.7434 0.4052 -0.5322
vn -0.6896 0.4199 -0.5900
vn -0.3364 0.4095 -0.8480
vn 0.3363 0.3930 -0.8558
vn 0.0800 -0.0494 0.9956
vn -0.3976 -0.1522 0.9048
vn -0.0461 -0.2471 0.9679
vn -0.5477 -0.0918 0.8316
vn -0.8219 -0.0057 0.5696
vn 0.5197 -0.4169 0.7458
vn 0.1895 -0.4604 0.8672
vn 0.9394 0.1144 0.3233
vn 0.6591 0.4224 -0.6223
vn 0.3886 -0.1636 0.9068
vn 0.5022 -0.2906 0.8145
vn 0.6517 -0.4463 0.6132
vn 0.3183 -0.5263 0.7885
vn -0.8362 0.0577 0.5454
vn -0.9290 0.1099 0.3533
vn -0.4918 0.4323 -0.7558
vn 0.0760 0.2693 -0.9601
vn -0.3157 -0.5107 0.7997
vn -0.0552 -0.4935 0.8680
vn 0.0080 -0.4388 0.8985
vn -0.0997 -0.5620 0.8211
vn -0.9598 0.2318 0.1583
vn -0.8021 0.4125 -0.4319
vn -0.6858 0.4340 -0.5842
vn -0.3564 0.3392 -0.8706
vn 0.2711 0.2535 -0.9286
vn -0.2565 0.2643 -0.9297
vn -0.0715 0.2381 -0.9686
vn 0.2209 -0.2888 0.9316
vn 0.1013 -0.2456 0.9641
vn 0.0874 -0.6457 0.7586
vn 0.0513 -0.5948 0.8022
vn -0.3112 -0.2103 0.9268
vn 0.3663 -0.4579 0.8101
vn 0.1567 -0.6736 0.7223
vn -0.2272 -0.6104 0.7588
vn 0.2477 -0.9616 0.1180
vn 0.9617 0.2596 0.0875
vn 0.8900 0.3779 -0.2552
vn 0.5165 0.3701 -0.7722
vn 0.0931 0.2022 -0.9749
vn -0.2837 -0.4941 0.8218
vn 0.4074 -0.2223 0.8858
vn -0.1149 -0.8175 0.5644
vn -0.0015 -0.9555 0.2949
vn -0.9404 0.3302 -0.0813
vn 0.8183 0.4161 -0.3966
vn 0.3500 0.2872 -0.8916
vn -0.1240 0.1981 -0.9723
vn -0.2724 -0.5437 -0.7938
vn 0.0363 0.0699 -0.9969
vn -0.1685 -0.5129 -0.8418
vn -0.1783 0.0865 -0.9802
vn -0.7123 -0.0731 0.6981
vn 0.6246 -0.1540 0.7656
vn 0.8221 -0.0044 0.5693
vn 0.6919 0.4303 -0.5797
vn -0.5870 0.3527 -0.7287
vn -0.7084 0.4288 -0.5607
vn 0.6632 0.3570 -0.6578
vn -0.3802 0.2412 -0.8929
vn -0.3243 0.2085 -0.9227
vn 0.3335 0.2103 -0.9190
vn -0.0314 0.2451 -0.9690
vn -0.1889 0.2084 -0.9596
vn -0.2239 -0.9696 -0.0984
vn 0.3915 -0.6466 -0.6547
vn 0.0143 0.0425 -0.9990
vn 0.0639 0.1148 -0.9913
vn -0.3895 -0.9163 0.0935
vn -0.4290 -0.6107 -0.6656
vn -0.1159 0.0999 -0.9882
vn 0.2071 -0.1510 -0.9666
vn -0.4934 -0.6699 -0.5548
vn -0.0416 0.1316 -0.9904
vn 0.0356 0.0315 -0.9989
vn -0.2730 0.1939 -0.9423
vn 0.0304 0.0281 -0.9991
vn 0.6430 -0.4946 -0.5848
vn -0.0051 -0.6181 0.7861
vn -0.1224 -0.8927 0.4338
vn -0.0415 -0.7609 0.6475
vn -0.1869 -0.8319 0.5225
vn -0.0458 -0.7361 0.6753
vn 0.1345 -0.8077 0.5741
vn -0.9252 0.0788 0.3711
vn -0.8406 0.4076 -0.3567
vn -0.4941 0.2732 -0.8253
vn -0.3672 -0.7688 0.5236
vn -0.2756 -0.7783 0.5642
vn 0.7902 -0.5636 -0.2407
vn -0.0572 0.0790 -0.9952
vn 0.7187 -0.5896 -0.3685
vn -0.0713 0.0842 -0.9939
vn 0.7739 -0.6212 0.1230
vn -0.2661 0.0899 -0.9597
vn 0.4698 -0.2971 -0.8313
vn -0.0676 0.0561 -0.9961
vn 0.0185 0.0224 -0.9996
vn 0.2205 0.0178 -0.9752
vn 0.0610 0.0893 -0.9941
vn 0.0142 0.0304 -0.9994
vn 0.1238 0.0666 -0.9901
vn -0.0611 0.0586 -0.9964
vn -0.2444 -0.3416 0.9075
vn 0.3183 -0.9473 -0.0371
vn -0.0150 -0.9259 -0.3774
vn 0.3987 -0.8876 -0.2306
vn -0.2647 -0.9259 0.2695
vn -0.2845 -0.9064 -0.3122
vn 0.0793 -0.6756 -0.7330
vn -0.5369 -0.8414 -0.0611
vn -0.1598 -0.9059 0.3922
vn 0.4981 0.2828 -0.8197
vn 0.3642 0.2153 -0.9061
vn 0.1688 0.2751 -0.9465
vn -0.2742 0.3026 -0.9128
vn 0.0390 -0.5480 0.8356
vn 0.5304 -0.5159 0.6727
vn -0.3648 0.1636 -0.9166
vn 0.7356 -0.5029 -0.4540
vn -0.2042 0.0856 -0.9752
vn 0.0120 0.0747 -0.9971
vn -0.1378 0.0976 -0.9856
vn 0.1302 -0.4720 0.8719
vn -0.1700 -0.3222 -0.9313
vn 0.3457 -0.2634 -0.9006
vn 0.2082 -0.2654 -0.9414
vn -0.4269 -0.2306 -0.8744
vn -0.3537 -0.4185 -0.8365
vn 0.1146 -0.3004 -0.9469
vn 0.0960 -0.5544 -0.8267
vn -0.0939 -0.4359 -0.8951
vn -0.5712 -0.8092 0.1377
vn -0.0187 -0.6870 0.7264
vn -0.5723 -0.5929 -0.5664
vn 0.6521 -0.7571 0.0388
vn 0.3620 -0.9303 -0.0592
vn 0.4747 -0.5641 -0.6757
vn -0.2724 -0.9599 0.0659
vn -0.6070 -0.7883 -0.1008
vn 0.0913 -0.9491 -0.3013
vn 0.3904 -0.9123 -0.1237
vn -0.0216 -0.9201 -0.3910
vn 0.9547 0.1012 0.2797
vn 0.3936 0.2307 -0.8899
vn -0.3960 0.2456 -0.8848
vn 0.3866 0.2928 -0.8746
vn -0.0553 -0.3327 0.9414
vn -0.6051 -0.4695 -0.6430
vn 0.7615 -0.6468 0.0420
vn 0.6272 -0.2445 -0.7395
vn 0.4109 -0.5852 0.6991
vn 0.2917 0.1097 -0.9502
vn -0.3688 0.1121 -0.9227
vn 0.2735 0.1092 -0.9557
vn 0.1264 0.0778 -0.9889
vn 0.2817 0.1167 -0.9524
vn -0.0098 0.0398 -0.9992
vn -0.5015 -0.3495 -0.7914
vn -0.2143 -0.4007 -0.8908
vn -0.7209 -0.1500 -0.6766
vn 0.2677 -0.2129 -0.9397
vn -0.3155 -0.1654 -0.9344
vn -0.3845 -0.5343 -0.7528
vn 0.6097 -0.4294 -0.6663
vn 0.6278 -0.2237 -0.7455
vn -0.2150 -0.4332 -0.8753
vn -0.5976 -0.7359 0.3183
vn -0.5602 -0.8166 0.1391
vn 0.0816 -0.3642 -0.9277
vn 0.0260 -0.7012 -0.7125
vn 0.2789 -0.3480 -0.8950
vn -0.2414 -0.8694 0.4311
vn 0.3540 -0.7601 -0.5449
vn -0.2974 -0.6530 -0.6966
vn -0.5170 0.2401 -0.8216
vn 0.6286 0.2278 -0.7436
vn 0.3698 0.2589 -0.8923
vn 0.3970 0.2508 -0.8829
vn 0.0160 0.4549 -0.8904
vn 0.3246 0.4494 -0.8323
vn -0.0218 -0.0476 0.9986
vn 0.5611 -0.4558 0.6910
vn -0.2904 -0.9313 0.2198
vn 0.3682 -0.4546 0.8110
vn -0.3467 0.1111 -0.9314
vn -0.3152 0.0923 -0.9445
vn -0.1464 0.0493 -0.9880
vn -0.0530 0.1353 -0.9894
vn 0.1042 0.1682 -0.9802
vn -0.0965 0.2894 -0.9523
vn 0.0132 0.2995 -0.9540
vn 0.1246 -0.3735 -0.9192
vn 0.5939 -0.3556 -0.7217
vn -0.0176 -0.0486 -0.9987
vn -0.0087 -0.3131 -0.9497
vn -0.7585 -0.2153 -0.6151
vn -0.1303 -0.5230 -0.8423
vn 0.4001 -0.6869 0.6067
vn -0.6588 -0.2375 0.7138
vn -0.7419 -0.6470 -0.1761
vn 0.2234 -0.5964 -0.7710
vn -0.0401 -0.0012 -0.9992
vn -0.3621 -0.4548 -0.8136
vn -0.1427 -0.9896 -0.0208
vn 0.9113 0.3629 -0.1947
vn -0.8479 0.4212 -0.3220
vn 0.8010 0.3725 -0.4686
vn -0.7130 0.2344 -0.6609
vn 0.0080 -0.0428 0.9991
vn 0.1526 -0.1856 0.9707
vn 0.1075 -0.5610 0.8208
vn 0.1409 -0.0810 0.9867
vn 0.4637 -0.4261 0.7768
vn 0.2913 -0.1009 0.9513
vn -0.5666 0.2202 -0.7940
vn -0.4315 0.2519 -0.8662
vn 0.0159 -0.0470 0.9988
vn -0.0449 -0.0329 0.9985
vn -0.4817 0.1166 -0.8686
vn 0.0188 -0.1545 0.9878
vn 0.7223 -0.6637 0.1943
vn 0.4780 0.1329 -0.8683
vn 0.4831 0.1352 -0.8651
vn 0.2698 0.1837 -0.9452
vn -0.2650 0.1477 -0.9529
vn -0.2198 -0.3526 -0.9096
vn -0.4520 -0.2372 -0.8599
vn -0.3171 -0.3061 -0.8976
vn 0.4604 -0.2814 -0.8419
vn 0.7950 -0.2362 -0.5588
vn -0.5540 -0.6278 0.5468
vn 0.8837 -0.4272 -0.1914
vn 0.6924 -0.3446 0.6339
vn -0.9677 0.0602 0.2450
vn -0.9659 0.2580 0.0198
vn 0.6045 0.2185 -0.7660
vn -0.3887 0.4065 -0.8268
vn -0.2755 0.5493 -0.7889
vn -0.1773 -0.0784 0.9810
vn 0.0816 -0.1343 0.9876
vn -0.0075 -0.1952 0.9807
vn 0.7809 -0.3635 -0.5080
vn 0.0871 -0.4996 -0.8619
vn -0.7871 -0.2698 -0.5547
vn 0.7965 -0.1484 0.5861
vn 0.9649 0.2616 0.0253
vn -0.8528 0.2215 -0.4730
vn 0.8038 0.2571 -0.5364
vn 0.8075 0.1911 -0.5581
vn 0.3959 0.3964 -0.8283
vn 0.2760 0.6850 -0.6742
vn 0.2611 -0.1105 0.9590
vn 0.0170 -0.3857 0.9225
vn -0.5302 0.1374 -0.8367
vn 0.1245 -0.2718 0.9543
vn 0.0027 -0.3576 0.9339
vn 0.0752 -0.4658 0.8817
vn -0.4753 0.1262 -0.8707
vn -0.1937 -0.2008 0.9603
vn -0.0056 -0.4237 0.9058
vn -0.5005 0.1144 -0.8581
vn 0.4770 0.1964 -0.8567
vn -0.2832 0.3181 -0.9048
vn 0.1792 0.3562 -0.9171
vn 0.0289 0.3272 -0.9445
vn -0.1070 0.3754 -0.9207
vn 0.3115 -0.4768 -0.8220
vn 0.0289 -0.3524 -0.9354
vn -0.8109 -0.2035 -0.5486
vn 0.8292 -0.1935 -0.5244
vn -0.6666 -0.3523 -0.6569
vn -0.7701 -0.3326 -0.5443
vn 0.7283 -0.0705 -0.6817
vn 0.7887 -0.5231 0.3230
vn -0.9287 -0.0888 0.3600
vn -0.8182 0.3231 -0.4755
vn -0.4583 0.3713 -0.8076
vn 0.5851 0.3626 -0.7254
vn -0.3379 0.5721 -0.7473
vn 0.3689 0.6169 -0.6952
vn -0.0643 0.7176 -0.6935
vn -0.2398 -0.1252 -0.9627
vn 0.1322 0.1817 -0.9744
vn 0.2169 -0.1448 -0.9654
vn -0.0767 -0.1210 -0.9897
vn 0.0767 0.0491 -0.9958
vn 0.2411 -0.1541 -0.9582
vn 0.2091 0.7659 -0.6080
vn -0.2699 0.5309 -0.8033
vn -0.4166 0.0497 -0.9077
vn -0.0491 0.8279 -0.5588
vn -0.0123 0.9872 -0.1591
vn 0.0904 -0.6834 0.7244
vn -0.2989 -0.9512 0.0765
vn -0.7079 -0.2142 -0.6731
vn 0.4194 -0.1216 0.8996
vn -0.3393 -0.0996 0.9354
vn 0.6244 0.2039 -0.7540
vn -0.4513 0.1877 -0.8724
vn -0.0992 -0.5065 -0.8565
vn -0.3024 -0.3779 -0.8751
vn -0.3625 -0.4769 -0.8007
vn 0.7768 -0.4726 -0.4162
vn 0.5569 -0.5103 -0.6554
vn -0.5901 -0.2016 -0.7818
vn -0.9754 -0.2055 -0.0800
vn 0.7773 -0.3881 -0.4952
vn -0.9853 0.0135 0.1705
vn 0.9927 0.1106 -0.0491
vn -0.7659 0.2426 -0.5955
vn -0.2203 -0.1706 -0.9604
vn 0.0615 -0.1745 -0.9827
vn -0.4310 -0.1740 -0.8854
vn -0.6645 -0.0822 -0.7427
vn 0.5725 -0.0746 -0.8165
vn 0.4906 -0.0441 -0.8703
vn -0.5938 0.3141 -0.7408
vn 0.1412 0.6474 -0.7489
vn 0.2785 -0.1772 -0.9439
vn -0.1264 0.1872 -0.9742
vn 0.5545 0.2488 -0.7941
vn 0.4049 -0.4545 0.7934
vn -0.5937 0.2178 -0.7746
vn -0.6294 0.1398 -0.7644
vn 0.3956 -0.1540 0.9054
vn -0.4327 -0.1469 0.8895
vn -0.0124 -0.5911 0.8065
vn -0.0702 -0.5577 0.8271
vn 0.0203 -0.5402 0.8413
vn -0.3024 -0.3222 0.8971
vn 0.3580 0.3113 -0.8803
vn 0.0365 0.3714 -0.9278
vn -0.1254 0.3747 -0.9186
vn 0.1076 -0.4098 -0.9058
vn -0.7556 -0.3935 -0.5237
vn 0.8481 -0.2517 -0.4662
vn -0.7110 -0.2724 -0.6483
vn 0.9833 0.1030 -0.1497
vn -0.8884 -0.3709 -0.2705
vn 0.9918 -0.0268 -0.1250
vn -0.9487 0.2913 0.1230
vn -0.9095 0.3519 -0.2215
vn -0.4547 0.5900 -0.6672
vn -0.2584 0.7229 -0.6408
vn 0.3226 -0.1422 -0.9358
vn 0.1002 -0.1751 -0.9794
vn -0.2525 -0.1508 -0.9558
vn 0.5149 -0.1464 -0.8447
vn 0.0297 0.9953 0.0922
vn -0.4443 0.8948 0.0436
vn -0.6731 0.1642 -0.7211
vn -0.8212 -0.0237 -0.5702
vn -0.5871 0.5316 -0.6104
vn 0.5414 -0.1372 0.8295
vn 0.1252 -0.5895 0.7980
vn -0.6437 0.1595 -0.7485
vn 0.7228 0.0840 -0.6859
vn 0.7238 -0.6893 0.0322
vn 0.2333 -0.4225 0.8758
vn 0.0939 -0.7574 0.6462
vn 0.0811 -0.6898 0.7195
vn -0.0953 -0.5363 0.8386
vn 0.6783 0.1732 -0.7141
vn -0.2873 0.4097 -0.8658
vn 0.2552 -0.4416 -0.8602
vn -0.0867 -0.4272 -0.9000
vn 0.0202 -0.3236 -0.9460
vn 0.0072 -0.3430 -0.9393
vn 0.6820 -0.4173 -0.6006
vn 0.7081 -0.4107 -0.5744
vn -0.7435 -0.2925 -0.6014
vn -0.4123 -0.4661 -0.7828
vn 0.3281 0.1266 -0.9361
vn -0.3896 0.0718 -0.9182
vn 0.4348 0.2549 -0.8637
vn 0.9629 -0.0594 -0.2631
vn 0.9031 0.2627 -0.3398
vn -0.9879 0.1172 -0.1018
vn 0.9660 0.2313 -0.1159
vn 0.9206 0.2116 -0.3281
vn 0.8516 0.2484 -0.4615
vn -0.6919 0.4868 -0.5332
vn 0.5002 0.6034 -0.6211
vn 0.1490 0.8863 -0.4386
vn -0.5652 -0.0481 -0.8235
vn -0.7340 -0.1004 -0.6717
vn 0.2873 0.8209 -0.4935
vn 0.4992 -0.0341 -0.8658
vn -0.0674 0.2288 -0.9711
vn -0.0569 0.9138 0.4023
vn 0.7572 -0.2327 -0.6103
vn -0.5075 -0.1817 -0.8423
vn -0.2977 0.2097 -0.9313
vn 0.4863 -0.1699 -0.8571
vn 0.5832 0.2750 -0.7644
vn -0.6017 -0.1918 0.7754
vn -0.6001 0.1437 -0.7869
vn -0.1186 -0.7829 0.6107
vn -0.6608 0.1482 -0.7358
vn -0.6397 0.1728 -0.7489
vn 0.3615 0.4459 -0.8188
vn -0.0660 0.4626 -0.8841
vn 0.0611 0.5586 -0.8272
vn 0.1791 0.4528 -0.8734
vn -0.4466 -0.4514 -0.7725
vn -0.2013 -0.4711 -0.8588
vn 0.4452 -0.4295 -0.7857
vn 0.5245 -0.3883 -0.7577
vn -0.0099 -0.2928 -0.9561
vn 0.1734 -0.4696 -0.8657
vn -0.0493 0.0833 -0.9953
vn -0.0801 -0.3699 -0.9256
vn 0.1364 0.0387 -0.9899
vn 0.0900 0.0668 -0.9937
vn -0.0363 0.0779 -0.9963
vn 0.1055 0.2107 -0.9718
vn -0.7020 0.0302 -0.7115
vn 0.3682 0.2219 -0.9029
vn -0.2056 0.0900 -0.9745
vn -0.2699 0.0090 -0.9629
vn -0.8027 0.2151 -0.5562
vn 0.1510 0.2011 -0.9679
vn -0.9725 -0.1574 -0.1714
vn 0.2751 0.2593 -0.9258
vn -0.7668 0.3682 -0.5258
vn 0.2820 -0.2996 -0.9114
vn 0.8091 -0.0837 -0.5817
vn 0.7268 -0.0140 -0.6867
vn -0.6688 -0.0464 -0.7420
vn -0.7639 -0.1378 -0.6304
vn 0.3258 0.9303 0.1686
vn 0.0125 0.9812 0.1928
vn 0.7579 0.2692 -0.5942
vn 0.8126 0.1036 -0.5736
vn 0.3259 0.6481 -0.6883
vn -0.2914 -0.5188 0.8037
vn 0.7292 -0.6827 0.0475
vn 0.8900 -0.2478 -0.3828
vn -0.6702 0.1606 -0.7246
vn 0.5973 -0.2797 0.7517
vn -0.1184 -0.7179 0.6860
vn -0.2402 -0.6304 0.7381
vn -0.5097 0.3292 -0.7949
vn 0.5671 0.3330 -0.7533
vn 0.8035 -0.3660 -0.4695
vn -0.7705 -0.4547 -0.4468
vn 0.4960 -0.5066 -0.7053
vn -0.1290 -0.5376 -0.8333
vn -0.0190 -0.7550 -0.6554
vn 0.4141 -0.5760 -0.7048
vn 0.1563 -0.5280 -0.8347
vn -0.2448 -0.5250 -0.8151
vn -0.0185 0.3495 -0.9367
vn -0.4682 -0.2349 -0.8518
vn 0.5152 -0.1942 -0.8348
vn 0.2516 0.1256 -0.9597
vn -0.0545 0.4358 -0.8984
vn 0.3624 -0.0249 -0.9317
vn -0.4045 0.0961 -0.9095
vn -0.0768 0.2848 -0.9555
vn -0.0578 0.3670 -0.9284
vn -0.9484 0.2368 -0.2108
vn -0.8863 0.3326 -0.3222
vn -0.1271 0.8589 -0.4961
vn -0.0856 -0.4569 -0.8854
vn -0.1206 -0.3603 -0.9250
vn 0.1171 -0.4638 -0.8782
vn -0.4912 -0.3713 -0.7879
vn 0.4801 -0.3211 -0.8163
vn -0.5785 -0.1186 -0.8070
vn 0.5627 -0.0719 -0.8235
vn -0.5441 -0.0657 -0.8364
vn -0.7800 0.0066 -0.6257
vn 0.7905 -0.2487 -0.5597
vn -0.2640 0.2282 -0.9371
vn 0.1056 0.9928 0.0572
vn -0.0595 0.9650 -0.2553
vn -0.7603 -0.1420 -0.6339
vn 0.7626 0.4464 -0.4681
vn -0.1249 0.7814 -0.6114
vn -0.7916 -0.0249 -0.6105
vn 0.6766 -0.1702 0.7164
vn 0.6236 -0.1506 0.7671
vn -0.7177 0.2302 -0.6572
vn -0.7366 0.1593 -0.6573
vn 0.7292 0.2793 -0.6247
vn -0.0586 -0.8562 0.5133
vn -0.6986 -0.3444 0.6271
vn 0.1711 -0.8890 0.4248
vn 0.7012 0.2440 -0.6699
vn -0.7324 0.2578 -0.6302
vn -0.2305 0.4969 -0.8366
vn -0.5401 -0.3627 -0.7594
vn 0.4265 -0.7949 -0.4315
vn -0.2684 -0.4616 -0.8455
vn 0.0113 -0.4928 -0.8701
vn 0.2862 -0.4348 -0.8538
vn -0.0028 0.5188 -0.8549
vn 0.3994 0.2459 -0.8832
vn 0.5567 -0.0714 -0.8276
vn -0.2839 0.3247 -0.9022
vn -0.3679 0.3127 -0.8757
vn 0.4488 0.1729 -0.8768
vn 0.3099 0.4252 -0.8504
vn -0.0720 0.5909 -0.8035
vn -0.2558 0.6145 -0.7463
vn 0.1773 0.4808 -0.8587
vn 0.1261 0.5417 -0.8311
vn -0.8226 0.5537 -0.1291
vn -0.9357 0.2534 0.2453
vn -0.9697 0.2412 0.0399
vn 0.9510 0.1809 -0.2507
vn -0.3135 0.7284 -0.6092
vn 0.2734 0.8366 -0.4748
vn -0.1339 -0.4031 -0.9053
vn 0.1599 -0.3782 -0.9118
vn -0.6219 -0.4192 -0.6614
vn 0.6656 -0.3292 -0.6698
vn -0.9252 -0.0396 -0.3773
vn 0.9001 -0.1204 -0.4187
vn -0.8926 -0.0727 -0.4450
vn 0.5015 0.7501 -0.4312
vn 0.1308 0.9555 -0.2643
vn 0.1967 0.6587 -0.7263
vn 0.0242 0.9887 -0.1478
vn -0.1072 0.5996 -0.7931
vn -0.8578 -0.1986 -0.4740
vn -0.7864 0.1971 -0.5854
vn -0.5873 -0.2053 -0.7829
vn 0.7936 -0.1441 -0.5912
vn 0.7667 0.2189 -0.6035
vn -0.2111 0.8775 -0.4307
vn 0.3989 -0.6539 0.6428
vn -0.3704 -0.9285 -0.0254
vn 0.7415 -0.1552 0.6527
vn 0.6693 -0.5281 0.5226
vn -0.0557 -0.8981 0.4362
vn 0.1307 -0.9705 0.2025
vn -0.0316 -0.8544 0.5186
vn 0.8111 0.1830 -0.5555
vn -0.4554 0.4442 -0.7716
vn -0.0933 0.3747 -0.9225
vn 0.0301 0.4458 -0.8946
vn 0.2080 0.4833 -0.8504
vn -0.1568 -0.3041 -0.9397
vn -0.0151 -0.2347 -0.9719
vn -0.4412 -0.3333 -0.8332
vn 0.7317 -0.4302 -0.5287
vn -0.7071 -0.4294 -0.5618
vn -0.6678 -0.5941 -0.4484
vn 0.4828 -0.7525 -0.4478
vn 0.1645 -0.7575 -0.6318
vn -0.2191 -0.7540 -0.6192
vn -0.4194 0.1606 -0.8935
vn 0.8541 0.4008 -0.3315
vn 0.9267 0.2778 0.2530
vn 0.9295 0.2796 0.2407
vn 0.9673 0.2027 0.1522
vn 0.9906 0.1355 -0.0205
vn -0.9563 0.1805 -0.2302
vn 0.8405 0.4328 -0.3259
vn 0.0419 -0.3941 -0.9181
vn 0.5308 -0.3348 -0.7786
vn 0.9120 -0.1074 -0.3958
vn -0.8804 -0.1511 -0.4495
vn 0.7844 -0.1060 -0.6111
vn 0.9452 -0.1336 -0.2980
vn 0.8880 0.0322 -0.4587
vn 0.6398 -0.0835 -0.7640
vn -0.0453 0.4270 -0.9031
vn -0.3058 0.7184 -0.6248
vn -0.2243 0.6541 -0.7224
vn -0.0749 0.2215 -0.9723
vn -0.5523 0.4971 -0.6692
vn -0.8684 -0.1323 -0.4780
vn 0.3963 0.8605 -0.3202
vn 0.8812 -0.3683 -0.2963
vn 0.0068 -0.2374 -0.9714
vn 0.5334 -0.0177 -0.8456
vn -0.5813 0.0636 -0.8112
vn 0.2943 0.0616 -0.9537
vn 0.5316 0.0761 -0.8436
vn 0.2082 0.0496 -0.9768
vn -0.3264 -0.0496 -0.9439
vn 0.5758 0.3748 -0.7267
vn 0.0186 -0.0375 -0.9991
vn -0.3279 0.4846 -0.8109
vn 0.2623 0.5447 -0.7965
vn -0.5033 0.4704 -0.7248
vn 0.7350 0.5148 -0.4413
vn -0.7536 0.1798 -0.6323
vn -0.8387 -0.3685 0.4009
vn 0.6982 -0.5635 0.4415
vn 0.7972 0.2570 -0.5463
vn 0.8364 -0.5356 -0.1165
vn -0.8158 -0.4092 0.4088
vn 0.0424 -0.9181 0.3941
vn -0.0875 -0.9805 0.1761
vn 0.0753 -0.9955 0.0573
vn -0.6907 -0.7166 0.0967
vn 0.1561 -0.9565 0.2464
vn 0.0065 -0.0994 -0.9950
vn -0.0438 -0.1047 -0.9935
vn 0.1077 -0.1203 -0.9869
vn -0.0152 -0.2585 -0.9659
vn 0.0789 -0.2634 -0.9615
vn -0.4415 -0.6100 -0.6580
vn 0.4257 -0.2704 -0.8635
vn 0.5496 -0.0555 -0.8336
vn -0.6276 -0.1995 -0.7526
vn -0.0289 0.7039 -0.7097
vn -0.3750 0.6585 -0.6525
vn 0.2234 0.6809 -0.6975
vn 0.8169 0.5665 -0.1081
vn -0.0958 0.6502 -0.7537
vn -0.5469 0.7828 -0.2970
vn 0.3577 0.7897 -0.4984
vn -0.3451 -0.1566 -0.9254
vn -0.0091 -0.1505 -0.9886
vn 0.2931 -0.1353 -0.9465
vn 0.4208 -0.6192 -0.6630
vn -0.2568 -0.3946 -0.8822
vn -0.5334 -0.2978 -0.7917
vn -0.4088 -0.4834 -0.7741
vn 0.7721 -0.5442 -0.3284
vn -0.8129 -0.2473 -0.5273
vn 0.9497 -0.1008 -0.2964
vn -0.9640 -0.1614 -0.2113
vn -0.9286 -0.1227 -0.3502
vn -0.8907 -0.1592 -0.4259
vn -0.8716 -0.0783 -0.4840
vn 0.5103 0.2392 -0.8261
vn -0.6446 0.1453 -0.7506
vn -0.1484 -0.0934 -0.9845
vn 0.2772 0.0002 -0.9608
vn 0.6498 -0.3933 -0.6504
vn -0.7022 -0.4188 -0.5758
vn -0.2185 -0.2187 -0.9510
vn 0.7670 -0.0437 -0.6402
vn 0.2155 -0.3167 -0.9237
vn -0.0645 0.0715 -0.9953
vn -0.1024 -0.0996 -0.9897
vn 0.3576 -0.0069 -0.9338
vn 0.2787 0.4077 -0.8696
vn 0.1521 0.6750 -0.7220
vn -0.3236 0.5481 -0.7713
vn 0.0079 0.5124 -0.8587
vn 0.3762 0.8846 -0.2757
vn 0.7147 -0.1587 0.6812
vn -0.1579 -0.8281 0.5378
vn 0.0106 -0.0934 -0.9956
vn -0.1039 0.0931 -0.9902
vn 0.1102 0.1281 -0.9856
vn -0.0230 -0.1233 -0.9921
vn 0.0332 -0.0326 -0.9989
vn 0.1917 0.1173 -0.9744
vn -0.2963 -0.1522 -0.9429
vn -0.3871 -0.0269 -0.9216
vn -0.2554 -0.0198 -0.9666
vn -0.7241 -0.3527 -0.5927
vn 0.0127 0.0834 -0.9964
vn -0.0364 -0.1894 -0.9812
vn 0.1539 -0.1129 -0.9816
vn 0.0473 -0.9958 0.0786
vn -0.0398 -0.1710 -0.9845
vn 0.1051 -0.1500 -0.9831
vn -0.0682 -0.9906 0.1188
vn 0.6649 -0.6109 0.4298
vn 0.8499 -0.0807 -0.5207
vn 0.0521 -0.8731 -0.4848
vn -0.0832 -0.7675 -0.6356
vn 0.1173 -0.7577 -0.6419
vn 0.1627 -0.9074 -0.3875
vn -0.1144 -0.9885 -0.0988
vn -0.7743 0.1869 -0.6046
vn 0.8246 0.2307 -0.5166
vn -0.6996 0.3891 -0.5994
vn 0.5701 0.4424 -0.6923
vn 0.4666 0.4033 -0.7872
vn -0.2355 0.0540 -0.9704
vn -0.1285 -0.1442 -0.9812
vn 0.1358 -0.0019 -0.9907
vn -0.1874 0.1615 -0.9689
vn 0.2945 -0.2076 -0.9328
vn -0.0290 0.2048 -0.9784
vn 0.2172 0.2844 -0.9338
vn 0.1053 0.2040 -0.9733
vn -0.1740 0.0486 -0.9835
vn -0.0064 -0.0280 -0.9996
vn 0.0881 0.0901 -0.9920
vn -0.0971 -0.0796 -0.9921
vn 0.1046 0.0610 -0.9926
vn -0.3026 -0.1446 -0.9421
vn -0.1597 0.3933 -0.9054
vn 0.0800 0.6019 -0.7946
vn -0.0177 0.5641 -0.8255
vn 0.2931 -0.0588 -0.9543
vn -0.8637 -0.3798 -0.3314
vn 0.7546 -0.3760 -0.5378
vn -0.8667 -0.4481 -0.2191
vn 0.9036 -0.3563 -0.2376
vn 0.7442 -0.5861 -0.3205
vn -0.4370 -0.7814 -0.4455
vn 0.2763 -0.7895 -0.5481
vn 0.1956 -0.7438 -0.6392
vn -0.1769 -0.6015 -0.7791
vn 0.2458 -0.5771 -0.7788
vn -0.2944 0.1874 -0.9371
vn -0.2124 -0.2561 -0.9430
vn 0.1493 -0.1793 -0.9724
vn 0.1463 0.3640 -0.9198
vn -0.5861 0.3690 -0.7213
vn -0.2185 0.5669 -0.7943
vn 0.5971 0.3287 -0.7317
vn 0.6830 0.1526 -0.7143
vn -0.6211 0.3854 -0.6824
vn 0.5000 0.4981 -0.7084
vn -0.8739 0.4853 -0.0287
vn 0.4337 0.8363 -0.3355
vn 0.3340 0.7596 -0.5580
vn -0.0184 0.8933 -0.4491
vn -0.9018 0.2510 0.3517
vn -0.9908 0.1185 0.0656
vn -0.1981 0.8870 -0.4170
vn 0.1510 0.9492 -0.2761
vn 0.0310 -0.1297 -0.9911
vn 0.3276 -0.1637 -0.9305
vn 0.6010 -0.3660 -0.7105
vn -0.7235 -0.3649 -0.5860
vn 0.8825 -0.1623 -0.4414
vn -0.9128 -0.2823 -0.2951
vn 0.9980 -0.0576 0.0273
vn 0.8119 -0.3224 -0.4866
vn 0.5723 -0.8161 0.0801
vn -0.9323 0.0650 -0.3558
vn 0.2744 0.4229 -0.8636
vn -0.3247 -0.0432 -0.9448
vn 0.9659 -0.0314 -0.2570
vn 0.3540 -0.2056 -0.9124
vn 0.0341 -0.0617 -0.9975
vn -0.9456 0.0944 -0.3114
vn 0.0170 0.5664 -0.8239
vn 0.2120 0.5109 -0.8331
vn 0.7607 0.4235 -0.4919
vn -0.1150 0.3407 -0.9331
vn -0.5666 0.5402 -0.6223
vn 0.5653 -0.6286 0.5342
vn 0.0620 -0.0674 -0.9958
vn 0.1053 -0.0174 -0.9943
vn 0.2887 -0.0464 -0.9563
vn -0.1831 -0.0784 -0.9800
vn -0.1842 -0.0297 -0.9824
vn -0.4514 -0.0756 -0.8891
vn -0.8670 0.1352 -0.4797
vn -0.4687 -0.0208 -0.8831
vn -0.1412 -0.0054 -0.9900
vn -0.2532 -0.0591 -0.9656
vn -0.0069 -0.0558 -0.9984
vn 0.2859 0.0010 -0.9583
vn 0.1010 -0.0110 -0.9948
vn 0.2046 -0.0447 -0.9778
vn -0.3961 0.0095 -0.9182
vn -0.0088 -0.0217 -0.9997
vn 0.3000 -0.0359 -0.9533
vn 0.0774 -0.0274 -0.9966
vn -0.3388 -0.0484 -0.9396
vn 0.7922 -0.2232 0.5680
vn -0.1736 -0.0046 -0.9848
vn 0.1344 -0.0043 -0.9909
vn 0.1485 -0.0226 -0.9887
vn -0.8311 0.1776 -0.5271
vn -0.1705 -0.0030 -0.9854
vn 0.9274 -0.2937 0.2316
vn 0.3513 -0.1608 -0.9224
vn 0.4487 -0.0172 -0.8935
vn 0.2044 -0.1688 -0.9642
vn 0.3068 -0.0119 -0.9517
vn 0.9455 -0.0958 -0.3112
vn 0.9385 -0.3201 -0.1294
vn -0.2110 -0.1990 -0.9570
vn 0.3200 -0.6961 -0.6427
vn 0.5076 0.0054 -0.8616
vn -0.6561 -0.6352 -0.4076
vn 0.3146 -0.0318 -0.9487
vn -0.2349 -0.1689 -0.9572
vn 0.1594 -0.9788 0.1283
vn 0.1415 -0.3656 -0.9199
vn 0.0528 -0.7982 -0.6001
vn 0.1108 -0.9084 -0.4032
vn 0.5957 -0.7729 -0.2186
vn 0.7606 0.3541 -0.5442
vn -0.4575 0.1452 -0.8773
vn -0.2548 -0.1499 -0.9553
vn 0.3193 0.0686 -0.9452
vn -0.3673 0.1376 -0.9199
vn 0.2265 0.0721 -0.9713
vn 0.3071 0.0740 -0.9488
vn -0.0834 0.5444 -0.8347
vn 0.1779 0.1402 -0.9740
vn -0.0694 -0.1656 -0.9838
vn -0.0243 -0.1113 -0.9935
vn 0.1032 0.1673 -0.9805
vn 0.0442 0.2444 -0.9687
vn -0.0285 -0.0577 -0.9979
vn -0.1150 -0.0251 -0.9930
vn 0.1700 -0.1417 -0.9752
vn 0.0693 0.1267 -0.9895
vn -0.0012 0.1219 -0.9925
vn -0.0673 -0.0083 -0.9977
vn -0.9260 -0.3674 -0.0873
vn 0.0354 -0.4339 -0.9002
vn 0.1069 -0.1804 -0.9778
vn -0.0787 -0.2568 -0.9633
vn -0.1126 0.2169 -0.9697
vn -0.0352 -0.3125 -0.9493
vn -0.6514 0.2255 -0.7244
vn 0.5806 0.1333 -0.8032
vn 0.5243 0.4767 -0.7056
vn -0.2155 0.9151 -0.3408
vn 0.8823 0.4226 0.2071
vn 0.1106 0.8391 -0.5326
vn 0.7366 0.6419 -0.2129
vn -0.3082 -0.1247 -0.9431
vn -0.7528 -0.1098 -0.6490
vn -0.9611 -0.0521 -0.2711
vn -0.8740 -0.1970 -0.4441
vn -0.8633 -0.3057 -0.4016
vn -0.1571 0.1570 -0.9750
vn -0.0468 -0.1083 -0.9930
vn -0.9361 -0.1220 -0.3298
vn 0.9295 -0.2365 -0.2829
vn 0.0237 0.8389 -0.5438
vn -0.0172 0.5664 -0.8240
vn -0.8369 0.4959 -0.2316
vn -0.2033 0.4551 -0.8669
vn -0.2956 0.7494 -0.5925
vn 0.2347 -0.0797 -0.9688
vn -0.1089 -0.0974 -0.9893
vn -0.0266 -0.0800 -0.9964
vn 0.2536 -0.0919 -0.9629
vn 0.4383 -0.0569 -0.8970
vn -0.4401 -0.1149 -0.8906
vn 0.4976 -0.0253 -0.8670
vn -0.5292 -0.0463 -0.8472
vn 0.5248 0.0152 -0.8511
vn -0.8056 0.2329 -0.5448
vn -0.1694 -0.0054 -0.9855
vn 0.8552 -0.3244 -0.4043
vn -0.4770 -0.0505 -0.8774
vn -0.8133 -0.5712 -0.1106
vn -0.5488 -0.5798 -0.6022
vn 0.3190 -0.0799 -0.9444
vn -0.4232 -0.2920 -0.8577
vn 0.3572 -0.3375 -0.8709
vn -0.6038 -0.0252 -0.7967
vn -0.3749 -0.3613 -0.8538
vn -0.4473 -0.1172 -0.8867
vn 0.3153 0.1392 -0.9387
vn -0.4614 -0.0853 -0.8831
vn 0.1696 0.5612 -0.8101
vn 0.0852 0.4636 -0.8819
vn -0.3097 0.1537 -0.9383
vn -0.3292 -0.1125 -0.9375
vn 0.4051 -0.2702 -0.8734
vn 0.3011 -0.2631 -0.9166
vn -0.3397 -0.0713 -0.9378
vn 0.4932 -0.2459 -0.8344
vn 0.7749 -0.3253 -0.5419
vn -0.8031 -0.3145 -0.5061
vn 0.9126 -0.3761 -0.1601
vn -0.1287 -0.8147 -0.5653
vn 0.0888 -0.7401 -0.6666
vn -0.0142 -0.5895 -0.8076
vn 0.0815 -0.5722 -0.8161
vn -0.0282 -0.6954 -0.7180
vn 0.0105 0.0199 -0.9997
vn 0.0601 -0.7636 -0.6429
vn 0.2000 -0.1396 -0.9698
vn -0.4155 -0.0203 -0.9094
vn -0.0785 0.3238 -0.9429
vn -0.1288 -0.7290 -0.6723
vn 0.0166 -0.0923 -0.9956
vn -0.3693 -0.3131 -0.8750
vn -0.3192 0.0456 -0.9466
vn 0.1190 -0.2233 -0.9675
vn -0.1575 0.1779 -0.9714
vn 0.0411 0.5074 -0.8607
vn 0.1380 -0.4227 -0.8957
vn 0.2280 0.1033 -0.9682
vn 0.1428 0.1820 -0.9729
vn 0.0370 -0.1040 -0.9939
vn 0.1137 0.0654 -0.9914
vn 0.0434 0.7426 -0.6684
vn 0.0587 0.7577 -0.6500
vn -0.0948 0.7742 -0.6258
vn 0.3488 -0.1470 -0.9256
vn -0.1291 -0.2080 -0.9696
vn -0.1302 0.2090 -0.9692
vn 0.3963 0.1441 -0.9067
vn -0.2217 0.0628 -0.9731
vn 0.0144 0.3884 -0.9214
vn 0.6999 0.3024 -0.6471
vn 0.0616 0.3359 -0.9399
vn -0.1524 0.6872 -0.7103
vn -0.3865 0.1834 -0.9039
vn -0.5591 0.3321 -0.7597
vn -0.3400 0.6165 -0.7102
vn 0.7053 0.4906 -0.5117
vn -0.3596 0.6027 -0.7123
vn -0.2456 0.8062 -0.5382
vn 0.7977 0.3330 0.5029
vn 0.9591 0.2568 -0.1188
vn -0.7991 0.5871 -0.1291
vn 0.2062 -0.2343 -0.9500
vn 0.1207 -0.3228 -0.9387
vn -0.3971 -0.1927 -0.8973
vn -0.4072 -0.0062 -0.9133
vn 0.1626 0.0014 -0.9867
vn -0.3864 -0.0165 -0.9222
vn -0.0597 -0.1928 -0.9794
vn 0.3870 -0.0460 -0.9209
vn 0.0518 -0.1106 -0.9925
vn 0.6011 0.0044 -0.7991
vn -0.4441 -0.2397 -0.8633
vn 0.5124 -0.0247 -0.8584
vn 0.0685 -0.1267 -0.9896
vn -0.4430 -0.1084 -0.8900
vn -0.2070 0.1436 -0.9677
vn -0.0103 -0.1116 -0.9937
vn 0.3794 -0.1132 -0.9183
vn 0.6708 -0.1158 -0.7325
vn -0.6037 -0.1767 -0.7774
vn -0.5572 -0.1132 -0.8226
vn 0.5554 -0.1711 -0.8138
vn 0.7849 -0.0996 -0.6115
vn 0.9064 -0.2475 -0.3422
vn 0.9685 -0.0384 -0.2462
vn 0.9498 -0.2140 -0.2281
vn -0.9599 -0.1074 -0.2589
vn -0.9206 -0.2596 -0.2918
vn 0.8409 -0.2993 -0.4510
vn -0.8220 -0.1884 -0.5374
vn 0.9622 -0.0291 -0.2707
vn -0.9769 -0.0202 -0.2126
vn 0.8647 -0.3730 -0.3363
vn 0.9451 -0.2718 -0.1812
vn -0.9169 0.1981 -0.3465
vn 0.9265 0.3191 -0.1993
vn -0.2983 0.7302 -0.6146
vn -0.0638 0.8007 -0.5956
vn -0.2941 0.3474 -0.8904
vn 0.4208 0.7132 -0.5606
vn 0.3296 0.0893 -0.9399
vn 0.0534 0.3577 -0.9323
vn -0.1357 0.0425 -0.9898
vn -0.2430 -0.0641 -0.9679
vn 0.1058 -0.0841 -0.9908
vn -0.2578 -0.0994 -0.9611
vn 0.1181 -0.0633 -0.9910
vn 0.3946 -0.1021 -0.9132
vn -0.4842 -0.0804 -0.8713
vn 0.5099 -0.0712 -0.8573
vn -0.6520 -0.0663 -0.7553
vn -0.5809 -0.7886 -0.2018
vn 0.8099 -0.2504 0.5304
vn 0.5270 -0.0642 -0.8475
vn 0.8076 -0.3400 0.4818
vn 0.6069 -0.7147 -0.3477
vn -0.3290 -0.1692 -0.9290
vn 0.5655 -0.3852 -0.7292
vn 0.6645 -0.7464 0.0372
vn 0.0617 -0.4078 -0.9110
vn -0.5741 -0.2295 -0.7859
vn 0.2708 -0.8309 -0.4861
vn -0.2117 -0.9359 -0.2815
vn -0.8614 0.2540 -0.4398
vn 0.4794 -0.2373 -0.8449
vn 0.4984 -0.3898 -0.7744
vn -0.5843 0.0779 -0.8078
vn 0.4089 0.3322 -0.8500
vn -0.5225 0.1942 -0.8302
vn 0.3520 0.2747 -0.8948
vn -0.4694 0.1642 -0.8676
vn 0.4394 0.1526 -0.8852
vn 0.3552 -0.9067 -0.2276
vn -0.0839 -0.5009 -0.8614
vn 0.5221 -0.5189 -0.6769
vn -0.0783 -0.6870 -0.7225
vn -0.0348 -0.9119 -0.4089
vn 0.3900 -0.1696 -0.9050
vn 0.1445 -0.5853 -0.7978
vn 0.1304 -0.4883 -0.8629
vn 0.1478 -0.8301 -0.5377
vn -0.3089 -0.0914 -0.9467
vn -0.2278 -0.6151 -0.7548
vn 0.4748 -0.8797 0.0257
vn -0.3478 -0.1559 -0.9245
vn -0.0570 -0.3640 -0.9297
vn -0.4695 0.3888 -0.7927
vn 0.1519 0.7983 -0.5828
vn 0.7668 0.1051 -0.6332
vn 0.7301 0.1974 -0.6542
vn -0.0536 -0.4818 -0.8746
vn -0.1252 0.1291 -0.9837
vn -0.0720 0.8942 -0.4418
vn 0.2046 0.5474 -0.8115
vn -0.1127 0.1343 -0.9845
vn -0.0320 0.2555 -0.9663
vn 0.1124 0.3555 -0.9279
vn 0.0275 -0.1741 -0.9843
vn 0.0251 0.4586 -0.8883
vn 0.0100 -0.2909 -0.9567
vn 0.0960 0.6442 -0.7588
vn 0.1154 0.4249 -0.8979
vn 0.1556 0.7606 -0.6303
vn 0.1735 0.5533 -0.8147
vn 0.4378 0.3300 -0.8363
vn 0.1511 0.8166 -0.5571
vn -0.4794 0.1188 -0.8695
vn 0.0287 0.4064 -0.9132
vn 0.5281 0.4799 -0.7006
vn -0.3334 0.7409 -0.5831
vn -0.5864 0.6821 -0.4369
vn -0.1714 0.9114 -0.3742
vn -0.6532 0.0265 0.7568
vn 0.5124 -0.0431 0.8577
vn -0.0753 0.8268 0.5575
vn -0.2346 -0.7268 0.6455
vn -0.9847 0.1232 0.1234
vn -0.9380 0.3256 -0.1192
vn 0.1772 0.9633 -0.2015
vn 0.4233 0.8868 -0.1856
vn -0.5120 -0.2477 -0.8225
vn -0.1388 -0.1923 -0.9715
vn 0.3418 -0.1865 -0.9211
vn 0.4905 -0.1031 -0.8653
vn -0.6848 -0.0141 -0.7286
vn 0.6146 -0.0231 -0.7885
vn -0.4180 -0.0561 -0.9067
vn 0.1135 -0.0467 -0.9924
vn 0.4628 0.0747 -0.8833
vn -0.0903 -0.0377 -0.9952
vn 0.4964 0.0451 -0.8669
vn -0.1664 -0.1741 -0.9706
vn 0.3735 0.1282 -0.9187
vn 0.5709 0.0412 -0.8200
vn -0.5820 -0.0647 -0.8106
vn -0.5592 0.1238 -0.8197
vn -0.0374 0.1597 -0.9865
vn 0.1210 0.1748 -0.9771
vn -0.3586 0.2091 -0.9098
vn -0.6728 0.0602 -0.7374
vn 0.3934 -0.0594 -0.9175
vn -0.2376 -0.0952 -0.9667
vn -0.4370 -0.1053 -0.8933
vn 0.4097 -0.1370 -0.9019
vn 0.6985 -0.1865 -0.6909
vn -0.8679 -0.1428 -0.4757
vn -0.8735 -0.0528 -0.4840
vn 0.7182 -0.2714 -0.6407
vn -0.7795 -0.1714 -0.6025
vn 0.7431 -0.3385 -0.5773
vn 0.9721 0.0724 -0.2232
vn -0.9307 -0.3304 -0.1570
vn 0.9380 0.1398 -0.3171
vn -0.7013 0.6695 -0.2449
vn 0.4622 0.6901 -0.5569
vn -0.3267 0.5522 -0.7670
vn 0.7256 0.5616 -0.3976
vn 0.4056 0.4310 -0.8060
vn 0.7914 0.5737 -0.2110
vn 0.3203 0.0518 -0.9459
vn -0.1656 0.0406 -0.9854
vn -0.4939 0.0014 -0.8695
vn 0.5343 -0.0690 -0.8425
vn 0.1645 -0.0438 -0.9854
vn 0.5141 -0.0626 -0.8555
vn -0.6317 -0.0721 -0.7718
vn 0.5834 -0.1033 -0.8056
vn 0.6540 -0.0710 -0.7532
vn 0.6745 0.0047 -0.7383
vn -0.6727 0.0147 -0.7398
vn 0.5861 -0.1210 -0.8012
vn 0.0913 -0.9097 -0.4052
vn 0.5981 -0.1965 -0.7770
vn -0.6177 -0.3067 -0.7241
vn 0.8717 0.3024 -0.3857
vn 0.4683 0.1518 -0.8704
vn -0.4359 -0.0185 -0.8998
vn 0.5276 -0.2375 -0.8156
vn -0.6076 -0.2432 -0.7561
vn 0.6809 -0.3083 -0.6643
vn -0.7126 -0.1970 -0.6734
vn -0.6570 -0.7451 -0.1149
vn 0.6606 -0.7372 -0.1423
vn -0.4163 -0.6707 -0.6139
vn 0.0228 -0.7055 -0.7083
vn 0.1273 -0.4607 -0.8784
vn -0.1160 -0.9584 0.2609
vn 0.0920 -0.9668 -0.2382
vn 0.3978 -0.5405 -0.7414
vn -0.5501 -0.4900 -0.6762
vn 0.1515 -0.9850 0.0823
vn 0.3206 -0.6287 -0.7085
vn 0.0393 -0.4292 -0.9024
vn -0.0174 -0.0709 -0.9973
vn 0.0067 -0.6717 -0.7408
vn 0.0739 -0.4414 -0.8943
vn -0.1240 -0.5733 -0.8099
vn -0.0631 -0.6226 -0.7800
vn -0.1481 -0.5515 -0.8209
vn 0.2126 0.1229 -0.9694
vn -0.1110 -0.3070 -0.9452
vn 0.0296 0.1445 -0.9891
vn -0.1929 0.1390 -0.9713
vn -0.1664 0.6135 -0.7719
vn -0.8417 0.2754 -0.4644
vn 0.2564 0.3785 -0.8894
vn 0.0053 0.4799 -0.8773
vn -0.2115 0.6985 -0.6836
vn -0.2457 0.5658 -0.7871
vn 0.7952 0.3062 -0.5233
vn -0.0953 0.4159 -0.9044
vn -0.1681 0.4849 -0.8583
vn 0.1679 0.5585 -0.8123
vn 0.5995 0.6641 -0.4467
vn -0.5971 0.6856 -0.4165
vn 0.7439 0.3098 -0.5921
vn 0.8102 0.2397 -0.5349
vn -0.4245 0.3069 0.8518
vn 0.2803 0.9578 0.0640
vn 0.5737 0.6908 -0.4401
vn 0.0705 0.9869 0.1453
vn -0.8240 -0.1035 0.5570
vn -0.9402 0.2886 -0.1812
vn 0.9881 0.1352 0.0738
vn 0.9952 0.0916 0.0345
vn -0.9009 0.4328 0.0321
vn -0.1213 -0.5058 -0.8541
vn 0.0408 -0.8581 -0.5119
vn -0.1767 -0.2348 -0.9559
vn -0.7382 -0.2246 -0.6361
vn 0.7219 -0.2472 -0.6463
vn -0.6535 -0.1624 -0.7393
vn 0.7523 -0.1663 -0.6375
vn -0.8672 -0.0875 -0.4902
vn 0.7434 0.0390 -0.6677
vn -0.7639 -0.0483 -0.6436
vn -0.5967 -0.0013 -0.8025
vn 0.7394 0.1405 -0.6584
vn 0.7433 0.1861 -0.6425
vn 0.3903 0.2256 -0.8926
vn -0.2331 0.2010 -0.9515
vn 0.3441 0.2824 -0.8955
vn -0.6148 -0.0603 -0.7864
vn 0.1476 -0.0843 -0.9854
vn -0.5648 -0.1007 -0.8191
vn 0.6822 -0.1074 -0.7232
vn -0.7122 -0.1448 -0.6869
vn 0.7704 -0.1838 -0.6105
vn -0.7931 -0.2099 -0.5718
vn 0.7595 -0.2924 -0.5811
vn 0.7755 -0.1943 -0.6007
vn -0.8832 -0.4373 -0.1694
vn 0.7732 -0.5497 -0.3161
vn 0.4610 0.4588 -0.7596
vn -0.0497 0.6960 -0.7163
vn 0.6893 0.0104 -0.7244
vn -0.3151 0.9432 -0.1055
vn -0.1091 0.8134 -0.5714
vn 0.3174 0.8744 -0.3670
vn -0.4983 0.0616 -0.8648
vn 0.6160 0.0329 -0.7871
vn -0.7240 0.0811 -0.6850
vn -0.5157 -0.0931 -0.8517
vn -0.7035 -0.0858 -0.7055
vn -0.7073 -0.1224 -0.6962
vn 0.7289 -0.0790 -0.6801
vn 0.7273 -0.0592 -0.6838
vn -0.7201 -0.0119 -0.6938
vn -0.6960 -0.0872 -0.7127
vn -0.6118 -0.0763 -0.7874
vn 0.6143 -0.7860 0.0697
vn 0.6658 -0.1482 -0.7313
vn -0.8665 0.2057 -0.4548
vn 0.7416 -0.0560 -0.6685
vn 0.5090 -0.7059 -0.4925
vn -0.3540 -0.9124 -0.2054
vn 0.8526 0.2924 -0.4331
vn -0.7162 0.0182 -0.6976
vn 0.7760 0.2181 -0.5918
vn -0.6679 0.1322 -0.7324
vn -0.7473 0.1131 -0.6548
vn -0.4476 0.3099 -0.8388
vn 0.8692 -0.4940 0.0212
vn -0.1216 -0.7596 -0.6389
vn 0.1330 -0.7554 -0.6416
vn 0.0103 -0.8536 -0.5208
vn 0.0901 -0.8812 -0.4642
vn -0.1428 -0.5356 -0.8323
vn -0.4392 -0.8833 0.1638
vn 0.1034 -0.9895 -0.1012
vn 0.0610 -0.9800 0.1895
vn 0.0421 -0.7172 -0.6956
vn 0.0549 -0.8306 -0.5542
vn -0.2004 -0.3220 -0.9253
vn 0.2091 -0.0534 -0.9764
vn -0.1481 0.8465 -0.5113
vn -0.0982 0.7983 -0.5942
vn 0.0443 0.6535 -0.7556
vn -0.1455 0.8169 -0.5581
vn 0.1667 0.8122 -0.5590
vn 0.5531 0.1860 -0.8121
vn 0.2381 0.4911 -0.8379
vn 0.0436 0.7236 -0.6889
vn -0.0567 0.7749 -0.6296
vn 0.2233 0.8260 -0.5176
vn 0.1746 0.7024 -0.6901
vn -0.0279 0.7247 -0.6885
vn -0.3610 0.8749 -0.3229
vn -0.2754 0.7225 -0.6342
vn -0.0856 0.6287 -0.7729
vn -0.5505 0.7682 -0.3268
vn -0.7549 0.5625 -0.3373
vn -0.3470 0.9104 -0.2255
vn 0.8052 0.4582 0.3765
vn 0.8203 -0.4227 0.3853
vn -0.8486 -0.5290 -0.0030
vn -0.0527 -0.9899 0.1314
vn 0.8604 -0.0190 0.5093
vn 0.9601 0.0463 0.2759
vn -0.3249 -0.6156 -0.7180
vn 0.5595 -0.7459 -0.3614
vn -0.3402 -0.9107 -0.2344
vn -0.8374 -0.0420 -0.5450
vn 0.8344 -0.1322 -0.5351
vn -0.8029 -0.0255 -0.5956
vn 0.7930 -0.0861 -0.6031
vn -0.7223 0.2445 -0.6470
vn -0.7961 0.2996 -0.5257
vn -0.4452 0.1829 -0.8765
vn 0.5741 -0.0707 -0.8157
vn 0.7207 -0.1481 -0.6773
vn -0.8568 -0.1782 -0.4838
vn 0.8939 -0.1783 -0.4112
vn -0.7974 -0.2744 -0.5374
vn -0.9614 -0.1664 -0.2192
vn -0.9744 -0.1786 -0.1365
vn 0.8796 -0.4656 -0.0976
vn -0.9948 0.0525 -0.0872
vn 0.5284 0.1513 -0.8354
vn 0.5232 0.8066 -0.2751
vn -0.6839 0.0882 -0.7242
vn 0.7288 0.2681 -0.6301
vn 0.6155 -0.1070 -0.7808
vn -0.6842 -0.1491 -0.7139
vn -0.7311 -0.0808 -0.6774
vn 0.8708 -0.1697 0.4614
vn 0.8188 0.0400 -0.5726
vn -0.6046 -0.3225 -0.7283
vn 0.7897 -0.4974 0.3590
vn 0.6984 -0.7055 -0.1206
vn -0.6879 -0.0822 -0.7211
vn 0.9236 0.1562 -0.3500
vn -0.8122 -0.1331 -0.5680
vn 0.3523 -0.9354 -0.0293
vn 0.9181 0.2219 -0.3283
vn -0.8567 0.3480 -0.3808
vn 0.6661 -0.3372 -0.6653
vn 0.7290 -0.2227 -0.6472
vn 0.6451 0.3524 -0.6780
vn -0.7362 0.1689 -0.6554
vn -0.6935 -0.1359 -0.7075
vn 0.8431 -0.1675 -0.5111
vn 0.2821 -0.8853 -0.3696
vn -0.3042 -0.9296 -0.2081
vn 0.0398 -0.9109 -0.4107
vn -0.0176 -0.8937 -0.4483
vn 0.1322 -0.6692 -0.7312
vn 0.0604 -0.7099 -0.7017
vn -0.0007 -0.7607 -0.6491
vn -0.1309 -0.9575 -0.2570
vn 0.0107 -0.9134 -0.4070
vn 0.0126 -0.4089 -0.9125
vn 0.7951 -0.6002 -0.0873
vn 0.0517 0.0931 -0.9943
vn -0.0194 0.2506 -0.9679
vn -0.0350 -0.3234 -0.9456
vn -0.0732 0.5645 -0.8222
vn 0.3320 0.5828 -0.7417
vn -0.1297 0.7788 -0.6137
vn 0.0888 0.5297 -0.8435
vn 0.0977 0.6453 -0.7577
vn 0.0780 0.8646 -0.4963
vn -0.1486 0.6396 -0.7542
vn 0.1293 0.6202 -0.7737
vn 0.2974 0.7914 -0.5340
vn -0.0280 0.5709 -0.8206
vn -0.0178 0.8774 -0.4795
vn 0.0003 0.8615 -0.5077
vn -0.5658 0.0873 -0.8199
vn 0.5328 0.4579 -0.7117
vn -0.1399 0.8043 0.5775
vn -0.4657 0.2666 0.8438
vn 0.2958 0.9388 -0.1767
vn 0.0938 0.7000 0.7079
vn 0.4374 0.1294 0.8899
vn -0.0919 0.9544 0.2842
vn 0.0153 -0.5860 0.8102
vn 0.3730 0.0120 0.9277
vn -0.6662 0.1107 0.7375
vn -0.9502 -0.2932 -0.1055
vn -0.9869 0.1412 -0.0785
vn 0.9070 0.4207 -0.0187
vn 0.3502 0.9367 0.0010
vn 0.3078 -0.8726 -0.3792
vn -0.9143 -0.2566 -0.3135
vn 0.8710 -0.0629 -0.4873
vn -0.8759 -0.0617 -0.4785
vn 0.7894 -0.0536 -0.6115
vn 0.8231 0.1201 -0.5551
vn -0.7649 -0.0982 -0.6366
vn -0.9563 -0.0994 -0.2750
vn 0.9195 -0.1220 -0.3738
vn 0.8432 -0.2332 -0.4844
vn -0.8098 -0.3452 -0.4744
vn -0.9683 0.2481 0.0286
vn -0.5266 0.8394 0.1346
vn -0.6868 0.6663 -0.2904
vn 0.3041 0.9422 0.1410
vn 0.8040 -0.0517 -0.5924
vn 0.7672 -0.0936 -0.6346
vn 0.7806 -0.1244 -0.6125
vn 0.8904 -0.0283 -0.4544
vn -0.8985 0.2459 -0.3636
vn -0.2863 -0.9149 -0.2847
vn 0.8592 -0.2509 -0.4458
vn 0.7764 -0.2432 -0.5814
vn -0.2981 -0.9535 0.0451
vn -0.8086 0.3135 -0.4979
vn -0.7733 -0.0592 -0.6312
vn 0.7407 0.0394 -0.6707
vn 0.8136 -0.0376 -0.5802
vn 0.9753 -0.2207 0.0065
vn -0.1137 -0.9381 -0.3271
vn -0.0535 -0.9231 -0.3808
vn 0.0341 -0.9635 -0.2656
vn -0.1628 -0.8143 -0.5571
vn -0.6915 -0.6157 -0.3778
vn -0.1960 -0.8895 -0.4127
vn 0.1364 -0.8998 -0.4145
vn -0.1362 -0.9051 -0.4028
vn -0.2097 -0.9611 0.1799
vn 0.1205 -0.9555 -0.2691
vn -0.0583 -0.8909 -0.4505
vn -0.0279 -0.7035 -0.7102
vn -0.0922 -0.7159 -0.6921
vn 0.2905 -0.7362 -0.6113
vn -0.0962 -0.7119 -0.6956
vn -0.5090 -0.8464 -0.1565
vn -0.4805 -0.0358 -0.8763
vn -0.4580 0.6468 -0.6099
vn -0.0837 0.7186 -0.6904
vn 0.1461 0.7332 -0.6641
vn 0.0108 0.7233 -0.6904
vn -0.1371 0.6502 -0.7473
vn 0.2672 0.8807 -0.3911
vn -0.2497 0.7673 -0.5907
vn -0.2477 0.8979 -0.3639
vn 0.1119 0.8176 -0.5648
vn -0.2016 0.7958 -0.5710
vn 0.1364 0.9138 -0.3826
vn -0.0039 0.8632 -0.5048
vn 0.0717 0.9257 -0.3714
vn 0.1279 0.8781 -0.4611
vn -0.4411 -0.0588 -0.8955
vn -0.1954 0.9117 -0.3613
vn 0.2411 0.8996 -0.3642
vn -0.1718 0.9553 -0.2404
vn -0.6130 0.4841 -0.6244
vn 0.0358 0.9500 -0.3102
vn 0.8877 0.3124 -0.3381
vn 0.9046 0.3210 -0.2804
vn -0.5588 0.0280 0.8288
vn 0.2509 0.9677 -0.0239
vn 0.5281 -0.0335 0.8485
vn -0.3421 0.9396 -0.0039
vn 0.3670 0.7236 0.5846
vn -0.4380 0.8912 -0.1181
vn -0.8088 -0.2893 0.5120
vn -0.8753 0.4714 0.1076
vn 0.9172 -0.1286 0.3771
vn -0.6709 -0.5351 0.5134
vn 0.5783 -0.7710 0.2667
vn -0.7658 0.6409 0.0522
vn -0.3707 0.9279 -0.0385
vn -0.0220 0.9825 -0.1847
vn -0.6558 -0.6197 -0.4312
vn -0.9746 -0.1409 -0.1738
vn 0.9644 -0.0414 -0.2613
vn -0.8899 0.0174 -0.4559
vn -0.8389 0.1405 -0.5259
vn 0.9194 0.1053 -0.3790
vn 0.8956 0.0055 -0.4449
vn -0.9159 -0.0535 -0.3978
vn 0.8895 0.2656 -0.3719
vn -0.8091 -0.0170 -0.5875
vn 0.7987 -0.0747 -0.5971
vn 0.8171 -0.0812 -0.5708
vn 0.9191 -0.2020 -0.3382
vn 0.9002 0.4157 -0.1294
vn 0.2617 0.6863 -0.6786
vn -0.2008 0.7523 -0.6275
vn -0.8638 -0.0975 -0.4943
vn 0.8791 -0.0854 -0.4689
vn -0.8267 -0.0406 -0.5612
vn 0.3770 -0.9068 0.1886
vn -0.8161 -0.1403 -0.5606
vn -0.7737 -0.0964 -0.6261
vn -0.9073 0.1933 -0.3735
vn -0.8422 -0.1378 -0.5213
vn 0.8055 -0.5874 -0.0782
vn -0.7759 -0.4041 -0.4845
vn 0.8389 0.3913 -0.3784
vn -0.7997 -0.2598 -0.5413
vn 0.7684 -0.5196 -0.3736
vn -0.8472 0.1814 -0.4994
vn -0.7495 0.4085 -0.5209
vn -0.9016 -0.3328 -0.2762
vn 0.9049 -0.4179 0.0801
vn -0.8870 -0.4537 0.0864
vn -0.1274 -0.9343 -0.3329
vn 0.5520 -0.7622 -0.3382
vn 0.1600 -0.9001 -0.4053
vn 0.0978 -0.9488 -0.3003
vn 0.0583 -0.9982 -0.0098
vn -0.1321 -0.9064 -0.4013
vn -0.1722 -0.9623 -0.2106
vn 0.2922 -0.8498 -0.4386
vn 0.1848 -0.9219 0.3405
vn -0.0924 -0.9629 0.2535
vn -0.2159 -0.9280 0.3036
vn 0.2735 -0.9255 0.2619
vn 0.5577 -0.6882 0.4640
vn -0.2068 -0.9550 0.2125
vn -0.6962 -0.7013 -0.1530
vn 0.7638 -0.6149 -0.1962
vn 0.3672 0.7562 -0.5415
vn -0.1564 0.9722 -0.1744
vn 0.2985 0.7917 -0.5331
vn 0.2153 0.9263 -0.3091
vn 0.2321 0.9564 -0.1772
vn -0.2984 0.9124 -0.2802
vn 0.1994 0.8725 -0.4460
vn -0.2659 0.9123 -0.3114
vn -0.1201 0.9603 -0.2519
vn -0.0611 0.9874 -0.1457
vn -0.0192 0.9637 -0.2662
vn -0.4880 0.6788 -0.5487
vn 0.7818 0.5475 -0.2983
vn -0.1810 0.9743 -0.1337
vn 0.1949 0.9515 -0.2381
vn -0.0069 0.9809 -0.1944
vn 0.7854 0.5768 -0.2247
vn 0.6337 0.7666 -0.1039
vn -0.4541 0.8058 0.3801
vn -0.5582 -0.1486 0.8163
vn 0.3534 0.8314 0.4287
vn 0.6513 0.4460 0.6139
vn -0.7691 0.3660 0.5239
vn 0.5735 -0.4223 0.7020
vn -0.8689 -0.2139 0.4464
vn 0.4155 0.9036 -0.1043
vn 0.8848 -0.1850 0.4276
vn 0.1237 0.9862 -0.1103
vn 0.6666 -0.1039 0.7381
vn -0.9944 0.0939 -0.0485
vn 0.9807 0.0385 0.1916
vn -0.9850 0.1707 0.0271
vn 0.3174 0.9478 0.0293
vn -0.0550 -0.9973 -0.0483
vn -0.9895 0.0195 -0.1430
vn 0.8659 -0.0013 -0.5002
vn -0.9330 0.1389 -0.3320
vn -0.8687 -0.0524 -0.4925
vn 0.8883 -0.0881 -0.4508
vn 0.9025 -0.0989 -0.4192
vn 0.9495 -0.0596 -0.3081
vn 0.7959 -0.3792 -0.4721
vn 0.8612 -0.2504 -0.4424
vn -0.9848 0.1129 -0.1317
vn 0.9966 0.0475 -0.0666
vn 0.9689 0.2393 0.0636
vn 0.7450 0.6608 0.0915
vn 0.3913 0.9202 0.0057
vn -0.7694 -0.1103 -0.6292
vn 0.8988 -0.0903 -0.4290
vn -0.8456 -0.0961 -0.5251
vn -0.8468 -0.4800 -0.2291
vn -0.9503 0.1878 -0.2484
vn 0.8839 -0.2712 0.3811
vn 0.9390 0.0282 -0.3427
vn 0.9224 -0.0764 -0.3786
vn 0.7434 -0.6647 -0.0748
vn 0.8756 -0.1137 -0.4695
vn 0.7294 -0.5425 -0.4167
vn -0.8143 0.3627 -0.4531
vn -0.8963 0.2294 -0.3794
vn 0.7698 0.4674 -0.4348
vn -0.9186 0.1598 -0.3613
vn -0.5998 -0.7925 -0.1103
vn -0.0612 -0.9853 -0.1596
vn -0.0182 -0.9675 -0.2521
vn 0.0117 -0.9869 -0.1610
vn 0.1329 -0.9336 -0.3328
vn 0.1184 -0.9875 0.1042
vn -0.0205 0.9933 -0.1136
vn 0.1791 0.9765 -0.1200
vn -0.2583 0.9258 -0.2761
vn 0.2103 0.9444 -0.2527
vn -0.2829 0.9333 -0.2213
vn 0.2390 0.9527 -0.1880
vn 0.2648 0.9412 -0.2096
vn -0.2081 0.9652 -0.1585
vn 0.2432 0.9354 -0.2567
vn -0.2128 0.8978 -0.3855
vn -0.2516 0.9424 -0.2206
vn 0.2948 0.9459 -0.1352
vn 0.1633 0.9709 -0.1752
vn 0.5987 0.4330 0.6739
vn -0.1214 0.7259 0.6770
vn -0.0052 0.9955 -0.0950
vn -0.2241 -0.7393 0.6350
vn -0.5064 -0.0727 0.8592
vn 0.6354 -0.1935 0.7475
vn -0.8852 -0.1941 0.4228
vn 0.0365 -0.7977 0.6020
vn -0.5347 -0.8349 0.1307
vn 0.7940 -0.5562 -0.2454
vn -0.9171 -0.1119 -0.3826
vn 0.8084 -0.1405 -0.5716
vn -0.9120 -0.0308 -0.4090
vn -0.9787 -0.0335 -0.2024
vn 0.9515 -0.0897 -0.2944
vn -0.9549 0.1505 -0.2558
vn -0.9232 0.2377 -0.3019
vn 0.9660 -0.0377 -0.2556
vn -0.9495 -0.0811 -0.3031
vn -0.9469 -0.1286 -0.2948
vn -0.9613 -0.1513 -0.2301
vn -0.9839 -0.0609 -0.1683
vn 0.9358 -0.3279 -0.1298
vn -0.8690 -0.2560 -0.4234
vn -0.9255 -0.2914 -0.2418
vn 0.9994 0.0010 -0.0355
vn 0.9456 -0.3206 -0.0550
vn 0.9789 -0.2002 0.0417
vn -0.7490 0.3393 -0.5691
vn -0.4328 0.8877 0.1569
vn 0.8928 0.3271 -0.3096
vn -0.9197 -0.0744 -0.3856
vn 0.7549 -0.1059 -0.6473
vn 0.8890 -0.3394 0.3073
vn -0.9218 0.0003 -0.3877
vn 0.8455 -0.1125 -0.5220
vn 0.8226 -0.3967 0.4073
vn -0.6554 -0.7201 0.2278
vn 0.9361 0.0615 -0.3464
vn 0.9816 -0.0997 -0.1631
vn 0.4682 -0.8602 -0.2023
vn 0.9177 0.3198 -0.2358
vn 0.8582 -0.3839 -0.3408
vn 0.8562 0.2909 -0.4270
vn -0.8852 0.3544 -0.3015
vn 0.8462 -0.5053 -0.1690
vn 0.9532 -0.2774 -0.1205
vn 0.9806 -0.1656 -0.1053
vn -0.9772 -0.2117 -0.0136
vn -0.9332 -0.3171 0.1690
vn -0.0318 -0.9962 -0.0816
vn 0.0180 -0.9950 -0.0985
vn -0.7170 -0.6845 -0.1315
vn -0.1400 -0.9725 -0.1862
vn -0.2765 -0.9162 -0.2899
vn 0.3322 -0.9408 -0.0672
vn 0.2207 -0.9709 0.0932
vn -0.2300 -0.9649 0.1265
vn -0.1581 -0.9870 -0.0279
vn -0.0003 0.9953 -0.0969
vn 0.2699 0.9391 -0.2126
vn -0.0620 0.9978 -0.0244
vn 0.1864 0.9791 -0.0813
vn -0.3306 0.9390 -0.0950
vn 0.5204 0.8508 0.0727
vn -0.3748 0.9221 -0.0967
vn 0.1205 0.9926 0.0157
vn -0.6474 0.7616 -0.0289
vn 0.3687 0.9232 0.1087
vn 0.3738 0.9155 0.1487
vn 0.5974 0.4423 0.6690
vn 0.8581 0.4659 0.2157
vn -0.2772 0.7822 0.5580
vn 0.5445 -0.6570 0.5214
vn -0.5002 -0.8655 0.0261
vn 0.8594 -0.4634 0.2161
vn 0.8107 -0.4038 0.4239
vn -0.2300 0.9729 0.0220
vn -0.1344 -0.8484 0.5121
vn 0.6683 -0.4226 0.6121
vn -0.9898 0.1276 -0.0635
vn 0.9924 0.0810 0.0931
vn 0.7837 0.6202 0.0338
vn 0.1456 0.9885 0.0409
vn 0.2497 -0.8808 0.4024
vn -0.2200 -0.6509 0.7266
vn 0.7178 -0.6494 0.2509
vn -0.9051 -0.4231 -0.0417
vn 0.8962 -0.2322 -0.3781
vn -0.9370 -0.2739 -0.2168
vn 0.9404 0.1142 -0.3204
vn 0.9523 -0.2239 -0.2074
vn 0.9569 0.2418 -0.1607
vn 0.9397 -0.0122 -0.3418
vn 0.9271 -0.1503 -0.3434
vn 0.9851 -0.0857 -0.1489
vn 0.9838 -0.1670 -0.0647
vn -0.9934 0.0305 -0.1103
vn -0.9941 -0.0963 0.0500
vn 0.7706 0.5176 -0.3718
vn 0.9296 -0.1519 -0.3358
vn -0.8754 -0.1467 -0.4606
vn -0.9513 -0.0727 -0.2996
vn -0.8525 -0.1145 -0.5101
vn 0.8991 -0.1301 -0.4179
vn 0.0551 -0.6875 0.7240
vn -0.8300 -0.1793 -0.5281
vn -0.9057 -0.1181 -0.4071
vn -0.4869 -0.8129 -0.3195
vn -0.8255 -0.2596 -0.5011
vn -0.9719 -0.1846 -0.1459
vn -0.8628 -0.4723 0.1803
vn 0.8756 -0.4498 0.1762
vn -0.1052 -0.9885 0.1086
vn -0.4570 -0.8660 0.2028
vn 0.5038 -0.8443 0.1828
vn 0.1450 -0.9881 -0.0511
vn -0.0413 -0.9965 0.0731
vn -0.0655 -0.9899 0.1258
vn -0.1431 -0.9712 -0.1906
vn 0.4323 -0.8975 -0.0866
vn -0.3765 -0.9158 0.1400
vn -0.0635 -0.9926 -0.1036
vn -0.0782 -0.8642 0.4971
vn -0.2777 -0.8913 0.3584
vn 0.0705 -0.8967 0.4370
vn 0.2875 -0.8603 0.4209
vn -0.8992 0.3967 -0.1846
vn 0.5414 0.6855 -0.4869
vn 0.2324 0.9726 0.0101
vn -0.2834 0.9574 0.0551
vn 0.0061 0.9990 0.0445
vn 0.0708 0.9909 -0.1148
vn -0.1569 0.9732 -0.1680
vn -0.7543 0.6559 -0.0295
vn -0.3041 0.9526 0.0036
vn 0.4176 0.9054 -0.0761
vn 0.9051 0.4243 -0.0279
vn -0.2063 0.8265 0.5238
vn -0.1350 0.9907 -0.0175
vn -0.8675 0.2433 0.4338
vn 0.4040 0.8374 0.3680
vn 0.4107 0.4928 0.7672
vn -0.7579 -0.6421 0.1153
vn 0.8514 -0.5245 0.0032
vn 0.6689 0.7108 0.2173
vn 0.8369 0.0536 0.5447
vn 0.8414 -0.3337 -0.4250
vn 0.5155 -0.7382 -0.4351
vn -0.0831 0.9861 0.1436
vn -0.6805 0.7048 0.2002
vn 0.4532 0.8448 0.2846
vn 0.3839 0.3697 0.8461
vn 0.7974 -0.2240 0.5603
vn 0.5579 0.8275 0.0626
vn -0.3534 -0.9243 -0.1443
vn 0.9928 -0.1193 -0.0112
vn -0.9932 -0.1132 0.0256
vn -0.9775 0.0127 -0.2106
vn -0.9755 -0.1700 -0.1398
vn 0.8996 -0.3471 -0.2651
vn -0.9700 -0.2262 -0.0892
vn 0.9893 0.1348 -0.0565
vn 0.6598 0.7408 0.1257
vn -0.9477 0.2988 -0.1124
vn 0.9725 -0.0907 -0.2147
vn 0.9081 -0.1242 -0.3999
vn -0.9556 -0.1157 -0.2709
vn 0.8810 -0.3731 0.2909
vn -0.9697 -0.0851 -0.2289
vn -0.5102 -0.7897 -0.3407
vn -0.9599 0.1808 -0.2143
vn 0.7064 -0.3787 -0.5979
vn 0.8753 -0.3477 -0.3362
vn 0.9250 0.3002 -0.2328
vn -0.9437 0.2135 -0.2526
vn -0.8864 -0.2819 -0.3671
vn -0.9332 0.2345 -0.2724
vn -0.7843 -0.2791 -0.5541
vn 0.9695 -0.1017 -0.2232
vn -0.8052 0.5638 -0.1838
vn 0.9146 0.1102 -0.3891
vn 0.9558 0.1956 -0.2194
vn 0.6230 -0.7820 0.0157
vn 0.0857 -0.9848 0.1513
vn 0.6612 -0.7439 0.0974
vn 0.0445 -0.9924 0.1143
vn 0.0974 -0.9932 0.0645
vn 0.1189 -0.9839 0.1337
vn -0.1278 -0.9814 0.1433
vn -0.6525 -0.7536 0.0801
vn 0.0430 -0.9971 -0.0628
vn -0.1804 -0.9756 0.1252
vn 0.1434 -0.9896 0.0109
vn 0.3187 -0.9424 0.1012
vn -0.3389 -0.9408 -0.0123
vn -0.2931 -0.9494 0.1127
vn 0.2245 -0.9705 0.0881
vn -0.2309 -0.8456 0.4812
vn -0.1649 0.9641 -0.2083
vn 0.1911 0.9706 -0.1461
vn -0.0309 0.9459 -0.3229
vn 0.2270 0.9433 -0.2421
vn 0.1823 0.9735 0.1384
vn -0.2318 0.9656 0.1176
vn 0.2757 0.9443 0.1796
vn -0.2334 0.9713 0.0469
vn -0.0052 0.9948 0.1014
vn 0.2916 0.9565 0.0044
vn -0.0999 0.9931 0.0614
vn -0.5093 0.8432 0.1721
vn -0.6661 0.7457 0.0143
vn 0.0906 0.9534 0.2879
vn 0.7164 0.5915 0.3700
vn -0.9378 -0.1577 -0.3092
vn 0.7041 0.5847 -0.4030
vn -0.3455 0.9122 0.2201
vn 0.1707 0.9778 0.1211
vn -0.6738 -0.5748 -0.4643
vn 0.9927 0.0689 0.0991
vn -0.9623 0.1186 0.2447
vn 0.6973 0.6988 -0.1597
vn 0.8849 0.3639 -0.2908
vn -0.3387 0.6306 0.6983
vn -0.3935 -0.0509 0.9179
vn 0.5468 -0.6384 0.5417
vn -0.1887 -0.3943 0.8994
vn -0.1594 -0.2497 0.9551
vn -0.7025 -0.2019 0.6824
vn 0.4481 -0.2598 0.8554
vn -0.6315 0.7707 0.0853
vn -0.1284 0.9840 0.1236
vn 0.8038 -0.5939 0.0356
vn 0.7562 -0.6496 0.0781
vn -0.6738 -0.0550 0.7369
vn 0.4226 -0.8227 0.3803
vn 0.2280 -0.2390 0.9439
vn -0.8264 -0.5263 -0.2001
vn 0.8992 -0.1485 -0.4116
vn -0.9790 -0.0912 0.1823
vn 0.9613 0.1167 -0.2495
vn 0.9839 -0.1661 -0.0663
vn 0.9857 0.1443 -0.0867
vn 0.9566 -0.0592 -0.2852
vn -0.9993 -0.0137 -0.0349
vn 0.9826 -0.1821 -0.0357
vn 0.9976 -0.0633 -0.0266
vn -0.9193 -0.3936 0.0051
vn 0.9382 -0.3310 -0.1010
vn -0.9628 -0.2633 0.0608
vn 0.9862 -0.1486 0.0730
vn -0.9429 0.3186 0.0970
vn 0.7505 0.6591 0.0481
vn -0.9121 0.3332 -0.2387
vn -0.8801 -0.1155 -0.4605
vn 0.9481 0.3018 -0.1006
vn -0.9083 -0.1237 -0.3997
vn -0.9780 -0.1189 -0.1716
vn -0.9911 -0.0281 -0.1304
vn 0.9614 -0.1274 -0.2439
vn 0.8440 -0.5259 -0.1052
vn -0.9228 0.1150 -0.3678
vn 0.8509 0.4607 -0.2525
vn 0.8809 -0.3995 0.2537
vn -0.1155 -0.9718 0.2057
vn 0.1120 -0.9327 0.3428
vn -0.1406 -0.9626 0.2314
vn -0.0296 -0.9983 0.0508
vn 0.2904 -0.9517 0.1000
vn -0.1267 -0.9790 0.1594
vn 0.1365 -0.9654 0.2223
vn -0.5596 -0.7913 0.2462
vn 0.5930 -0.8048 0.0258
vn -0.0828 0.8457 -0.5272
vn -0.0336 0.8905 -0.4538
vn 0.0926 0.8664 -0.4907
vn -0.0935 0.9955 -0.0139
vn 0.2111 0.9356 0.2831
vn 0.2807 0.8916 0.3554
vn -0.0091 0.9733 0.2294
vn 0.8589 0.5057 0.0812
vn 0.6900 0.6886 0.2232
vn 0.9308 0.3470 -0.1148
vn -0.7721 0.5904 -0.2351
vn 0.7227 0.5533 0.4142
vn -0.8318 0.2996 0.4673
vn 0.5228 0.8487 0.0805
vn -0.1596 0.9870 0.0162
vn 0.4934 -0.6366 -0.5927
vn -0.0181 0.9396 0.3418
vn -0.5889 0.6016 0.5397
vn 0.7531 0.1121 0.6483
vn 0.1515 0.8328 0.5324
vn -0.0966 0.9358 0.3391
vn -0.8760 -0.0421 0.4804
vn -0.5294 -0.4402 0.7252
vn -0.9423 -0.2788 0.1851
vn -0.0209 -0.4028 0.9151
vn -0.1721 -0.3244 0.9301
vn -0.7916 -0.2882 0.5388
vn -0.9940 0.0370 0.1032
vn -0.9839 0.1773 -0.0245
vn 0.2946 -0.6922 -0.6589
vn -0.9854 -0.1500 0.0811
vn 0.9192 -0.3108 0.2417
vn 0.3139 -0.6942 0.6477
vn -0.6511 -0.4514 0.6102
vn -0.5463 -0.5321 0.6469
vn 0.4932 -0.6702 0.5547
vn -0.9266 -0.1834 -0.3284
vn -0.9491 -0.3055 0.0771
vn 0.9782 0.1110 -0.1755
vn -0.9934 -0.0385 -0.1080
vn 0.9928 -0.1198 -0.0070
vn -0.9955 -0.0695 0.0637
vn -0.9834 -0.1627 0.0802
vn -0.8781 -0.4730 0.0716
vn -0.9817 -0.1880 0.0314
vn 0.9885 -0.1492 0.0260
vn -0.9413 0.0011 0.3375
vn -0.7304 0.6319 0.2593
vn 0.9620 0.2438 0.1230
vn -0.9753 0.2150 -0.0506
vn -0.1763 -0.9841 -0.0228
vn -0.8864 -0.3187 -0.3357
vn 0.9578 0.2741 -0.0860
vn 0.3834 -0.8415 -0.3806
vn 0.9601 0.1401 -0.2420
vn -0.7158 -0.5404 -0.4423
vn 0.9516 0.1907 -0.2410
vn -0.9901 0.0715 -0.1204
vn 0.9682 0.2047 -0.1439
vn -0.8939 -0.4273 0.1356
vn -0.2470 -0.9351 0.2541
vn -0.2397 -0.9526 0.1872
vn 0.0747 -0.9746 0.2112
vn -0.4262 -0.8993 -0.0977
vn -0.8816 0.0712 -0.4665
vn 0.7706 -0.4132 -0.4853
vn -0.1984 0.8449 -0.4968
vn 0.5659 0.7939 -0.2224
vn -0.0156 0.9845 -0.1747
vn -0.1301 0.9849 -0.1141
vn -0.0254 0.9899 -0.1394
vn -0.1709 0.9768 -0.1291
vn 0.1701 0.9812 -0.0914
vn -0.1986 0.9721 0.1250
vn 0.2495 0.9619 -0.1119
vn -0.2366 0.8983 0.3701
vn 0.3228 0.9384 0.1236
vn -0.0011 0.9527 0.3039
vn -0.0783 0.9845 0.1571
vn -0.2616 0.9074 0.3290
vn -0.3573 0.9266 -0.1176
vn 0.6541 0.7019 0.2819
vn -0.4948 -0.7113 -0.4992
vn 0.8002 -0.4059 -0.4416
vn -0.5381 -0.3597 0.7623
vn 0.1965 0.9400 0.2789
vn 0.2230 0.6121 0.7587
vn 0.9374 -0.3066 0.1654
vn 0.9157 -0.0473 0.3991
vn 0.0254 -0.6864 0.7268
vn 0.3754 -0.5966 0.7093
vn 0.9758 -0.0543 0.2118
vn 0.3923 -0.8365 -0.3826
vn 0.8639 -0.2011 -0.4618
vn 0.7237 -0.4840 -0.4919
vn -0.9148 -0.2725 -0.2981
vn -0.3501 -0.8076 -0.4746
vn 0.6344 -0.6739 -0.3785
vn -0.5050 -0.7339 -0.4542
vn -0.9727 -0.1444 0.1819
vn -0.9685 -0.2344 0.0840
vn -0.9687 0.1776 -0.1733
vn -0.9913 -0.1099 0.0730
vn 0.9222 -0.3516 0.1610
vn 0.8971 -0.4310 -0.0972
vn 0.9109 -0.3761 0.1698
vn 0.9204 -0.1545 0.3591
vn 0.9542 0.1128 0.2771
vn 0.7838 0.4877 0.3844
vn -0.7543 0.6374 0.1574
vn 0.4351 0.7486 0.5003
vn -0.3441 0.8024 0.4876
vn -0.9921 -0.1074 -0.0643
vn -0.9760 -0.1991 -0.0882
vn 0.9967 0.0812 -0.0094
vn 0.9871 -0.1254 -0.0992
vn 0.9655 -0.1566 -0.2082
vn -0.9851 -0.1403 -0.0998
vn -0.9517 -0.1439 -0.2713
vn 0.9760 -0.0882 -0.1990
vn -0.1885 -0.9804 -0.0576
vn -0.9851 -0.1604 -0.0626
vn 0.8459 -0.5274 0.0794
vn 0.9731 -0.1886 0.1325
vn 0.9659 -0.1447 -0.2148
vn 0.2086 -0.9456 0.2496
vn 0.8890 -0.4545 -0.0563
vn 0.7191 -0.6939 0.0379
vn -0.9508 -0.1843 -0.2491
vn -0.9257 0.3164 -0.2071
vn 0.8957 -0.4139 0.1622
vn 0.5245 -0.7447 0.4127
vn -0.4898 -0.7988 0.3493
vn -0.0855 -0.9718 0.2198
vn 0.0518 -0.9534 0.2973
vn 0.2071 -0.9731 -0.1013
vn 0.2802 -0.9497 0.1401
vn 0.2466 -0.9581 0.1457
vn -0.1406 -0.9851 0.0993
vn -0.2426 -0.9674 0.0724
vn 0.1156 -0.9932 0.0146
vn 0.4428 -0.8640 0.2395
vn -0.6504 0.6608 0.3745
vn -0.2485 0.9373 0.2444
vn 0.8032 0.5251 0.2812
vn 0.0537 0.9453 0.3217
vn -0.2596 0.9016 0.3461
vn -0.0468 0.9074 0.4176
vn 0.2448 0.9283 0.2800
vn -0.6555 0.5317 0.5364
vn 0.0454 0.9862 0.1592
vn -0.7715 0.4779 0.4200
vn -0.7394 -0.0304 -0.6726
vn -0.2493 0.9571 0.1475
vn 0.9234 -0.1628 0.3475
vn 0.8222 0.4162 0.3884
vn 0.2217 0.8875 0.4039
vn 0.2227 0.6122 0.7587
vn -0.3648 0.8650 0.3446
vn -0.8131 0.5752 -0.0896
vn 0.9536 -0.2992 -0.0346
vn -0.2864 -0.9430 0.1693
vn -0.9659 -0.0740 0.2482
vn -0.2867 -0.9429 0.1692
vn 0.9468 -0.0989 0.3062
vn -0.8748 0.1795 0.4501
vn 0.2971 -0.6982 0.6514
vn -0.7260 -0.0077 0.6877
vn 0.7985 -0.4001 0.4498
vn 0.9754 0.1946 0.1033
vn -0.5944 -0.7675 0.2400
vn -0.4664 -0.2124 -0.8587
vn 0.3727 -0.2947 -0.8799
vn 0.0144 -0.2596 -0.9656
vn 0.9100 -0.2686 -0.3157
vn 0.9894 -0.1123 0.0923
vn -0.9723 0.2318 0.0308
vn -0.9749 0.1060 0.1956
vn 0.9998 0.0130 0.0115
vn -0.9926 -0.0751 0.0954
vn 0.9936 -0.0843 0.0757
vn -0.9525 -0.2872 -0.1010
vn 0.8105 0.4728 0.3458
vn -0.7389 0.6154 0.2744
vn 0.9943 -0.0277 -0.1033
vn 0.9364 -0.3245 0.1339
vn 0.9961 0.0600 -0.0645
vn -0.5774 0.5773 0.5773
vn -0.1760 -0.9841 -0.0229
vn -0.9869 -0.1172 -0.1106
vn -0.8461 0.5139 -0.1415
vn -0.9765 0.2150 0.0170
vn -0.9754 -0.1026 0.1953
vn 0.9565 -0.2278 0.1823
vn 0.7773 -0.5354 0.3303
vn -0.7681 -0.5586 0.3130
vn -0.8703 -0.4500 0.2004
vn 0.1406 -0.9287 0.3430
vn -0.1291 -0.9161 0.3795
vn 0.2283 -0.9373 0.2633
vn -0.0018 -0.9245 0.3811
vn 0.1257 -0.9042 0.4083
vn -0.0729 -0.8166 0.5725
vn -0.2838 -0.9589 -0.0057
vn 0.2578 -0.9248 -0.2799
vn -0.5739 -0.7018 -0.4221
vn 0.0253 -0.9818 0.1883
vn 0.1027 0.9839 0.1461
vn 0.2135 0.9130 0.3475
vn 0.2574 0.9514 0.1692
vn -0.2219 0.8380 0.4986
vn 0.0232 0.8538 0.5201
vn 0.2424 0.9416 0.2339
vn 0.1860 0.9217 0.3403
vn -0.2845 0.9178 0.2770
vn -0.7512 0.6364 0.1751
vn 0.0153 0.8530 0.5217
vn -0.5047 0.7618 0.4062
vn -0.5870 0.3017 -0.7513
vn 0.4444 0.8355 0.3232
vn -0.9066 -0.1084 -0.4078
vn 0.9152 -0.3413 0.2142
vn 0.8460 0.4645 -0.2617
vn 0.0001 0.8909 0.4541
vn -0.8566 -0.1491 0.4940
vn 0.8526 0.1903 0.4866
vn -0.1530 0.6868 0.7106
vn 0.3572 0.9026 0.2401
vn 0.7161 -0.1848 0.6730
vn -0.9119 -0.0710 0.4042
vn -0.9572 -0.1628 0.2393
vn -0.6850 -0.6737 0.2772
vn -0.2649 -0.2964 0.9176
vn 0.4280 -0.3136 0.8476
vn -0.2786 -0.7178 0.6381
vn 0.9425 -0.0523 0.3302
vn 0.7584 -0.4047 0.5109
vn -0.2978 -0.6368 0.7112
vn 0.5552 -0.6059 0.5697
vn 0.5258 0.8336 0.1692
vn -0.2158 -0.9067 -0.3623
vn 0.9549 -0.1413 0.2612
vn 0.9806 0.0924 0.1729
vn 0.9885 -0.0389 0.1459
vn -0.9739 -0.1676 0.1532
vn -0.9920 0.0301 0.1229
vn -0.9900 0.1243 0.0663
vn 0.4149 0.5711 0.7083
vn -0.9804 0.1819 0.0752
vn -0.9803 -0.1538 -0.1242
vn -0.9133 -0.2989 -0.2767
vn -0.9947 -0.0929 -0.0446
vn 0.6348 -0.7436 0.2097
vn -0.7533 -0.6154 0.2321
vn 0.9665 -0.2157 -0.1394
vn -0.6316 -0.7081 -0.3157
vn -0.9734 0.2142 -0.0818
vn 0.9648 0.2476 -0.0887
vn -0.8861 -0.3694 -0.2800
vn -0.8234 -0.4592 -0.3334
vn -0.9391 0.2298 -0.2555
vn 0.8359 -0.5232 -0.1659
vn 0.9690 -0.2444 0.0358
vn 0.9226 -0.3584 0.1429
vn -0.9772 -0.1713 0.1253
vn -0.6182 -0.6472 0.4460
vn 0.7524 -0.6102 0.2482
vn 0.4307 -0.7702 0.4703
vn 0.1665 -0.9159 0.3652
vn -0.0623 -0.9484 0.3108
vn -0.1532 -0.8478 0.5077
vn -0.5209 -0.7110 0.4724
vn -0.1333 -0.7542 0.6429
vn 0.5876 -0.7617 -0.2730
vn -0.3816 -0.8748 0.2983
vn -0.6878 -0.4946 0.5313
vn 0.8121 -0.1198 0.5711
vn 0.2310 0.9635 0.1352
vn -0.0086 0.7559 0.6547
vn -0.3319 0.7615 0.5568
vn 0.0518 0.9320 0.3586
vn 0.2103 0.7500 0.6271
vn 0.2783 0.8901 0.3609
vn -0.2502 0.9296 0.2707
vn -0.2412 0.9135 0.3276
vn 0.7212 0.6581 0.2161
vn 0.0399 0.8254 0.5631
vn 0.9149 0.3707 0.1595
vn 0.8441 0.4958 -0.2044
vn -0.6527 0.7321 0.1951
vn 0.4010 -0.7961 -0.4532
vn -0.7401 0.4389 0.5095
vn 0.9141 -0.0260 0.4047
vn -0.8562 -0.0579 -0.5133
vn 0.9210 0.0430 -0.3871
vn -0.8922 -0.4476 0.0610
vn -0.7087 -0.6613 -0.2458
vn -0.4833 -0.2815 0.8290
vn 0.9521 -0.2053 0.2268
vn -0.8812 -0.0560 0.4694
vn 0.6933 -0.6788 -0.2421
vn -0.5622 -0.6822 0.4675
vn 0.3401 -0.6228 0.7046
vn 0.2727 -0.9601 -0.0615
vn 0.1653 -0.8678 -0.4685
vn -0.9764 -0.1770 0.1234
vn -0.3252 -0.8191 0.4725
vn -0.7811 0.6213 0.0620
vn -0.3730 0.9017 0.2186
vn 0.9451 -0.3100 0.1035
vn 0.6117 -0.7507 0.2496
vn 0.8941 -0.2857 -0.3450
vn 0.9716 -0.1215 -0.2032
vn 0.9848 -0.1506 0.0870
vn -0.9903 0.0682 -0.1208
vn 0.9394 -0.3123 0.1413
vn 0.9739 0.2203 -0.0544
vn 0.9951 -0.0153 0.0976
vn 0.9903 -0.0261 0.1363
vn -0.9886 0.0083 0.1501
vn 0.9397 -0.1249 0.3184
vn 0.9818 -0.0739 0.1751
vn -0.9015 -0.3921 0.1832
vn 0.8748 -0.4587 0.1559
vn -0.9630 -0.0348 0.2674
vn 0.6979 0.2140 0.6835
vn 0.9868 -0.0994 0.1276
vn 0.9875 -0.1229 0.0983
vn -0.9849 -0.1729 -0.0018
vn 0.9837 -0.1693 -0.0613
vn -0.9791 0.1954 -0.0562
vn -0.9634 0.2607 -0.0630
vn 0.9405 0.3357 -0.0532
vn -0.7468 0.6609 0.0739
vn 0.8810 0.4715 -0.0379
vn -0.9009 0.4296 -0.0621
vn 0.8028 0.5962 -0.0118
vn -0.5066 0.8577 -0.0877
vn 0.9768 0.0337 0.2114
vn 0.9560 -0.2933 0.0072
vn -0.0685 -0.8564 0.5117
vn 0.0723 -0.9244 0.3745
vn -0.0326 -0.6809 0.7317
vn 0.0796 -0.8293 0.5531
vn -0.2001 -0.9352 -0.2923
vn -0.2877 -0.8225 0.4906
vn 0.0620 -0.8120 0.5803
vn 0.1421 -0.6903 0.7094
vn -0.3705 -0.9219 0.1132
vn -0.2706 -0.9605 0.0654
vn 0.2066 -0.9774 0.0444
vn 0.1098 -0.9938 -0.0155
vn -0.2562 -0.9539 0.1564
vn 0.2804 -0.9588 0.0451
vn -0.0591 0.9980 0.0232
vn 0.3782 0.5109 0.7720
vn -0.0367 0.9993 -0.0106
vn 0.0510 0.9699 0.2382
vn 0.7917 0.6107 -0.0132
vn -0.1775 0.9801 0.0892
vn 0.1619 0.4457 0.8804
vn 0.3683 0.6567 0.6581
vn -0.0660 0.6875 0.7232
vn 0.1650 0.8944 0.4157
vn 0.8629 0.3987 0.3104
vn -0.5776 0.7192 0.3862
vn -0.4412 0.8473 0.2956
vn 0.7535 0.5936 0.2827
vn 0.8047 -0.5934 -0.0207
vn 0.4473 0.6030 0.6605
vn -0.3248 0.8658 0.3807
vn -0.8473 -0.1486 -0.5099
vn 0.6349 -0.3577 -0.6848
vn -0.5824 -0.4406 -0.6831
vn -0.8739 -0.2643 0.4080
vn 0.8710 -0.2925 0.3947
vn 0.0484 -0.7999 0.5981
vn -0.6446 -0.5301 0.5509
vn 0.9647 0.2241 0.1383
vn 0.8882 0.4299 0.1623
vn 0.0042 0.9727 0.2319
vn -0.5283 -0.6686 0.5233
vn -0.0908 -0.8744 0.4767
vn 0.1696 -0.6750 0.7181
vn 0.1994 -0.7501 0.6305
vn -0.8796 -0.4686 -0.0822
vn -0.9457 -0.2161 0.2430
vn -0.9562 -0.2383 -0.1702
vn -0.9768 0.1608 0.1413
vn -0.9163 -0.0111 0.4003
vn -0.9118 -0.0390 0.4088
vn 0.9379 -0.1843 0.2939
vn 0.9414 -0.1436 0.3053
vn 0.9662 -0.0461 0.2535
vn 0.8289 -0.4993 0.2521
vn -0.8674 -0.3728 0.3297
vn -0.7831 -0.4113 0.4664
vn 0.8834 -0.2328 0.4066
vn 0.9836 -0.0077 0.1803
vn 0.9822 0.0169 0.1873
vn -0.6182 0.5018 0.6050
vn 0.4059 0.5628 0.7201
vn -0.2927 0.6625 0.6896
vn -0.8162 0.4490 0.3636
vn 0.9432 0.2793 0.1801
vn 0.9721 -0.1761 0.1547
vn -0.9937 -0.1120 -0.0085
vn 0.9929 -0.0976 0.0673
vn 0.4262 -0.8754 -0.2282
vn -0.9413 0.2763 -0.1938
vn 0.9887 -0.1304 -0.0738
vn -0.9584 -0.2012 0.2026
vn 0.6929 -0.6792 0.2418
vn -0.9233 -0.3837 0.0184
vn 0.1001 -0.8082 0.5804
vn -0.1251 -0.7291 0.6729
vn 0.0465 -0.8720 0.4873
vn 0.1535 -0.8387 0.5225
vn 0.1296 -0.7141 0.6880
vn 0.0901 -0.6658 0.7407
vn -0.1629 -0.7322 0.6613
vn -0.1007 -0.7341 0.6715
vn 0.2346 -0.5647 0.7913
vn 0.5141 -0.7859 0.3436
vn -0.1069 -0.9937 0.0331
vn -0.9632 -0.2630 0.0552
vn 0.2072 0.8369 0.5066
vn 0.1140 0.9817 0.1525
vn 0.1495 0.7624 0.6296
vn -0.2584 0.6964 0.6695
vn -0.0655 0.8357 0.5452
vn 0.0108 0.5059 0.8625
vn -0.2607 0.6547 0.7095
vn -0.0493 0.7931 0.6070
vn -0.0653 0.8112 0.5811
vn -0.0723 0.9038 0.4218
vn 0.0811 0.7524 0.6537
vn 0.6590 0.2796 0.6982
vn -0.3340 0.7931 0.5093
vn 0.3146 0.8686 0.3827
vn -0.1341 0.8995 0.4158
vn -0.0178 0.8481 0.5295
vn 0.4633 0.8704 0.1665
vn 0.2590 0.5910 0.7639
vn -0.2228 0.8165 0.5326
vn -0.7614 -0.5224 -0.3838
vn 0.9537 0.2901 0.0792
vn -0.6812 -0.7213 0.1254
vn -0.0488 0.9691 0.2419
vn 0.9880 0.0075 0.1540
vn -0.8864 -0.1049 -0.4510
vn 0.0818 -0.7507 -0.6555
vn 0.8530 -0.0900 0.5141
vn 0.3920 -0.6957 0.6020
vn -0.9602 0.2239 -0.1668
vn 0.9570 -0.2148 0.1950
vn 0.9538 0.2145 0.2102
vn -0.9067 0.0218 0.4212
vn -0.8904 -0.1321 0.4355
vn 0.9360 -0.0864 0.3413
vn -0.8849 -0.1921 0.4244
vn 0.6794 -0.3966 0.6174
vn 0.8683 -0.2997 0.3952
vn -0.8589 -0.1312 0.4950
vn -0.9061 -0.2467 0.3436
vn -0.9864 -0.1008 0.1298
vn 0.8749 -0.0683 -0.4794
vn 0.9610 0.2753 -0.0259
vn -0.8821 -0.3489 -0.3164
vn 0.9880 -0.1430 -0.0590
vn -0.8323 0.5506 0.0641
vn 0.9681 0.2499 0.0156
vn 0.9844 0.1753 0.0119
vn 0.9268 0.3475 0.1423
vn 0.2497 -0.7870 0.5641
vn 0.2894 -0.5462 0.7861
vn 0.2072 -0.5825 0.7860
vn -0.2923 -0.6935 0.6585
vn 0.2127 -0.7597 0.6145
vn -0.5816 -0.6589 0.4770
vn -0.1260 -0.5777 0.8064
vn 0.5808 -0.6037 -0.5461
vn 0.6524 -0.3901 0.6498
vn 0.5960 -0.7305 -0.3334
vn -0.1028 -0.9706 0.2175
vn 0.0186 0.7305 0.6826
vn -0.2323 0.7194 0.6546
vn 0.0552 0.9845 -0.1663
vn 0.0687 0.9787 -0.1933
vn -0.0248 0.9341 0.3561
vn -0.2021 0.7926 0.5752
vn 0.0838 0.8666 0.4919
vn 0.0523 0.7750 0.6298
vn 0.0643 0.4865 0.8713
vn 0.0430 0.5527 0.8323
vn 0.8927 0.1254 0.4329
vn 0.8341 0.3316 0.4408
vn -0.1123 0.7781 0.6180
vn -0.4795 0.5961 0.6440
vn -0.6567 0.6751 0.3361
vn -0.4660 0.5919 0.6577
vn -0.9837 0.1759 0.0371
vn 0.4022 -0.9123 -0.0771
vn 0.2592 0.5911 0.7639
vn 0.6014 0.2054 0.7721
vn -0.6498 0.6237 0.4345
vn 0.7396 -0.2975 0.6037
vn 0.8133 -0.5613 -0.1536
vn 0.3085 -0.9232 -0.2291
vn 0.0284 -0.2519 0.9673
vn -0.4280 -0.7507 -0.5032
vn -0.0850 -0.7647 -0.6388
vn 0.9309 -0.2612 0.2552
vn 0.9927 -0.0650 0.1014
vn -0.7072 -0.3963 0.5855
vn -0.3779 -0.6422 0.6669
vn 0.1612 0.9749 0.1539
vn 0.3591 -0.2799 0.8904
vn -0.8921 -0.2492 0.3769
vn -0.8536 -0.3288 0.4041
vn 0.9450 0.0169 0.3267
vn 0.8707 -0.2719 0.4099
vn 0.9460 0.0155 0.3239
vn -0.9176 -0.1752 0.3567
vn -0.9041 -0.1392 0.4039
vn -0.7252 -0.4170 0.5478
vn 0.8242 -0.2773 0.4937
vn -0.9575 0.1442 0.2499
vn 0.7301 0.3279 0.5995
vn 0.9710 0.0052 0.2389
vn -0.4946 0.1216 0.8606
vn -0.8926 0.2601 0.3684
vn 0.7368 0.5410 0.4054
vn -0.6602 0.3271 0.6762
vn -0.9566 -0.2060 0.2061
vn -0.9706 0.2280 0.0775
vn -0.9824 -0.1202 0.1429
vn 0.9846 -0.1741 0.0184
vn -0.9957 -0.0436 0.0822
vn 0.9389 -0.3171 -0.1335
vn -0.9912 -0.1096 0.0748
vn 0.8367 -0.5468 0.0322
vn -0.6931 -0.6993 0.1752
vn -0.9549 -0.2418 -0.1721
vn -0.3168 0.9477 0.0386
vn -0.9604 0.0119 0.2784
vn 0.9438 -0.1568 0.2911
vn -0.6206 -0.7253 0.2981
vn 0.7785 -0.6115 0.1411
vn -0.0798 -0.7983 0.5969
vn -0.1343 -0.7875 0.6014
vn 0.0405 -0.6525 0.7567
vn -0.0393 -0.8553 0.5167
vn 0.5930 -0.4595 0.6612
vn -0.5157 -0.6706 0.5332
vn -0.4545 -0.3591 0.8152
vn -0.0336 -0.4509 0.8919
vn -0.1317 -0.3634 0.9223
vn 0.0326 -0.3683 0.9291
vn -0.6976 -0.5575 -0.4501
vn 0.1129 -0.9854 0.1278
vn -0.2519 -0.9461 -0.2034
vn 0.3980 -0.8986 -0.1848
vn -0.7479 -0.6476 0.1455
vn 0.9383 0.0657 0.3394
vn -0.6558 0.7092 0.2588
vn 0.0120 0.9981 -0.0607
vn -0.1053 0.9882 0.1112
vn -0.1264 0.9471 0.2949
vn 0.1717 0.9814 0.0853
vn 0.0715 0.9929 0.0954
vn -0.0725 0.7575 0.6488
vn 0.0214 0.5803 0.8141
vn -0.3167 0.2316 0.9198
vn 0.0486 0.5340 0.8441
vn 0.2313 0.7821 0.5786
vn -0.2874 0.6860 0.6685
vn -0.2087 0.6676 0.7147
vn 0.2633 0.6320 0.7289
vn 0.2480 0.6253 0.7399
vn -0.1737 0.7323 0.6585
vn -0.0772 0.6574 0.7496
vn -0.6283 0.6419 0.4395
vn -0.7404 0.5942 0.3143
vn 0.9302 -0.3385 -0.1418
vn 0.7192 0.6254 0.3028
vn -0.6855 0.2417 0.6868
vn -0.5442 -0.7738 -0.3241
vn 0.2494 -0.9374 -0.2429
vn -0.3191 -0.5813 0.7485
vn -0.6032 0.7777 0.1769
vn -0.8604 -0.2632 0.4364
vn -0.8100 -0.2822 0.5140
vn 0.7983 -0.3565 0.4854
vn 0.3573 -0.7916 0.4957
vn -0.8394 -0.3963 0.3720
vn -0.9983 0.0288 0.0507
vn -0.8541 0.4635 -0.2358
vn -0.9740 0.2223 -0.0434
vn 0.6755 0.7042 0.2187
vn -0.6133 0.7624 0.2065
vn 0.2098 0.9561 0.2045
vn 0.1864 -0.4733 0.8610
vn -0.1442 -0.5094 0.8484
vn 0.1462 -0.6255 0.7664
vn 0.3899 -0.3709 0.8429
vn 0.9735 0.2226 -0.0532
vn 0.9507 0.0923 0.2960
vn 0.8662 -0.0623 0.4958
vn -0.8952 -0.0784 0.4386
vn -0.6990 -0.2763 0.6596
vn -0.8417 -0.4971 0.2107
vn -0.5645 0.7689 0.3001
vn -0.9031 -0.3190 0.2874
vn -0.4847 0.3104 0.8178
vn -0.6712 0.5833 0.4575
vn 0.8948 0.2323 0.3812
vn 0.9062 0.0267 0.4221
vn 0.4384 0.2641 0.8591
vn 0.9325 0.1687 0.3192
vn 0.9515 -0.0488 0.3039
vn -0.9590 -0.1311 0.2513
vn -0.9572 -0.1859 0.2217
vn -0.5913 -0.8054 -0.0416
vn 0.7484 -0.6173 -0.2425
vn -0.9878 0.0282 0.1530
vn -0.9581 -0.2864 -0.0025
vn -0.9293 0.3366 0.1518
vn 0.9693 -0.2386 -0.0599
vn -0.4032 -0.8368 -0.3704
vn 0.8944 -0.4471 0.0089
vn 0.8489 -0.4808 0.2195
vn -0.9495 0.3134 -0.0133
vn -0.9379 0.3446 -0.0394
vn -0.9772 0.0100 -0.2123
vn -0.9213 0.3287 0.2079
vn -0.9502 -0.1383 0.2794
vn -0.9447 -0.3279 -0.0097
vn 0.7815 -0.4711 0.4090
vn -0.4134 -0.5507 0.7251
vn 0.0855 -0.6619 0.7447
vn 0.1002 -0.4798 0.8716
vn 0.3920 -0.5529 0.7353
vn 0.1637 -0.9860 -0.0306
vn 0.0662 -0.4853 0.8718
vn -0.3749 -0.8370 -0.3985
vn 0.1436 -0.2492 0.9577
vn -0.7941 -0.5687 -0.2143
vn 0.3994 -0.8207 0.4086
vn 0.1942 0.2543 0.9474
vn 0.0395 0.9992 0.0094
vn -0.1918 0.4088 0.8922
vn 0.0772 0.3088 0.9480
vn -0.6488 -0.1287 0.7500
vn -0.4643 0.3228 0.8248
vn 0.1423 0.7117 0.6880
vn 0.5772 0.1928 0.7935
vn -0.5648 -0.1067 0.8183
vn 0.7144 0.2949 0.6346
vn 0.1562 0.7591 0.6319
vn -0.5728 0.5461 0.6113
vn 0.2177 0.6712 0.7086
vn 0.4463 0.7713 0.4538
vn 0.4741 0.5027 0.7229
vn 0.6380 0.7603 0.1219
vn -0.1516 0.6976 0.7003
vn -0.3108 0.6633 0.6808
vn 0.6958 -0.1569 0.7009
vn -0.7140 -0.3095 0.6281
vn 0.1284 0.7818 0.6102
vn 0.2366 -0.2375 -0.9421
vn 0.7523 -0.6407 0.1534
vn 0.3989 -0.7902 -0.4652
vn 0.9862 -0.0553 -0.1559
vn -0.4112 -0.3572 -0.8386
vn 0.8259 -0.2943 0.4808
vn -0.3376 -0.7494 0.5696
vn 0.4171 -0.7362 0.5330
vn -0.1487 -0.4551 0.8779
vn -0.4082 -0.6091 0.6800
vn 0.2186 -0.5225 0.8241
vn -0.3489 -0.9028 0.2516
vn 0.1151 -0.8983 0.4240
vn 0.0298 -0.9841 0.1750
vn -0.0333 -0.9741 0.2236
vn 0.6326 -0.5408 0.5544
vn 0.9147 -0.1888 -0.3574
vn -0.9410 -0.2266 0.2513
vn -0.9206 0.0191 0.3900
vn -0.9653 0.2371 0.1098
vn 0.9173 0.1717 0.3592
vn 0.8723 -0.2506 0.4198
vn 0.8696 0.0318 0.4928
vn 0.8204 0.0682 0.5677
vn 0.8242 -0.1726 0.5394
vn 0.7786 -0.2058 0.5929
vn -0.7800 -0.2222 0.5850
vn -0.9499 0.1029 0.2952
vn 0.8220 0.2359 0.5183
vn -0.8209 0.1347 0.5550
vn 0.9642 -0.1545 0.2157
vn -0.9720 -0.1831 0.1471
vn 0.9830 -0.0535 0.1757
vn 0.9848 -0.1633 0.0589
vn -0.9789 0.1721 0.1099
vn 0.9807 0.0088 0.1951
vn 0.9914 -0.1295 -0.0185
vn -0.9665 0.1972 0.1645
vn -0.7552 0.6437 0.1240
vn -0.9932 -0.0935 0.0700
vn 0.9238 -0.1811 0.3374
vn -0.8290 -0.5541 0.0763
vn -0.9729 -0.2248 0.0541
vn 0.0291 -0.7174 0.6960
vn 0.0129 -0.5446 0.8386
vn -0.0908 -0.5262 0.8455
vn -0.0634 -0.7928 0.6061
vn -0.2758 -0.8506 0.4477
vn -0.0942 -0.3906 0.9157
vn 0.0992 -0.8196 0.5643
vn 0.0262 -0.8491 0.5275
vn 0.3036 -0.1893 0.9338
vn -0.2310 -0.1269 0.9646
vn -0.3636 -0.1300 0.9224
vn 0.0789 -0.2959 0.9520
vn 0.0726 -0.0109 0.9973
vn -0.3378 -0.1589 0.9277
vn -0.8083 0.2940 0.5101
vn 0.2631 -0.1976 0.9443
vn -0.1441 0.2548 0.9562
vn -0.0758 0.2243 0.9716
vn -0.0485 -0.0631 0.9968
vn -0.2557 0.4576 0.8516
vn 0.1589 0.7204 0.6751
vn 0.5415 0.2075 0.8147
vn 0.0123 0.1930 0.9811
vn 0.0116 0.2203 0.9754
vn 0.1110 0.4482 0.8870
vn -0.1588 0.4005 0.9024
vn -0.0945 0.4036 0.9100
vn -0.1121 0.6505 0.7512
vn 0.0690 0.5457 0.8352
vn -0.0856 0.4262 0.9006
vn -0.1681 0.3330 0.9278
vn 0.1220 0.4641 0.8773
vn 0.0138 0.6031 0.7975
vn -0.5901 0.1604 0.7912
vn 0.2616 0.2985 0.9179
vn -0.1354 0.3736 0.9176
vn -0.1148 0.5679 0.8150
vn -0.3258 0.2576 0.9097
vn 0.1649 0.5459 0.8215
vn 0.3879 0.6583 0.6451
vn 0.5365 0.5938 0.5996
vn -0.7485 -0.6343 -0.1934
vn 0.4022 -0.9123 -0.0769
vn -0.4658 0.5919 0.6577
vn 0.2590 0.5911 0.7639
vn -0.1854 0.7071 0.6824
vn 0.4682 -0.7292 -0.4991
vn -0.4424 -0.5144 -0.7346
vn -0.8602 -0.3412 -0.3791
vn -0.9344 -0.3143 0.1678
vn 0.8633 -0.5036 0.0331
vn 0.3114 0.9169 0.2495
vn -0.1972 -0.3671 0.9090
vn 0.1941 -0.5275 0.8271
vn 0.0526 -0.9788 0.1979
vn 0.4907 -0.7713 -0.4054
vn -0.1782 -0.7286 0.6614
vn -0.8135 -0.5255 -0.2491
vn -0.9874 0.1583 0.0057
vn -0.8531 0.2190 0.4736
vn -0.8507 0.2421 0.4665
vn 0.7962 0.2192 0.5639
vn -0.7668 0.0860 0.6361
vn -0.7955 -0.0125 0.6058
vn 0.8383 -0.0387 0.5438
vn 0.8746 -0.0722 0.4795
vn 0.8469 -0.3804 0.3717
vn 0.8941 -0.3360 0.2960
vn 0.4840 0.3538 0.8003
vn 0.1101 0.9858 0.1272
vn -0.1159 0.6855 0.7188
vn 0.8992 -0.1068 0.4244
vn 0.1965 0.0409 0.9797
vn 0.6697 -0.0088 0.7425
vn 0.9591 0.1758 0.2218
vn -0.8720 0.4520 0.1880
vn -0.8849 -0.2051 0.4183
vn -0.9383 -0.1261 0.3221
vn -0.9691 -0.1388 0.2040
vn 0.7557 -0.6543 -0.0282
vn 0.2816 0.7793 0.5598
vn -0.9706 0.2140 0.1101
vn 0.4608 -0.7184 0.5211
vn 0.8827 0.4503 0.1345
vn -0.9529 0.2609 0.1543
vn 0.9578 0.0106 0.2873
vn -0.9367 -0.1971 0.2895
vn -0.9753 -0.2084 -0.0729
vn 0.1285 -0.9621 0.2405
vn -0.6235 -0.5423 0.5632
vn 0.4428 -0.2927 0.8475
vn -0.2392 -0.1354 0.9615
vn -0.4665 -0.1192 0.8764
vn -0.6252 -0.1150 0.7719
vn 0.6173 -0.0595 0.7845
vn -0.2325 -0.2689 0.9347
vn 0.1769 -0.2471 0.9527
vn 0.5622 0.0498 0.8255
vn -0.1217 0.2303 0.9655
vn 0.2535 -0.0152 0.9672
vn 0.1365 -0.0237 0.9904
vn -0.1037 -0.0532 0.9932
vn -0.6558 0.0517 0.7532
vn 0.1116 0.0750 0.9909
vn 0.0530 -0.5240 0.8500
vn 0.4291 -0.5414 0.7230
vn -0.2707 -0.5330 0.8016
vn 0.1721 0.1941 0.9658
vn 0.0832 0.0500 0.9953
vn -0.1582 0.2323 0.9597
vn -0.0739 0.1071 0.9915
vn -0.1320 0.2990 0.9451
vn 0.2073 0.0950 0.9737
vn 0.0787 0.2254 0.9711
vn 0.3246 0.4754 0.8177
vn 0.0898 0.5709 0.8161
vn -0.0432 0.5463 0.8365
vn -0.0851 0.5219 0.8487
vn 0.4665 0.2097 0.8593
vn -0.0566 0.7017 0.7102
vn 0.0883 0.3058 0.9480
vn 0.5336 0.3622 0.7642
vn 0.0328 0.7621 0.6466
vn 0.2751 0.7525 0.5984
vn -0.3843 0.6459 0.6596
vn -0.2059 -0.9163 -0.3434
vn 0.8830 -0.4624 -0.0807
vn 0.1960 0.7190 0.6668
vn 0.8854 -0.4172 -0.2048
vn 0.0265 0.7386 0.6736
vn -0.2869 0.1206 0.9503
vn 0.6425 0.7468 0.1717
vn -0.8412 -0.3471 -0.4146
vn -0.6124 -0.3135 -0.7257
vn -0.0856 -0.4759 -0.8753
vn -0.4542 0.0515 -0.8894
vn 0.2360 -0.2403 -0.9416
vn -0.8336 0.0261 -0.5517
vn 0.8704 -0.2552 -0.4210
vn -0.5895 -0.7305 0.3446
vn -0.6306 -0.2246 0.7429
vn 0.8201 -0.0605 -0.5690
vn 0.4204 -0.4141 -0.8074
vn 0.7013 -0.3448 -0.6240
vn -0.5423 -0.8321 -0.1161
vn -0.3876 -0.4361 -0.8121
vn 0.0285 -0.2520 0.9673
vn -0.7092 0.0161 -0.7048
vn 0.8652 -0.0650 -0.4972
vn -0.8773 -0.3628 -0.3142
vn 0.9075 -0.3276 -0.2631
vn -0.0353 -0.8330 0.5522
vn -0.8103 -0.4348 0.3929
vn -0.1427 -0.8286 0.5413
vn -0.7208 0.3521 -0.5971
vn 0.0616 -0.9778 0.2003
vn -0.1023 -0.9344 0.3413
vn 0.8009 0.1060 0.5894
vn 0.7289 0.1122 0.6753
vn -0.7561 -0.0265 0.6539
vn 0.6927 -0.1142 0.7121
vn 0.7650 -0.0918 0.6375
vn -0.7204 -0.1646 0.6737
vn -0.8280 -0.0348 0.5596
vn 0.7436 -0.2313 0.6274
vn 0.6436 -0.6638 0.3811
vn 0.9329 0.0819 0.3508
vn 0.8582 0.3680 0.3578
vn -0.4141 0.9102 -0.0074
vn -0.1133 0.6840 0.7206
vn -0.4539 0.0818 0.8873
vn -0.7725 0.3653 0.5195
vn -0.9174 -0.1034 0.3842
vn 0.9117 -0.2076 0.3545
vn 0.9468 -0.1941 0.2567
vn -0.9777 -0.1557 0.1407
vn -0.9378 0.1910 0.2899
vn -0.8825 0.1317 0.4515
vn -0.7147 -0.5738 0.3998
vn 0.9690 0.2335 0.0805
vn -0.9413 0.2741 0.1972
vn -0.5033 0.8631 0.0412
vn -0.4096 0.9092 0.0750
vn -0.9777 0.0978 0.1860
vn -0.8917 -0.2604 0.3703
vn -0.8906 -0.4501 -0.0651
vn -0.7822 -0.6209 0.0520
vn -0.9100 -0.3526 0.2182
vn 0.0517 -0.5285 0.8474
vn 0.3265 -0.5139 0.7933
vn -0.0550 -0.5966 0.8006
vn 0.1390 -0.4013 0.9053
vn -0.1940 -0.2184 0.9564
vn -0.0900 -0.5418 0.8357
vn 0.0468 -0.6929 0.7195
vn -0.4475 -0.3013 -0.8420
vn -0.5809 0.4811 -0.6567
vn -0.4975 -0.2056 0.8428
vn 0.0864 -0.0129 0.9962
vn 0.5239 -0.1002 0.8459
vn 0.6754 0.6106 -0.4135
vn -0.1745 -0.1812 0.9678
vn -0.0883 0.0438 0.9951
vn 0.1024 -0.1619 0.9815
vn -0.0489 -0.3269 0.9438
vn -0.5017 0.1260 0.8558
vn -0.1702 0.3384 0.9255
vn -0.0489 0.4798 0.8760
vn 0.1913 0.2587 0.9468
vn 0.1957 0.2568 0.9465
vn -0.3001 0.6234 0.7220
vn 0.1519 0.5536 0.8188
vn -0.0342 0.7919 0.6097
vn -0.6046 0.7105 0.3601
vn -0.8025 0.3295 -0.4974
vn 0.9303 0.2811 -0.2357
vn 0.2086 0.3576 0.9103
vn 0.9061 0.2628 0.3314
vn -0.2046 0.6692 0.7143
vn -0.0883 0.9953 -0.0398
vn 0.4799 0.0273 -0.8769
vn 0.8327 -0.1650 -0.5285
vn -0.9542 0.2776 -0.1116
vn 0.1862 0.9453 0.2678
vn -0.5579 -0.3646 -0.7455
vn 0.4097 -0.3271 0.8516
vn 0.6273 -0.7312 0.2681
vn 0.4150 -0.8956 -0.1602
vn -0.0153 -0.8703 -0.4924
vn 0.9366 -0.1385 -0.3218
vn -0.9021 -0.1111 -0.4170
vn -0.9929 -0.0504 -0.1082
vn -0.5372 -0.7024 0.4670
vn 0.7812 -0.4234 0.4587
vn -0.8240 -0.1841 -0.5359
vn -0.6242 0.4414 -0.6446
vn -0.7146 -0.4901 -0.4991
vn -0.1710 0.9413 0.2909
vn 0.3838 0.8879 0.2535
vn -0.6832 -0.5269 -0.5056
vn -0.6821 -0.6772 0.2759
vn -0.9732 -0.1736 -0.1505
vn 0.7862 0.5809 0.2107
vn -0.7599 -0.1367 0.6355
vn 0.6905 0.1294 0.7117
vn -0.6171 0.1059 0.7797
vn 0.6258 0.0753 0.7763
vn -0.6129 -0.0995 0.7839
vn 0.6498 -0.0317 0.7595
vn -0.7327 -0.0788 0.6760
vn -0.6764 -0.2208 0.7027
vn 0.7061 -0.0817 0.7034
vn -0.6041 -0.1828 0.7757
vn 0.5505 -0.2647 0.7918
vn 0.6826 -0.5394 0.4930
vn -0.7683 -0.5322 0.3556
vn 0.5143 0.8052 0.2952
vn -0.0052 0.9911 0.1330
vn 0.7014 0.3016 0.6458
vn 0.3399 0.6290 0.6992
vn 0.8236 0.0900 0.5600
vn -0.3799 0.6033 0.7012
vn 0.8754 -0.2002 0.4400
vn -0.8324 -0.1527 0.5328
vn 0.9177 -0.1250 0.3771
vn 0.8760 -0.1206 0.4670
vn -0.9513 -0.0682 0.3006
vn 0.9428 -0.1648 -0.2897
vn -0.9598 -0.2018 -0.1949
vn 0.9510 0.2725 0.1458
vn 0.9254 0.3665 0.0968
vn -0.9907 -0.1335 0.0251
vn 0.9510 0.2747 0.1419
vn -0.9612 0.2063 0.1834
vn 0.5824 0.8018 0.1338
vn 0.8771 -0.4743 -0.0756
vn 0.7824 -0.6227 0.0086
vn 0.8293 -0.4624 0.3138
vn -0.9448 -0.2586 0.2013
vn -0.0373 -0.4291 0.9025
vn 0.8613 -0.1364 0.4895
vn 0.4303 -0.5201 -0.7378
vn -0.0873 -0.7338 0.6738
vn 0.0823 -0.7854 0.6135
vn 0.3248 0.5233 0.7879
vn 0.0222 0.5944 0.8039
vn 0.0251 0.6271 0.7785
vn 0.2539 0.0748 0.9643
vn 0.7972 -0.0018 0.6037
vn -0.5115 0.2722 0.8151
vn 0.0168 0.6227 0.7823
vn -0.2329 0.4428 0.8659
vn -0.5948 0.7758 0.2105
vn -0.4070 0.7110 0.5735
vn -0.9228 0.1719 0.3448
vn 0.1111 0.0705 0.9913
vn -0.2640 0.5261 0.8084
vn -0.0918 0.6521 0.7525
vn 0.3405 -0.9077 -0.2453
vn -0.6043 0.7381 0.3000
vn 0.5199 -0.1694 -0.8373
vn 0.4238 -0.8894 0.1713
vn -0.6803 -0.6765 0.2822
vn -0.9983 -0.0518 0.0276
vn -0.3776 -0.8168 -0.4361
vn -0.1214 -0.9419 0.3131
vn -0.0079 -0.6238 -0.7815
vn -0.5575 -0.8261 0.0821
vn -0.8518 0.2723 0.4476
vn -0.5699 0.8163 -0.0946
vn -0.7504 0.6289 -0.2033
vn -0.0811 -0.9712 -0.2238
vn 0.6252 -0.7770 0.0733
vn -0.5657 -0.0514 0.8230
vn 0.9229 0.3759 0.0831
vn -0.7935 0.5407 0.2794
vn 0.6310 -0.1982 0.7500
vn 0.6407 0.1038 0.7607
vn -0.4713 0.0034 0.8820
vn -0.5903 -0.0430 0.8060
vn 0.7586 -0.1360 0.6372
vn 0.6311 -0.2217 0.7434
vn -0.6652 -0.1691 0.7273
vn 0.7109 -0.1673 0.6831
vn -0.8644 -0.2037 0.4597
vn -0.5525 0.8073 0.2072
vn -0.1470 0.9891 -0.0129
vn -0.7679 0.5041 0.3952
vn 0.9514 -0.3024 0.0587
vn -0.4883 0.5069 0.7104
vn -0.8414 0.1612 0.5157
vn -0.8918 -0.0599 0.4485
vn -0.9323 0.2092 0.2951
vn 0.8705 -0.1986 0.4503
vn -0.8625 -0.2000 0.4649
vn -0.9143 -0.1351 0.3819
vn 0.9312 -0.1120 0.3469
vn -0.9322 0.1647 0.3223
vn 0.9600 -0.1057 0.2594
vn 0.8173 -0.4300 -0.3834
vn 0.8783 -0.4375 0.1930
vn 0.7829 -0.6072 0.1354
vn 0.9181 -0.2995 0.2595
vn 0.9664 0.1797 0.1839
vn 0.9478 0.2767 0.1582
vn 0.0281 -0.9821 0.1860
vn -0.9934 -0.0248 0.1117
vn 0.9512 -0.2990 0.0762
vn -0.9256 -0.3480 -0.1489
vn -0.9766 -0.0131 0.2148
vn 0.9749 -0.0586 0.2147
vn 0.4614 -0.5544 0.6926
vn -0.1583 -0.5466 0.8223
vn 0.7890 -0.1059 0.6052
vn 0.0582 -0.3788 0.9236
vn 0.0740 -0.3449 0.9357
vn 0.1095 0.0022 0.9940
vn -0.6704 0.1621 -0.7241
vn 0.6993 0.0908 -0.7090
vn 0.3217 0.2155 0.9220
vn -0.1655 0.4143 0.8950
vn -0.1323 0.3894 0.9115
vn -0.2542 0.4949 0.8309
vn 0.4909 0.2048 0.8468
vn 0.6739 0.1695 0.7191
vn -0.7142 0.3012 0.6319
vn 0.6823 0.6786 0.2719
vn 0.1102 0.4962 0.8612
vn 0.0993 0.6189 0.7792
vn 0.0343 0.6794 0.7330
vn 0.9863 -0.1204 -0.1124
vn 0.8073 0.4051 0.4291
vn 0.9134 -0.4070 0.0092
vn -0.1588 0.4720 0.8672
vn -0.3739 -0.3708 0.8501
vn 0.9737 0.2060 -0.0974
vn 0.4634 -0.8832 -0.0718
vn 0.9663 -0.1547 0.2059
vn 0.4643 -0.8744 0.1411
vn -0.9115 -0.2394 -0.3344
vn 0.9477 -0.1952 -0.2525
vn -0.2103 -0.9531 0.2177
vn -0.7773 -0.6280 0.0377
vn 0.8853 -0.4640 0.0309
vn -0.6213 0.0169 -0.7834
vn 0.9470 0.0183 0.3208
vn 0.0718 -0.9651 -0.2517
vn -0.6063 -0.7948 -0.0263
vn 0.9151 -0.1619 0.3693
vn 0.9712 0.0442 -0.2341
vn 0.8471 0.0128 -0.5313
vn -0.9606 -0.0199 -0.2771
vn 0.5651 0.3710 0.7368
vn -0.6501 0.1702 0.7406
vn 0.5032 -0.0784 0.8606
vn 0.5495 -0.1586 0.8203
vn -0.5708 -0.0886 0.8163
vn 0.6435 -0.0725 0.7620
vn -0.6923 -0.1151 0.7124
vn -0.3839 -0.3814 0.8409
vn 0.7670 -0.2398 0.5952
vn -0.6110 -0.2290 0.7578
vn 0.5547 -0.2978 0.7769
vn -0.4091 0.8379 0.3613
vn -0.7863 0.0930 0.6108
vn -0.9977 0.0228 0.0640
vn -0.9225 -0.3219 -0.2130
vn -0.9727 -0.2062 -0.1067
vn 0.6701 0.2403 0.7023
vn -0.2413 0.5640 0.7897
vn -0.8586 -0.1105 0.5006
vn -0.9122 -0.2027 0.3561
vn 0.9028 -0.1780 0.3915
vn -0.9173 -0.1773 0.3565
vn -0.9588 -0.1988 0.2032
vn 0.8695 -0.2822 -0.4054
vn -0.9228 0.3334 0.1932
vn 0.9751 -0.2157 0.0512
vn -0.3112 0.9493 0.0439
vn -0.7188 0.6914 0.0728
vn 0.9347 0.0345 0.3537
vn 0.8660 -0.4286 0.2576
vn -0.7246 -0.6703 -0.1599
vn -0.0369 -0.9498 0.3106
vn -0.4955 -0.2994 0.8154
vn 0.4828 -0.8718 0.0826
vn -0.1203 0.0134 0.9926
vn -0.1998 -0.8049 0.5588
vn 0.2304 -0.8434 0.4854
vn -0.1372 -0.1478 0.9795
vn 0.6201 -0.2377 0.7476
vn 0.3400 -0.6182 0.7087
vn -0.1677 0.9608 0.2208
vn 0.0250 0.8899 0.4554
vn 0.0033 0.6948 0.7192
vn -0.2173 -0.0705 0.9736
vn 0.0902 0.7071 0.7013
vn -0.5019 -0.8289 -0.2470
vn -0.6406 -0.7595 -0.1129
vn -0.1357 0.8759 0.4629
vn 0.6247 0.7173 0.3088
vn -0.8967 0.4115 0.1629
vn -0.9889 0.0842 0.1225
vn -0.2608 -0.9569 0.1276
vn 0.8969 -0.0171 0.4419
vn -0.1077 -0.9937 -0.0298
vn -0.6796 0.1423 -0.7197
vn 0.0178 -0.4296 -0.9029
vn -0.7115 -0.6735 0.2004
vn -0.4803 -0.1057 -0.8707
vn 0.1248 -0.7418 -0.6589
vn -0.9309 0.0719 -0.3580
vn -0.7631 0.1906 -0.6175
vn -0.6650 0.3312 -0.6694
vn -0.5993 -0.6919 -0.4027
vn -0.1031 0.9056 0.4113
vn 0.2579 -0.7790 -0.5716
vn -0.8888 -0.0299 0.4573
vn 0.5486 -0.1106 0.8287
vn -0.6023 0.1753 0.7788
vn 0.3536 0.1328 0.9259
vn 0.3779 0.1643 0.9111
vn -0.5206 0.3016 0.7988
vn 0.3199 0.0312 0.9469
vn -0.1706 -0.0564 0.9837
vn -0.3112 -0.1344 0.9408
vn -0.4234 -0.0957 0.9009
vn 0.4836 -0.1103 0.8683
vn -0.6930 -0.3210 0.6455
vn 0.8747 -0.1606 0.4572
vn -0.7733 -0.1799 0.6080
vn -0.6521 -0.3126 0.6907
vn -0.7595 0.0293 0.6499
vn -0.6426 -0.4666 0.6078
vn -0.0757 0.9943 0.0753
vn 0.4172 0.8890 0.1888
vn -0.0482 0.9893 0.1377
vn 0.1660 0.3969 0.9027
vn 0.7536 -0.1728 0.6342
vn -0.8138 0.2287 0.5343
vn -0.7899 -0.1916 0.5825
vn 0.7372 -0.0855 0.6702
vn 0.8206 0.0281 0.5708
vn 0.0231 -0.5331 -0.8457
vn -0.9189 -0.1044 0.3805
vn -0.9363 -0.1447 0.3199
vn 0.3252 -0.9267 0.1884
vn -0.6168 -0.7651 0.1852
vn -0.8726 0.4884 -0.0075
vn 0.8730 0.4629 0.1539
vn 0.9960 0.0203 0.0872
vn 0.6699 0.7304 0.1330
vn -0.9499 -0.0315 0.3108
vn 0.1239 -0.7892 0.6015
vn 0.2308 -0.3072 0.9232
vn -0.2587 -0.1258 0.9577
vn -0.7703 -0.3562 0.5288
vn 0.9575 -0.0959 0.2720
vn 0.3041 -0.7888 0.5342
vn -0.2644 -0.8631 0.4304
vn -0.4217 -0.6086 0.6722
vn -0.1925 -0.6532 0.7323
vn -0.2918 -0.6287 0.7209
vn -0.5466 0.8306 0.1061
vn 0.7910 -0.5332 0.3000
vn 0.2110 -0.7128 0.6689
vn 0.3124 0.9487 0.0493
vn -0.2837 -0.3517 0.8921
vn 0.3167 -0.1898 0.9293
vn -0.2816 0.1479 0.9481
vn -0.6061 -0.0982 0.7893
vn 0.4859 -0.1479 0.8614
vn -0.0140 0.6121 0.7907
vn 0.3121 0.3867 0.8678
vn -0.2334 0.5971 0.7675
vn 0.2000 0.6264 0.7534
vn 0.1267 0.5753 0.8081
vn 0.9815 0.1913 -0.0066
vn 0.2244 0.9364 -0.2700
vn 0.3063 -0.9325 -0.1912
vn -0.9754 -0.1460 -0.1653
vn 0.1018 0.5246 0.8453
vn -0.8520 0.1217 0.5092
vn -0.6900 -0.4633 0.5560
vn -0.5354 -0.8308 0.1521
vn 0.8424 -0.3755 0.3865
vn -0.7085 -0.6805 0.1873
vn 0.7132 -0.6930 -0.1051
vn 0.9295 -0.1992 0.3103
vn -0.8332 0.1101 -0.5419
vn 0.2261 0.8848 0.4073
vn -0.5475 -0.5854 -0.5980
vn 0.8958 -0.1623 0.4137
vn -0.9778 0.2031 -0.0520
vn 0.9598 0.2779 -0.0398
vn -0.7630 0.2546 0.5942
vn -0.9078 0.3349 0.2525
vn -0.3474 0.0640 0.9355
vn 0.5122 0.3187 0.7976
vn -0.1622 0.2786 0.9466
vn -0.0683 0.0503 0.9964
vn 0.2745 -0.0170 0.9614
vn -0.1469 0.0933 0.9847
vn -0.2538 -0.0386 0.9665
vn 0.3277 -0.1153 0.9377
vn 0.1321 -0.1006 0.9861
vn -0.4783 -0.1395 0.8670
vn 0.8036 -0.1083 0.5852
vn 0.7636 -0.4322 0.4797
vn -0.7982 -0.2462 0.5498
vn 0.6877 -0.3150 0.6541
vn 0.7634 -0.1422 0.6300
vn 0.8023 -0.3567 0.4786
vn 0.6532 0.0973 0.7509
vn 0.9872 0.1564 -0.0320
vn -0.4046 0.2726 0.8729
vn 0.9591 -0.2801 -0.0402
vn 0.9446 -0.0078 0.3282
vn 0.8563 0.3253 0.4011
vn -0.6893 -0.0777 0.7203
vn 0.8761 -0.1971 0.4400
vn 0.8124 -0.1447 0.5648
vn -0.8134 -0.1057 0.5720
vn -0.1549 -0.7237 -0.6725
vn 0.9787 0.0884 0.1853
vn -0.9232 0.0244 0.3837
vn -0.5096 0.8204 0.2593
vn -0.9058 -0.1099 0.4092
vn 0.8468 -0.4915 0.2031
vn -0.8060 -0.5581 0.1972
vn -0.8788 -0.3907 0.2739
vn 0.8523 0.3536 0.3854
vn 0.0329 -0.7943 0.6067
vn -0.0456 -0.6516 0.7572
vn -0.3788 -0.8245 0.4203
vn 0.1918 0.3438 0.9193
vn 0.2603 -0.7402 0.6199
vn 0.5000 -0.7849 0.3659
vn -0.3867 -0.9222 -0.0044
vn -0.0375 -0.9852 0.1674
vn -0.0915 -0.9452 0.3134
vn 0.4590 -0.1831 0.8693
vn -0.4062 -0.0147 0.9137
vn -0.5929 -0.3739 0.7132
vn -0.7206 -0.0425 0.6920
vn 0.4375 0.7761 0.4542
vn -0.8059 0.5836 0.0991
vn 0.5408 0.6103 0.5788
vn -0.7173 0.4858 0.4995
vn -0.7813 -0.1899 -0.5946
vn 0.9789 -0.1133 0.1698
vn -0.3860 -0.9209 -0.0538
vn -0.6412 0.6956 0.3242
vn 0.9729 0.2276 0.0411
vn -0.5232 0.8388 0.1503
vn 0.4133 -0.9089 0.0561
vn -0.7694 -0.0807 0.6336
vn 0.6516 -0.3519 0.6720
vn -0.2446 -0.6862 0.6851
vn -0.6051 -0.7902 0.0975
vn 0.5428 0.2125 -0.8125
vn 0.1186 0.6241 -0.7723
vn 0.8452 0.2692 -0.4617
vn -0.9352 -0.2007 0.2918
vn 0.9026 -0.3888 0.1848
vn 0.7757 0.5879 0.2296
vn 0.9078 0.3023 -0.2906
vn 0.8888 0.0349 0.4569
vn 0.8041 0.2259 0.5499
vn 0.3503 -0.0617 0.9346
vn -0.2687 0.5844 0.7657
vn -0.1506 0.2061 0.9669
vn -0.0389 -0.0994 0.9943
vn 0.5148 -0.1138 0.8497
vn 0.7918 -0.2163 0.5712
vn -0.8139 -0.0953 0.5731
vn 0.7185 0.3715 0.5880
vn -0.6172 -0.3318 0.7135
vn -0.6893 0.7242 0.0183
vn 0.6173 -0.3830 0.6872
vn 0.2794 0.6112 0.7405
vn 0.0653 0.1627 0.9845
vn 0.9091 -0.2422 0.3390
vn -0.2247 0.3377 0.9140
vn 0.8941 -0.2405 0.3778
vn -0.6682 0.1541 0.7278
vn -0.9896 -0.1390 -0.0365
vn -0.9087 0.2353 -0.3448
vn 0.9952 -0.0099 -0.0974
vn -0.7024 -0.1635 0.6928
vn 0.8019 -0.1243 0.5844
vn 0.7060 -0.1803 0.6848
vn -0.7732 -0.1502 0.6162
vn 0.7932 -0.2011 0.5748
vn 0.0979 -0.9311 -0.3513
vn -0.9005 -0.3345 0.2777
vn 0.8120 -0.2839 -0.5100
vn 0.8853 -0.0653 0.4604
vn 0.8335 -0.3687 0.4115
vn 0.9348 0.2255 0.2743
vn -0.9304 -0.3249 0.1697
vn 0.9613 -0.1651 0.2206
vn 0.8133 0.5249 0.2509
vn -0.3197 0.9228 0.2148
vn 0.7346 0.6531 0.1839
vn -0.9147 0.0254 0.4033
vn -0.8477 -0.5263 0.0670
vn 0.9206 -0.3836 0.0734
vn 0.8831 0.0287 0.4683
vn 0.6189 -0.4238 0.6613
vn -0.3382 -0.4642 0.8186
vn 0.3422 -0.8207 0.4575
vn -0.5062 -0.3204 0.8007
vn -0.8580 -0.5103 -0.0594
vn -0.1641 0.1394 0.9765
vn 0.1766 -0.7104 0.6813
vn -0.0416 -0.4659 0.8839
vn 0.3064 -0.2923 0.9059
vn -0.5787 -0.6262 0.5225
vn -0.4499 -0.0773 0.8897
vn 0.4745 -0.2041 0.8563
vn 0.5088 -0.3827 0.7711
vn 0.0868 0.9396 0.3311
vn 0.2415 0.8812 0.4064
vn 0.7721 0.5716 0.2777
vn -0.5083 0.7552 0.4139
vn 0.2749 0.4834 0.8311
vn 0.2493 0.4765 0.8431
vn -0.2345 0.4459 0.8638
vn -0.2013 0.4582 0.8657
vn -0.6593 -0.4235 -0.6213
vn -0.9899 -0.1195 0.0761
vn -0.9699 0.2122 0.1193
vn 0.3002 0.9480 0.1056
vn 0.9055 0.2646 0.3317
vn -0.3963 0.9156 0.0678
vn -0.5677 0.5699 0.5941
vn 0.2969 -0.6187 0.7274
vn -0.7387 -0.3235 0.5914
vn 0.4539 -0.1789 0.8729
vn 0.8871 -0.4350 0.1543
vn 0.9633 -0.2173 0.1576
vn -0.9622 0.2680 0.0481
vn -0.9405 -0.0828 -0.3295
vn 0.8792 0.3143 0.3581
vn -0.7304 0.6653 0.1542
vn -0.4451 0.7875 0.4262
vn 0.8389 -0.2397 -0.4887
vn -0.9967 -0.0058 0.0805
vn -0.9368 0.2938 -0.1901
vn -0.9264 0.3606 0.1087
vn -0.3774 0.4299 0.8202
vn 0.4533 0.6848 0.5706
vn 0.0899 0.0637 0.9939
vn 0.1159 0.5948 0.7955
vn 0.1495 0.2229 0.9633
vn 0.0270 0.3643 0.9309
vn 0.2209 -0.1337 0.9661
vn -0.2370 -0.1252 0.9634
vn -0.0270 -0.1271 0.9915
vn 0.2220 -0.1120 0.9686
vn -0.1659 -0.1131 0.9796
vn -0.6652 -0.3102 0.6791
vn 0.5613 -0.2308 0.7948
vn -0.7082 -0.2799 0.6482
vn -0.8408 -0.2458 0.4824
vn 0.7961 -0.1326 0.5905
vn -0.7786 -0.2160 0.5892
vn -0.8295 -0.1072 0.5481
vn -0.7800 -0.1081 0.6164
vn -0.4282 0.8822 -0.1958
vn 0.5671 0.7796 0.2657
vn -0.2166 -0.0358 0.9756
vn -0.5462 0.4940 0.6765
vn -0.8900 -0.4054 0.2085
vn -0.9268 -0.3651 -0.0878
vn 0.9694 -0.2131 -0.1221
vn 1.0000 0.0076 0.0046
vn -0.7287 -0.0776 0.6804
vn 0.6749 -0.0960 0.7317
vn 0.7946 -0.1108 0.5970
vn -0.8763 -0.2142 0.4316
vn 0.8564 -0.1406 0.4967
vn 0.7471 -0.4225 -0.5131
vn -0.2068 -0.9688 -0.1364
vn 0.9169 -0.0300 0.3980
vn -0.9236 0.1931 0.3312
vn 0.8796 0.3398 0.3329
vn -0.7752 0.6069 -0.1753
vn 0.9485 0.2033 0.2428
vn -0.8775 0.2201 0.4261
vn -0.9058 0.1022 0.4112
vn 0.9564 0.0053 0.2920
vn -0.2606 -0.0511 0.9641
vn -0.9048 -0.0334 0.4245
vn 0.4511 -0.2822 0.8467
vn -0.5447 -0.4580 0.7025
vn -0.5612 -0.4485 0.6956
vn -0.9204 -0.0197 -0.3906
vn -0.9226 0.3705 -0.1069
vn 0.2790 0.5014 0.8190
vn 0.0007 0.3563 0.9344
vn 0.7525 0.3804 0.5376
vn -0.0274 0.2438 0.9694
vn -0.0111 0.3760 0.9266
vn 0.1106 0.8904 0.4416
vn 0.9225 -0.3055 0.2357
vn 0.5797 -0.8149 0.0019
vn 0.5890 0.7783 0.2174
vn 0.6345 0.2019 0.7461
vn 0.3216 0.0384 0.9461
vn -0.5113 -0.8244 0.2427
vn 0.4878 0.3442 0.8022
vn 0.1426 -0.0386 0.9890
vn -0.1025 -0.4004 0.9106
vn -0.3201 -0.2120 0.9234
vn -0.3357 -0.9055 0.2595
vn -0.7317 0.5196 0.4412
vn 0.1966 0.8936 0.4035
vn 0.2530 -0.9302 -0.2660
vn 0.9628 -0.1423 0.2297
vn -0.9401 -0.0117 0.3407
vn 0.9288 -0.0374 0.3688
vn 0.8362 0.5144 0.1902
vn 0.6621 0.5909 0.4609
vn 0.0426 0.0741 0.9963
vn -0.2661 -0.4609 0.8466
vn 0.3416 -0.4047 0.8483
vn 0.6466 -0.2709 0.7131
vn 0.6118 -0.3832 0.6920
vn 0.8329 -0.3282 0.4456
vn -0.4927 -0.1704 0.8533
vn -0.8813 0.4353 0.1840
vn -0.4687 0.4706 0.7476
vn 0.9599 -0.0665 0.2725
vn 0.8750 0.0680 0.4792
vn 0.0967 0.5080 0.8559
vn -0.9686 -0.2208 -0.1144
vn -0.9642 -0.2630 -0.0334
vn 0.9726 -0.2037 -0.1120
vn 0.9558 -0.2823 -0.0822
vn -0.8339 0.5141 -0.2009
vn 0.9259 0.3656 -0.0947
vn 0.9377 0.3389 -0.0772
vn -0.9853 0.0537 0.1623
vn -0.5856 0.7782 -0.2270
vn 0.8775 0.1158 0.4654
vn -0.6634 -0.1507 0.7329
vn -0.6955 -0.2150 0.6856
vn -0.8204 -0.1976 0.5366
vn -0.8755 0.1253 0.4667
vn 0.8825 -0.0094 0.4702
vn -0.8836 0.1680 0.4371
vn -0.3946 -0.8892 0.2315
vn -0.9817 -0.0961 0.1645
vn -0.8893 -0.1671 0.4257
vn 0.8843 -0.0059 0.4669
vn 0.8879 -0.2132 0.4076
vn -0.9466 -0.1989 0.2536
vn 0.7537 -0.2599 0.6037
vn -0.7015 -0.2543 0.6658
vn 0.8300 -0.1984 0.5212
vn 0.4412 -0.2505 0.8617
vn -0.2456 0.5350 0.8084
vn -0.2495 0.8594 0.4464
vn 0.0763 0.4303 0.8995
vn -0.9083 -0.1845 -0.3754
vn 0.0930 0.2062 0.9741
vn 0.8922 0.2134 0.3979
vn -0.9629 -0.2697 0.0094
vn 0.8577 0.4746 0.1976
vn -0.4400 -0.8531 0.2803
vn 0.3337 -0.9213 0.1998
vn 0.5712 0.7031 0.4235
vn -0.6152 0.7280 0.3026
vn -0.3458 0.4179 0.8401
vn -0.3152 0.4267 0.8477
vn -0.1485 -0.0982 0.9840
vn 0.3776 -0.3088 0.8730
vn 0.5930 -0.3660 0.7172
vn 0.5860 -0.4340 0.6843
vn -0.3991 -0.5096 0.7623
vn 0.5632 -0.6133 0.5538
vn -0.5920 -0.3609 0.7206
vn -0.5222 -0.4692 0.7122
vn -0.2934 0.1698 -0.9408
vn -0.8550 -0.2756 -0.4394
vn 0.4283 -0.4218 -0.7992
vn -0.8296 0.2285 0.5095
vn -0.7286 -0.6294 -0.2701
vn -0.9467 0.1696 -0.2739
vn 0.4151 0.3347 0.8460
vn -0.0312 -0.3489 0.9367
vn -0.3902 -0.4149 0.8220
vn 0.3101 -0.5019 0.8074
vn -0.3726 -0.3409 0.8631
vn -0.6789 -0.1687 0.7146
vn 0.6332 -0.3384 0.6961
vn 0.6370 -0.0732 0.7674
vn 0.4164 0.4280 0.8021
vn 0.4201 -0.0788 0.9041
vn -0.9391 -0.1068 0.3265
vn 0.2499 0.1199 0.9608
vn 0.3374 -0.0266 0.9410
vn -0.0633 0.1907 0.9796
vn -0.6627 0.0690 0.7457
vn -0.9103 -0.1740 -0.3756
vn 0.9990 -0.0432 -0.0132
vn -0.9935 -0.0425 -0.1060
vn 0.8648 0.4750 -0.1629
vn -0.9797 0.1803 -0.0872
vn 0.9530 0.2353 0.1908
vn -0.9779 0.1658 0.1277
vn -0.9631 0.1947 0.1859
vn -0.9641 0.1980 -0.1770
vn -0.9879 -0.0636 0.1417
vn 0.8554 0.2064 0.4751
vn -0.5043 -0.1375 0.8525
vn 0.5947 -0.1010 0.7976
vn -0.8501 0.1249 0.5116
vn -0.7883 0.2057 0.5799
vn -0.7901 -0.1663 0.5900
vn -0.4627 -0.8055 -0.3701
vn 0.8493 -0.0718 0.5230
vn 0.8809 0.2880 0.3756
vn 0.4688 -0.7955 0.3840
vn -0.7027 0.6895 0.1757
vn 0.4188 0.8502 0.3191
vn -0.8308 -0.1059 0.5464
vn 0.4045 -0.2177 0.8883
vn -0.9100 -0.1159 0.3981
vn -0.9126 -0.3867 -0.1326
vn -0.2085 -0.4708 0.8572
vn 0.6888 0.1406 0.7112
vn 0.5067 0.1277 0.8526
vn 0.0778 -0.4350 0.8971
vn 0.1248 -0.2192 0.9677
vn -0.1379 -0.5949 0.7919
vn -0.5204 -0.8497 -0.0851
vn -0.3148 -0.3069 0.8982
vn 0.2404 -0.2223 0.9449
vn 0.2469 -0.3863 0.8887
vn -0.3319 -0.3522 0.8751
vn 0.0479 0.8323 0.5522
vn -0.1094 0.0854 0.9903
vn 0.3796 0.4359 0.8160
vn 0.0354 0.3649 0.9304
vn 0.4254 0.3885 0.8174
vn -0.9825 0.1732 -0.0681
vn -0.1441 0.2935 0.9450
vn -0.5188 0.5076 0.6879
vn -0.2899 0.3509 0.8904
vn -0.8873 -0.2924 0.3566
vn -0.0969 0.3291 0.9393
vn -0.0017 0.8885 0.4588
vn -0.1753 -0.9497 0.2593
vn 0.8867 -0.1397 0.4408
vn -0.7577 0.3890 0.5239
vn -0.6561 -0.5408 0.5264
vn -0.2520 -0.2813 0.9260
vn -0.3299 -0.3723 0.8675
vn -0.3245 -0.5825 0.7453
vn -0.0983 -0.4958 0.8629
vn 0.6236 -0.4325 0.6512
vn -0.6455 0.6393 0.4179
vn 0.3649 0.7776 0.5120
vn -0.0775 -0.9707 -0.2273
vn 0.5258 -0.7752 -0.3502
vn 0.9528 0.2015 -0.2270
vn -0.8080 0.5889 0.0192
vn -0.8261 0.2920 0.4819
vn 0.7829 0.6221 0.0023
vn -0.7438 0.5509 0.3785
vn 0.8188 0.2488 0.5174
vn -0.5835 0.5490 0.5985
vn 0.0415 -0.4838 0.8742
vn 0.1095 -0.5134 0.8511
vn -0.4775 -0.4052 0.7796
vn -0.6337 -0.2244 0.7403
vn -0.4979 -0.0064 0.8672
vn 0.7084 -0.1581 0.6879
vn -0.2712 -0.0245 0.9622
vn 0.9576 0.0501 -0.2838
vn 0.9947 0.0332 0.0977
vn -0.9882 0.1497 -0.0318
vn 0.7827 0.3681 -0.5020
vn 0.9381 0.2870 -0.1940
vn -0.4902 0.5684 -0.6608
vn -0.5252 0.2772 -0.8046
vn -0.7246 0.2854 -0.6273
vn 0.9751 0.1923 0.1102
vn -0.7992 0.1476 -0.5826
vn 0.7473 0.0368 0.6635
vn 0.9480 0.3176 -0.0200
vn -0.9754 -0.0561 0.2131
vn 0.9570 0.1943 0.2153
vn -0.6845 -0.1082 0.7209
vn 0.6345 -0.2023 0.7460
vn 0.7369 -0.1724 0.6537
vn -0.7341 -0.1325 0.6660
vn 0.5475 -0.8255 0.1372
vn -0.0343 -0.9994 0.0009
vn 0.8350 0.1985 0.5133
vn 0.8769 0.2316 0.4211
vn 0.8305 0.3870 0.4006
vn 0.8702 0.0965 0.4832
vn -0.5940 0.7720 0.2262
vn 0.8709 0.2160 0.4414
vn -0.7227 -0.0877 0.6855
vn 0.8148 -0.2602 0.5180
vn -0.6806 -0.0896 0.7271
vn 0.6334 0.4695 0.6151
vn 0.5411 0.5933 0.5960
vn -0.0851 0.7712 0.6308
vn -0.1899 0.0502 0.9805
vn -0.6493 0.6012 0.4657
vn 0.3961 0.7947 0.4600
vn 0.3475 0.6700 0.6560
vn 0.4713 0.5344 0.7016
vn 0.4942 0.7706 0.4024
vn 0.1240 -0.7576 0.6408
vn 0.6565 -0.4676 0.5919
vn -0.7228 -0.3302 0.6071
vn 0.5896 -0.2634 0.7635
vn -0.2454 -0.3966 0.8846
vn 0.4753 -0.5432 0.6921
vn -0.6494 -0.2325 0.7240
vn 0.8921 -0.1284 0.4333
vn -0.7441 0.0189 0.6678
vn 0.6549 0.5394 0.5293
vn 0.2552 0.8295 0.4968
vn -0.8630 -0.4327 -0.2608
vn -0.9915 0.0480 0.1211
vn 0.4513 0.4376 0.7777
vn 0.2776 0.6076 0.7442
vn 0.3571 -0.0619 0.9320
vn 0.4152 -0.0803 0.9062
vn 0.4254 -0.0112 0.9049
vn -0.4027 -0.0425 0.9144
vn -0.6456 -0.1564 0.7474
vn 0.6421 0.0623 0.7641
vn -0.8857 -0.3163 0.3398
vn -0.9236 0.0762 -0.3757
vn 0.7140 0.2617 -0.6494
vn -0.6234 0.2115 -0.7528
vn 0.7000 0.3499 -0.6225
vn -0.5656 0.4182 -0.7108
vn 0.9103 0.2615 -0.3209
vn 0.7109 0.3690 -0.5987
vn -0.7538 0.4353 -0.4922
vn 0.9743 -0.1110 0.1960
vn -0.8247 0.1508 -0.5451
vn 0.8645 0.4124 -0.2874
vn -0.9768 0.2087 -0.0485
vn 0.9924 0.1131 -0.0482
vn -0.8822 -0.0092 0.4708
vn -0.6592 0.2178 0.7197
vn 0.4993 -0.1943 0.8444
vn -0.4467 -0.2055 0.8707
vn 0.6497 -0.1483 0.7456
vn -0.5987 -0.1900 0.7781
vn 0.6187 -0.4081 -0.6713
vn -0.2734 -0.9507 -0.1466
vn 0.7974 -0.0580 0.6006
vn -0.8381 0.1446 0.5260
vn -0.7124 -0.4177 0.5639
vn -0.8189 0.1477 0.5546
vn -0.8460 0.2118 0.4893
vn 0.9559 -0.0192 0.2929
vn 0.2796 0.9202 0.2741
vn 0.8624 -0.0883 0.4985
vn 0.7685 -0.5106 0.3856
vn -0.8662 0.0501 0.4971
vn -0.6479 -0.1218 0.7519
vn -0.3726 0.4879 0.7894
vn -0.2469 0.0615 0.9671
vn 0.4975 -0.1005 0.8616
vn 0.4976 0.2657 0.8257
vn -0.3077 -0.0503 0.9502
vn 0.4061 -0.3516 0.8435
vn 0.6473 0.5809 0.4936
vn 0.7370 0.4075 0.5393
vn -0.9589 -0.2424 0.1478
vn 0.3962 -0.0294 0.9177
vn 0.5099 0.8356 0.2044
vn -0.7740 0.2219 0.5931
vn -0.6751 0.4266 0.6019
vn 0.4794 -0.4697 0.7413
vn -0.5201 -0.2777 0.8077
vn 0.4586 -0.3794 0.8036
vn 0.6991 -0.2933 0.6521
vn -0.6460 0.4166 0.6397
vn 0.9051 -0.4095 -0.1145
vn -0.9066 0.2745 0.3206
vn -0.2487 -0.0290 0.9682
vn 0.4011 -0.2544 0.8800
vn 0.3237 -0.0961 0.9413
vn -0.3919 0.1560 0.9067
vn 0.7097 -0.4039 0.5772
vn -0.7607 -0.2602 0.5947
vn 0.9289 -0.3341 0.1598
vn 0.9520 0.1558 0.2635
vn -0.9749 0.2102 0.0732
vn -0.8801 0.3203 -0.3504
vn 0.8769 0.3890 -0.2822
vn 0.8754 0.2598 -0.4076
vn 0.8085 0.1491 -0.5693
vn 0.7665 0.3477 -0.5401
vn 0.8212 0.3382 0.4596
vn -0.7328 0.2987 0.6113
vn -0.3511 -0.1408 0.9257
vn 0.5639 -0.0019 0.8258
vn 0.2991 0.4681 0.8316
vn 0.3265 -0.1519 0.9329
vn -0.6053 -0.1344 0.7846
vn -0.7756 -0.4925 0.3949
vn 0.5917 -0.3608 -0.7209
vn 0.6895 -0.0861 0.7191
vn 0.6974 -0.0444 0.7153
vn 0.7676 -0.5236 0.3696
vn -0.7596 0.1364 0.6359
vn 0.7267 -0.1059 0.6787
vn -0.8227 0.2320 0.5190
vn -0.9131 -0.0470 0.4050
vn -0.9867 -0.0957 0.1314
vn -0.7639 0.5929 -0.2548
vn 0.9933 0.0314 -0.1114
vn -0.8170 0.0814 0.5709
vn 0.8606 -0.0109 0.5092
vn -0.8308 -0.0462 0.5546
vn -0.7187 -0.4771 0.5058
vn 0.7023 -0.5600 0.4394
vn -0.6958 -0.5825 0.4202
vn 0.8761 -0.0199 0.4817
vn -0.6793 -0.0383 0.7328
vn 0.2670 -0.0166 0.9635
vn 0.1538 0.1945 0.9688
vn 0.1358 0.3244 0.9361
vn 0.6537 0.4445 0.6124
vn -0.5306 0.0136 0.8475
vn -0.3557 0.6481 0.6734
vn 0.3662 0.6848 0.6300
vn 0.8415 -0.4958 0.2143
vn -0.4541 0.1759 0.8734
vn -0.8623 0.0475 0.5042
vn 0.4004 0.7596 0.5126
vn -0.1317 -0.4462 0.8852
vn -0.5124 -0.3325 0.7918
vn -0.4583 -0.1415 0.8775
vn -0.2767 -0.4494 0.8494
vn 0.0121 -0.4263 0.9045
vn -0.1183 -0.4238 0.8980
vn -0.4407 -0.3870 0.8099
vn 0.4280 -0.4605 0.7777
vn -0.7492 0.2026 0.6306
vn 0.7653 -0.0884 0.6376
vn 0.9812 -0.1840 -0.0582
vn 0.9831 0.1424 0.1149
vn 0.9089 0.4023 -0.1096
vn 0.8304 0.4514 0.3265
vn 0.5445 0.4886 0.6817
vn -0.4447 0.5152 0.7327
vn -0.5740 0.5159 0.6359
vn 0.5062 0.7202 0.4745
vn -0.1493 0.6233 0.7676
vn -0.0487 0.4977 0.8660
vn 0.0296 -0.0614 0.9977
vn 0.0185 -0.0386 0.9991
vn -0.1351 -0.3051 0.9427
vn -0.1647 -0.0200 0.9861
vn -0.6391 -0.1971 0.7434
vn 0.6309 -0.3626 0.6859
vn -0.8591 0.3637 -0.3601
vn 0.8158 0.4331 0.3832
vn 0.8836 0.4677 0.0219
vn -0.8132 0.4886 0.3162
vn -0.8469 0.5200 0.1112
vn 0.8358 0.5473 0.0436
vn 0.5277 0.7040 0.4752
vn 0.5907 0.7221 0.3601
vn 0.2602 0.2780 0.9247
vn -0.2543 0.3043 0.9180
vn -0.2035 -0.0844 0.9754
vn 0.4472 -0.1502 0.8817
vn 0.6258 -0.1239 0.7701
vn -0.5731 -0.2948 0.7646
vn 0.4504 -0.8918 0.0433
vn 0.4825 -0.5948 0.6430
vn -0.0778 -0.8898 0.4497
vn 0.0575 -0.9816 0.1821
vn -0.2677 -0.9512 0.1533
vn 0.7138 0.2390 0.6583
vn 0.7270 0.2324 0.6461
vn -0.9068 0.3947 -0.1482
vn 0.7473 0.6570 0.0992
vn 0.5471 0.7401 0.3910
vn -0.3035 0.8688 0.3913
vn 0.8109 0.0429 0.5836
vn 0.6164 0.0159 0.7873
vn 0.2227 0.1977 0.9546
vn -0.3299 -0.0884 0.9399
vn -0.2747 0.3249 0.9050
vn 0.0849 0.1453 0.9857
vn -0.7763 0.1943 0.5997
vn -0.1315 -0.0492 0.9901
vn 0.8491 0.4835 0.2129
vn -0.7707 0.1213 0.6256
vn -0.0536 0.2211 0.9738
vn 0.9794 -0.0672 0.1905
vn -0.9859 -0.1216 0.1148
vn 0.4281 0.5823 0.6912
vn -0.8045 -0.4676 0.3663
vn 0.6255 0.3903 0.6756
vn -0.2506 0.5250 0.8134
vn -0.2755 0.5225 0.8069
vn 0.3594 -0.3621 0.8601
vn 0.1038 0.7713 0.6280
vn 0.0594 -0.9658 -0.2525
vn 0.3470 0.5857 0.7325
vn 0.0467 -0.2148 0.9755
vn -0.2995 -0.2917 0.9084
vn -0.0523 -0.4872 0.8717
vn 0.2692 -0.4454 0.8539
vn 0.3590 -0.3924 0.8468
vn -0.5568 -0.4414 0.7037
vn -0.4444 -0.3867 0.8081
vn -0.8817 -0.1259 0.4547
vn -0.8474 0.0867 0.5239
vn -0.2515 0.6440 0.7225
vn -0.3697 0.6019 0.7078
vn 0.1038 0.8163 0.5682
vn 0.0792 -0.1756 0.9813
vn 0.1670 -0.1644 0.9722
vn -0.5646 -0.1411 0.8132
vn -0.7534 0.0978 0.6503
vn 0.3953 -0.7522 0.5271
vn 0.7384 -0.5838 0.3377
vn -0.6927 -0.0773 0.7171
vn -0.5656 -0.3893 0.7270
vn -0.0393 -0.6900 0.7228
vn -0.9890 0.0181 0.1471
vn 0.9353 -0.3039 -0.1810
vn -0.6504 0.2637 0.7123
vn 0.4124 0.7492 0.5183
vn 0.7532 0.0181 0.6576
vn -0.5155 -0.5439 0.6621
vn -0.7871 -0.2424 0.5672
vn 0.4425 -0.0309 0.8962
vn -0.5302 -0.1119 0.8404
vn 0.3987 0.0915 0.9125
vn -0.3819 0.0198 0.9240
vn 0.2072 0.3778 0.9024
vn -0.3184 0.0962 0.9431
vn 0.6628 0.3106 0.6813
vn 0.3618 0.1603 0.9184
vn -0.6432 0.3149 0.6979
vn -0.5071 -0.0504 0.8604
vn -0.8180 0.2049 0.5374
vn 0.4785 -0.0671 0.8755
vn -0.1187 0.3131 0.9423
vn 0.2234 0.5542 0.8018
vn -0.2742 0.6492 0.7095
vn 0.9012 -0.0797 -0.4260
vn 0.5397 0.5553 0.6328
vn -0.8063 -0.4076 0.4288
vn 0.8471 -0.5025 0.1729
vn 0.3688 0.3084 0.8769
vn -0.8407 -0.0657 0.5375
vn 0.3554 -0.3123 0.8810
vn -0.5240 -0.4754 0.7067
vn 0.3733 -0.4759 0.7963
vn -0.5229 -0.5633 0.6397
vn 0.4283 -0.5084 0.7470
vn 0.6490 -0.3220 0.6893
vn -0.2009 0.7073 0.6778
vn 0.1990 0.6329 0.7482
vn 0.4380 -0.8849 -0.1587
vn 0.5162 0.8190 0.2504
vn -0.6415 0.6039 0.4732
vn -0.2924 0.8139 0.5022
vn -0.8617 -0.1258 0.4916
vn 0.8272 0.1262 0.5476
vn 0.8786 0.3266 0.3484
vn -0.7751 0.3849 0.5011
vn -0.2624 0.7703 0.5812
vn -0.0761 -0.1621 0.9838
vn 0.3452 -0.1790 0.9213
vn -0.4010 -0.1248 0.9075
vn 0.5107 -0.1682 0.8431
vn -0.5007 -0.8621 0.0783
vn -0.7107 0.0574 0.7012
vn 0.6639 -0.3821 -0.6429
vn 0.5959 -0.1425 0.7903
vn 0.7191 -0.5857 0.3739
vn 0.5412 -0.1941 0.8182
vn -0.7336 0.1536 0.6620
vn -0.5980 0.1511 0.7872
vn 0.8271 0.5536 -0.0973
vn -0.6784 0.3031 0.6693
vn -0.5195 0.5713 0.6353
vn 0.5957 -0.5780 0.5577
vn 0.6035 -0.3133 0.7332
vn -0.7028 0.2326 0.6723
vn 0.5916 0.4235 0.6860
vn 0.3525 0.4723 0.8079
vn -0.3387 0.1428 0.9300
vn -0.2379 -0.1110 0.9649
vn -0.3280 0.2089 0.9213
vn 0.1696 0.2589 0.9509
vn -0.0953 0.4906 0.8662
vn 0.9739 0.1906 -0.1230
vn 0.3443 0.6457 0.6815
vn -0.2556 0.5993 0.7586
vn -0.9222 -0.0311 0.3854
vn -0.8782 0.2244 0.4223
vn 0.2526 0.6642 0.7036
vn -0.4340 0.6590 0.6143
vn 0.5280 -0.4064 0.7457
vn -0.4475 -0.4821 0.7532
vn -0.5488 -0.2038 0.8107
vn -0.2964 -0.2453 0.9230
vn -0.2603 -0.5787 0.7729
vn -0.4446 -0.6886 0.5729
vn -0.2779 -0.5756 0.7691
vn 0.2270 -0.4418 0.8679
vn -0.1730 0.7242 0.6676
vn 0.1326 0.7076 0.6940
vn -0.7842 0.6097 0.1154
vn 0.0849 0.5404 0.8371
vn -0.3731 0.6945 0.6152
vn 0.0554 0.8163 0.5749
vn 0.7832 -0.1691 0.5984
vn 0.7960 -0.1931 0.5737
vn -0.6685 0.0502 0.7420
vn 0.4394 0.5720 0.6926
vn 0.1434 -0.1566 0.9772
vn 0.2583 -0.1421 0.9556
vn 0.0044 -0.1556 0.9878
vn -0.2811 -0.1798 0.9427
vn 0.4587 -0.0994 0.8830
vn -0.3804 -0.1531 0.9121
vn 0.6922 -0.3104 0.6515
vn 0.2701 -0.9389 -0.2135
vn 0.7185 0.1486 0.6794
vn 0.7855 0.2012 0.5853
vn -0.8650 -0.3834 0.3238
vn 0.9762 -0.1436 0.1626
vn 0.9741 -0.2173 0.0620
vn 0.9736 0.2024 0.1053
vn -0.4101 0.9034 -0.1252
vn -0.1786 0.8670 0.4651
vn 0.6241 0.2638 0.7355
vn -0.7590 -0.0192 0.6508
vn 0.7178 0.2793 0.6377
vn -0.8066 0.3125 0.5017
vn 0.2832 0.1855 0.9409
vn 0.4833 -0.5340 0.6937
vn 0.2327 0.2410 0.9422
vn -0.4197 -0.0438 0.9066
vn -0.6087 -0.0142 0.7933
vn -0.4627 -0.8335 0.3019
vn -0.5134 0.6316 0.5810
vn -0.4238 0.1583 0.8918
vn 0.9808 0.0769 0.1793
vn -0.1367 0.6311 0.7636
vn -0.0457 -0.4557 0.8890
vn 0.5078 -0.1485 0.8485
vn -0.5603 0.0337 0.8276
vn -0.1839 -0.5176 0.8356
vn -0.3639 -0.6648 0.6524
vn -0.5452 -0.4966 0.6754
vn -0.2188 -0.4848 0.8468
vn 0.3825 -0.4390 0.8130
vn -0.5084 -0.2165 0.8335
vn 0.7004 0.1217 0.7033
vn -0.4142 0.6021 0.6826
vn 0.2355 0.6826 0.6918
vn -0.6084 -0.7904 0.0718
vn -0.7307 -0.6806 0.0535
vn -0.9591 0.2783 0.0512
vn -0.4991 0.8188 0.2836
vn 0.2797 0.7903 0.5451
vn 0.7308 0.1901 0.6556
vn -0.7020 0.2378 0.6713
vn -0.4133 0.2840 0.8652
vn 0.4306 0.4933 0.7558
vn -0.1002 0.4095 0.9068
vn -0.2036 -0.1355 0.9696
vn 0.5774 -0.0802 -0.8125
vn 0.5506 -0.0938 0.8295
vn -0.5299 -0.1187 0.8397
vn 0.5686 -0.7590 0.3172
vn -0.2273 -0.8253 -0.5169
vn 0.1773 -0.9764 0.1235
vn -0.5598 -0.7783 0.2845
vn 0.6334 0.1590 0.7573
vn -0.6294 0.1712 0.7580
vn -0.9175 -0.1599 0.3642
vn -0.2216 0.9619 0.1602
vn 0.5413 0.5312 0.6517
vn 0.2970 0.5553 0.7768
vn -0.6515 -0.0270 0.7581
vn -0.5371 0.4238 0.7293
vn 0.6270 0.0730 0.7756
vn 0.7236 -0.2191 0.6545
vn -0.4818 -0.3093 0.8199
vn 0.6030 -0.1971 0.7730
vn -0.4459 0.2803 0.8501
vn 0.3173 -0.1160 0.9412
vn -0.0187 0.1109 0.9937
vn 0.1447 -0.7851 0.6023
vn 0.0894 0.2456 0.9652
vn -0.3241 -0.1697 0.9307
vn 0.8745 -0.0690 0.4802
vn 0.3544 -0.1657 0.9203
vn -0.1223 0.2926 0.9484
vn 0.0366 -0.2943 0.9550
vn 0.3389 -0.3999 0.8516
vn -0.1744 -0.6750 0.7170
vn 0.4328 -0.5588 0.7074
vn 0.6913 -0.1318 0.7105
vn 0.1639 0.5323 0.8305
vn 0.0631 -0.9975 0.0308
vn 0.2078 -0.9782 0.0047
vn 0.9123 0.2924 0.2867
vn -0.4437 -0.2818 0.8507
vn 0.4485 -0.3372 0.8277
vn 0.6630 -0.0955 0.7425
vn 0.3546 -0.8047 -0.4762
vn 0.3840 -0.0033 -0.9233
vn 0.9695 -0.2276 -0.0906
vn -0.9782 -0.1356 -0.1574
vn -0.4385 0.0040 -0.8987
vn 0.5418 0.2600 0.7993
vn 0.4747 0.3089 0.8242
vn -0.6594 0.0276 -0.7513
vn -0.9924 0.0093 0.1230
vn 0.3517 0.0031 -0.9361
vn 0.9217 0.0044 -0.3879
vn -0.3849 0.0392 -0.9221
vn 0.3754 0.0027 -0.9269
vn -0.8761 0.0050 0.4822
vn -0.9215 0.3805 0.0782
vn 0.9776 0.0260 -0.2088
vn 0.1116 0.6476 -0.7537
vn -0.2585 -0.9351 -0.2425
vn 0.3771 -0.3744 -0.8471
vn -0.1238 -0.1309 0.9836
vn 0.3172 -0.1306 0.9393
vn 0.8101 -0.3820 -0.4448
vn 0.4292 -0.1166 0.8957
vn 0.6371 -0.7685 0.0599
vn 0.4780 -0.2546 0.8407
vn -0.8203 -0.1309 0.5568
vn -0.6599 0.1192 0.7418
vn -0.7086 -0.3327 0.6222
vn 0.5318 0.2327 0.8143
vn -0.6277 -0.3340 0.7031
vn 0.7634 -0.2009 0.6139
vn 0.8047 -0.5621 0.1910
vn -0.1341 0.7115 0.6898
vn -0.4312 0.2427 0.8690
vn -0.4777 0.0918 0.8737
vn -0.6352 -0.0779 0.7684
vn 0.2594 0.3062 0.9159
vn 0.4818 0.0772 0.8728
vn 0.3844 0.2916 0.8759
vn -0.0516 -0.2712 0.9611
vn -0.5800 -0.2075 0.7878
vn 0.0199 0.2325 0.9724
vn 0.4188 -0.0793 0.9046
vn 0.5686 -0.2330 0.7889
vn -0.4928 -0.3791 0.7832
vn -0.1681 0.1670 0.9715
vn -0.0328 -0.2596 0.9651
vn -0.1962 -0.2958 0.9349
vn -0.2714 -0.0932 0.9580
vn 0.0935 0.3767 0.9216
vn 0.1831 -0.0303 0.9826
vn -0.2410 -0.2841 0.9280
vn -0.5332 -0.6142 0.5818
vn -0.2673 -0.6153 0.7416
vn -0.1579 -0.6259 0.7638
vn -0.5497 -0.5261 0.6489
vn 0.2127 -0.4223 0.8812
vn -0.5197 -0.2630 0.8129
vn -0.5832 0.0832 0.8081
vn 0.4803 0.2928 0.8268
vn 0.1083 0.6789 0.7262
vn -0.1075 0.6247 0.7734
vn 0.9494 -0.2911 0.1182
vn 0.9291 -0.3387 0.1487
vn 0.9540 0.1019 0.2818
vn 0.9338 0.3567 0.0283
vn 0.6815 0.7147 0.1574
vn 0.5539 0.7275 0.4048
vn -0.0676 -0.3698 0.9267
vn 0.0673 -0.4405 0.8952
vn 0.3691 -0.2430 0.8971
vn -0.5188 -0.1805 0.8357
vn -0.4013 0.2100 0.8915
vn -0.9096 0.0222 0.4149
vn -0.6144 0.0106 0.7889
vn 0.9717 0.0169 -0.2355
vn 0.9173 0.3970 -0.0300
vn -0.7025 -0.2933 0.6485
vn -0.5973 0.1534 0.7872
vn -0.0822 -0.1109 0.9904
vn 0.1822 -0.1048 0.9777
vn -0.1870 -0.2926 0.9378
vn 0.7158 -0.2703 -0.6438
vn -0.2747 -0.1398 0.9513
vn 0.4730 -0.8718 0.1275
vn 0.5709 -0.7450 0.3450
vn 0.5030 0.1189 0.8561
vn 0.2118 -0.5787 -0.7875
vn -0.1120 -0.6727 0.7314
vn -0.5769 0.1305 0.8063
vn -0.7813 0.0729 0.6199
vn -0.8639 0.0117 0.5035
vn 0.7879 0.0655 0.6123
vn -0.7367 0.5421 0.4042
vn -0.1396 0.9002 0.4124
vn 0.1252 0.9281 0.3507
vn -0.4147 0.0393 0.9091
vn 0.3398 0.9215 0.1878
vn 0.3308 0.4306 0.8397
vn -0.2168 0.5839 0.7823
vn 0.3689 -0.6478 0.6665
vn 0.6492 -0.0203 0.7604
vn 0.4721 0.3801 0.7954
vn -0.6310 0.3212 0.7062
vn 0.1361 0.4143 0.8999
vn -0.4630 -0.0253 0.8860
vn -0.3559 0.5443 0.7596
vn 0.1590 -0.6112 0.7753
vn -0.2704 -0.7710 0.5766
vn -0.6095 -0.3132 0.7283
vn -0.2957 0.5306 0.7944
vn 0.4593 -0.8633 0.2091
vn 0.1473 0.9159 0.3733
vn 0.5429 -0.0067 0.8398
vn 0.0783 -0.2988 0.9511
vn -0.5497 -0.1634 0.8192
vn 0.0805 0.2864 0.9547
vn 0.1423 -0.1023 0.9845
vn -0.6325 0.0998 0.7681
vn 0.2393 -0.5407 0.8064
vn 0.6896 -0.2229 0.6891
vn 0.3931 -0.8537 0.3415
vn 0.3720 -0.0849 0.9243
vn -0.9653 -0.2229 0.1358
vn 0.4673 0.2281 0.8542
vn -0.6793 -0.6483 -0.3439
vn 0.0359 -0.4349 -0.8998
vn -0.5272 -0.8375 -0.1438
vn 0.2761 -0.3574 0.8922
vn 0.5156 0.0707 0.8539
vn 0.3268 0.1408 0.9345
vn 0.4377 0.0838 0.8952
vn -0.4137 0.1636 0.8956
vn -0.1689 -0.3487 0.9219
vn -0.5182 -0.5829 0.6259
vn 0.5768 -0.3107 0.7555
vn -0.7046 -0.0228 0.7092
vn 0.8191 0.0591 0.5706
vn 0.7297 0.3430 0.5916
vn -0.0835 0.8543 0.5131
vn 0.1557 0.6234 0.7662
vn 0.2195 0.4736 0.8529
vn 0.2264 0.4596 0.8588
vn -0.4089 0.2174 0.8863
vn 0.6149 -0.0259 0.7882
vn -0.4572 0.0311 0.8888
vn -0.3011 0.0112 0.9535
vn 0.3298 -0.1523 0.9317
vn -0.3315 -0.2805 0.9008
vn 0.2903 -0.0622 0.9549
vn -0.3193 -0.6243 0.7129
vn -0.5164 -0.4753 0.7123
vn -0.4422 0.3430 0.8287
vn 0.2395 0.4525 0.8590
vn -0.0353 0.3305 0.9432
vn 0.2678 0.1757 0.9473
vn -0.3754 -0.0761 0.9237
vn 0.2917 -0.6867 0.6659
vn -0.1683 -0.5264 0.8334
vn -0.3006 -0.4492 0.8413
vn 0.7407 -0.3544 0.5707
vn 0.2315 -0.3729 0.8985
vn 0.3268 -0.3108 0.8925
vn -0.4587 0.3264 0.8265
vn 0.0179 0.6810 0.7321
vn -0.1400 0.9127 0.3838
vn 0.1656 -0.2041 0.9648
vn -0.4237 0.0525 0.9043
vn 0.3409 0.0577 0.9383
vn 0.4374 0.1368 0.8888
vn 0.0769 0.1851 0.9797
vn -0.4566 -0.0068 0.8897
vn -0.2031 0.5773 0.7909
vn -0.0171 -0.4134 0.9104
vn 0.0224 -0.0922 0.9955
vn 0.0027 -0.1414 0.9899
vn 0.5111 -0.2513 0.8219
vn 0.9126 -0.3454 -0.2186
vn 0.8730 -0.3609 0.3281
vn 0.3702 -0.9285 0.0294
vn -0.4039 -0.6246 0.6683
vn -0.4575 -0.4440 -0.7704
vn 0.5255 0.1493 0.8376
vn -0.6220 -0.1950 -0.7583
vn 0.0473 -0.0807 -0.9956
vn -0.1731 -0.3237 -0.9302
vn -0.4897 -0.2264 -0.8420
vn -0.6425 -0.6546 -0.3984
vn -0.5361 -0.8358 0.1186
vn -0.2442 -0.8500 0.4667
vn 0.3631 0.1836 0.9135
vn 0.0620 0.8428 0.5346
vn -0.2426 0.5962 0.7653
vn 0.2811 0.2888 0.9152
vn 0.3511 0.1385 0.9260
vn 0.4580 -0.3322 0.8245
vn -0.4060 0.2892 0.8669
vn -0.2961 0.0777 0.9520
vn 0.0725 0.5178 0.8524
vn -0.0468 0.4384 0.8976
vn -0.0364 0.1442 0.9889
vn -0.0738 0.2870 0.9551
vn 0.1254 -0.5809 0.8043
vn -0.2786 -0.4754 0.8345
vn -0.0414 -0.4900 0.8707
vn 0.4865 -0.6282 0.6072
vn 0.7614 -0.3621 0.5377
vn -0.5448 0.0097 0.8385
vn 0.3454 -0.0275 0.9380
vn 0.2751 0.3373 0.9003
vn 0.2078 0.2644 0.9418
vn -0.8925 0.0281 0.4502
vn -0.4875 0.7467 0.4524
vn -0.1359 0.9055 0.4019
vn -0.0708 -0.1709 0.9827
vn 0.4815 -0.0007 0.8765
vn 0.2073 0.0128 0.9782
vn -0.3142 -0.9285 -0.1979
vn 0.1467 -0.4140 -0.8984
vn 0.4765 -0.0804 -0.8755
vn -0.0336 -0.6626 -0.7482
vn -0.8402 -0.0128 -0.5421
vn 0.1980 -0.4297 -0.8810
vn 0.5863 -0.6635 -0.4649
vn 0.1196 -0.0515 -0.9915
vn -0.5521 0.0216 -0.8335
vn -0.8954 0.0022 -0.4453
vn -0.6132 -0.6817 0.3992
vn 0.4964 -0.1351 -0.8575
vn 0.0610 -0.2040 0.9771
vn 0.4833 -0.3542 0.8006
vn -0.8152 -0.0186 -0.5788
vn -0.4640 -0.0558 -0.8841
vn 0.8775 -0.3282 -0.3497
vn -0.8916 -0.4411 0.1025
vn -0.1703 -0.9027 -0.3951
vn 0.0184 -0.9617 -0.2734
vn 0.3664 -0.9259 -0.0916
vn 0.8042 -0.5367 0.2553
vn 0.0560 -0.1034 -0.9931
vn -0.2891 -0.7429 0.6037
vn -0.0915 -0.1179 -0.9888
vn -0.1251 -0.5957 -0.7934
vn -0.4735 -0.0873 -0.8765
vn -0.4381 0.1297 0.8895
vn 0.6507 -0.3649 0.6659
vn 0.8708 -0.4916 -0.0063
vn 0.7837 -0.4946 -0.3758
vn -0.3692 0.1244 0.9210
vn -0.2595 0.1291 0.9571
vn -0.2151 0.0789 0.9734
vn -0.1084 -0.5819 0.8060
vn 0.4335 -0.5963 0.6757
vn 0.4150 -0.4564 0.7870
vn -0.6090 -0.0466 0.7918
vn 0.0698 -0.2822 0.9568
vn 0.4110 -0.4084 0.8150
vn 0.3175 -0.1342 0.9387
vn 0.2539 -0.6752 0.6925
vn -0.1762 0.1528 0.9724
vn -0.0924 -0.4620 0.8821
vn 0.6281 -0.0931 0.7725
vn -0.4448 0.1164 0.8880
vn 0.5709 -0.0270 0.8206
vn 0.3240 0.5336 0.7812
vn -0.2233 0.5262 0.8205
vn -0.0922 0.3818 0.9196
vn -0.1578 0.2273 0.9610
vn -0.2191 0.1984 0.9553
vn 0.3240 -0.0673 0.9437
vn -0.2561 0.0384 0.9659
vn 0.2748 -0.3254 0.9048
vn -0.4293 0.1077 0.8967
vn -0.1580 0.5663 0.8089
vn -0.2010 0.2452 0.9484
vn -0.0313 0.4400 0.8975
vn -0.0323 0.2781 0.9600
vn 0.0074 0.3943 0.9190
vn 0.3182 0.4096 0.8550
vn 0.0065 0.4098 0.9121
vn -0.1156 0.4339 0.8935
vn 0.0452 -0.4432 0.8953
vn -0.3586 -0.3120 0.8798
vn 0.6590 -0.2195 0.7194
vn 0.8446 -0.1160 0.5227
vn 0.4454 0.1187 0.8874
vn 0.8572 -0.4100 0.3118
vn 0.8757 0.4114 0.2529
vn -0.6954 0.6681 0.2647
vn -0.1550 -0.0192 0.9877
vn 0.0614 0.0467 0.9970
vn 0.3575 -0.0396 -0.9331
vn -0.5190 0.1029 0.8486
vn -0.3557 0.0866 0.9306
vn 0.4339 -0.6489 -0.6251
vn 0.1039 -0.1794 -0.9783
vn 0.3435 -0.5895 -0.7311
vn 0.0870 -0.4400 -0.8938
vn 0.4079 -0.7790 -0.4762
vn -0.4456 -0.4213 -0.7899
vn 0.0974 -0.8092 -0.5794
vn 0.4472 -0.8771 -0.1753
vn 0.4648 -0.2521 0.8488
vn -0.3893 -0.0697 -0.9184
vn 0.5029 -0.3836 0.7745
vn -0.3540 0.1054 0.9293
vn 0.8736 -0.4311 -0.2259
vn 0.7091 -0.4354 0.5546
vn 0.6824 -0.5255 -0.5081
vn 0.6082 -0.3475 0.7136
vn -0.4366 -0.2493 -0.8644
vn 0.6536 -0.6275 -0.4232
vn -0.4405 -0.5179 -0.7333
vn 0.5460 -0.3193 -0.7745
vn -0.2558 -0.5436 -0.7994
vn 0.1260 -0.7793 -0.6139
vn -0.3566 -0.5999 0.7162
vn -0.1694 -0.3553 0.9193
vn -0.0665 -0.2463 0.9669
vn -0.6523 -0.4433 0.6148
vn -0.0817 -0.3964 0.9144
vn -0.0520 0.0362 0.9980
vn -0.2083 -0.4301 0.8784
vn -0.4531 -0.0817 0.8877
vn -0.4011 -0.2731 0.8744
vn 0.1929 -0.4443 0.8749
vn -0.2133 0.6043 0.7677
vn -0.3055 0.3050 0.9020
vn 0.1688 0.4404 0.8818
vn -0.2649 0.7143 0.6478
vn -0.2125 0.0640 0.9751
vn 0.2530 0.3971 0.8822
vn -0.2250 0.3804 0.8970
vn -0.2424 -0.0369 0.9695
vn -0.0562 0.2227 0.9733
vn 0.1786 0.4616 0.8689
vn 0.4547 0.1423 0.8792
vn -0.2652 -0.1147 0.9573
vn -0.2160 0.0957 0.9717
vn 0.5899 0.0397 0.8065
vn 0.5278 0.0289 0.8489
vn -0.2807 -0.0676 0.9574
vn 0.5723 -0.2480 0.7817
vn 0.0615 0.5160 0.8544
vn -0.3775 -0.1417 0.9151
vn 0.3952 -0.2258 0.8904
vn 0.2948 0.2635 0.9185
vn -0.4319 -0.8594 0.2738
vn -0.9321 0.2140 0.2921
vn 0.2016 0.8945 0.3991
vn 0.4335 0.8562 0.2810
vn -0.5670 -0.3755 0.7331
vn 0.5746 -0.6622 -0.4810
vn -0.6322 -0.2910 -0.7181
vn -0.8838 0.0406 -0.4661
vn 0.4271 -0.8009 0.4197
vn 0.3808 -0.1640 -0.9100
vn 0.1119 -0.1112 -0.9875
vn -0.0354 -0.0666 -0.9972
vn 0.2909 0.1962 0.9364
vn 0.7588 -0.4041 -0.5108
vn 0.2895 -0.2815 -0.9149
vn 0.2295 -0.0026 0.9733
vn -0.2224 0.1297 0.9663
vn 0.1833 0.0640 0.9810
vn 0.3824 0.1935 0.9035
vn 0.2560 0.2129 0.9429
vn -0.1963 0.4000 0.8952
vn 0.0225 -0.1266 0.9917
vn -0.2744 -0.1132 0.9549
vn 0.1316 -0.0329 0.9908
vn -0.1209 -0.3624 0.9241
vn 0.1834 -0.1465 0.9721
vn 0.3855 0.0435 0.9217
vn -0.2615 0.6612 0.7031
vn -0.5117 0.5689 0.6438
vn 0.1696 0.5715 0.8029
vn -0.3039 -0.2073 0.9299
vn -0.1016 -0.0111 0.9948
vn 0.1656 0.1960 0.9665
vn -0.4256 -0.0684 0.9023
vn -0.4351 0.1587 0.8863
vn -0.3138 0.0444 0.9484
vn 0.7522 0.0057 0.6589
vn -0.3620 0.1289 0.9232
vn -0.3208 -0.0418 0.9462
vn -0.2788 -0.2571 0.9253
vn -0.3420 -0.2035 0.9174
vn 0.4527 -0.1944 0.8702
vn 0.7448 -0.2260 0.6278
vn 0.4190 -0.3243 0.8481
vn 0.1854 -0.5071 0.8417
vn -0.1644 0.3010 0.9394
vn -0.1128 0.5686 0.8148
vn 0.0900 0.7190 0.6892
vn 0.2654 0.3243 0.9080
vn 0.2315 -0.4145 0.8801
vn 0.1716 -0.3685 0.9137
vn 0.0902 -0.2713 0.9583
vn 0.4568 0.1287 0.8802
vn -0.3670 0.1803 0.9126
vn -0.0215 0.4974 0.8672
vn -0.3453 -0.5192 -0.7818
vn -0.1258 -0.0118 -0.9920
vn -0.1726 -0.3832 -0.9074
vn 0.0755 0.0052 -0.9971
vn 0.2297 -0.1738 -0.9576
vn -0.0156 -0.0062 -0.9999
vn 0.1772 -0.2073 -0.9621
vn -0.1096 -0.0863 -0.9902
vn -0.4263 -0.0203 -0.9044
vn -0.3994 0.0520 0.9153
vn 0.6942 -0.3878 -0.6063
vn 0.2151 -0.0741 -0.9738
vn -0.0427 -0.0361 -0.9984
vn -0.5398 -0.0219 -0.8415
vn -0.1221 -0.0290 -0.9921
vn -0.1155 -0.0568 -0.9917
vn 0.1444 -0.0946 -0.9850
vn 0.3501 -0.3496 0.8690
vn -0.0198 -0.0737 -0.9971
vn 0.2585 0.0907 0.9617
vn 0.6448 -0.0953 0.7583
vn 0.3044 0.0567 0.9509
vn 0.0593 -0.0579 0.9966
vn 0.1090 0.1085 0.9881
vn 0.0173 0.0843 0.9963
vn 0.1612 -0.1062 0.9812
vn 0.1673 -0.0760 0.9830
vn -0.2139 0.1037 0.9713
vn 0.3079 0.1236 0.9434
vn -0.2149 0.0594 0.9748
vn -0.2176 0.2027 0.9548
vn 0.1176 0.2343 0.9650
vn 0.5076 0.0949 0.8563
vn 0.2680 -0.2534 0.9295
vn -0.3590 0.2347 0.9033
vn -0.1182 -0.0959 0.9883
vn 0.2654 -0.2375 0.9344
vn -0.3382 -0.1639 0.9267
vn 0.1047 0.0895 0.9905
vn 0.1390 -0.0732 0.9876
vn 0.4033 0.0368 0.9143
vn -0.2816 -0.0051 0.9595
vn -0.1775 -0.1016 0.9789
vn -0.3751 0.4930 0.7850
vn 0.2052 0.2425 0.9482
vn 0.1516 0.2477 0.9569
vn -0.2470 0.2096 0.9461
vn -0.0132 0.5783 0.8158
vn 0.3522 -0.2678 0.8968
vn -0.3881 -0.0147 0.9215
vn 0.2925 0.0984 0.9512
vn 0.0198 0.0645 0.9977
vn 0.4896 -0.2481 0.8359
vn -0.1399 -0.4597 0.8770
vn -0.2020 -0.3623 0.9099
vn -0.2690 -0.2677 0.9252
vn 0.0034 0.4206 0.9073
vn 0.1350 0.8750 0.4650
vn 0.1726 0.7750 0.6079
vn 0.1590 -0.1029 0.9819
vn -0.3589 -0.1139 0.9264
vn 0.6521 -0.7364 0.1802
vn -0.3771 -0.9155 -0.1404
vn 0.4971 -0.6078 -0.6193
vn -0.3966 -0.8612 0.3179
vn 0.5191 0.0129 -0.8546
vn -0.2710 -0.3403 -0.9004
vn -0.2648 -0.8443 -0.4659
vn 0.0546 -0.1271 -0.9904
vn 0.1172 -0.0324 -0.9926
vn 0.5510 0.0012 -0.8345
vn 0.9578 0.0225 -0.2865
vn 0.9767 -0.0036 -0.2144
vn 0.6354 -0.5618 0.5298
vn -0.1143 -0.0414 -0.9926
vn 0.7646 0.1453 0.6279
vn 0.1879 0.0625 0.9802
vn 0.8320 0.0613 0.5514
vn 0.2534 0.0886 0.9633
vn -0.1277 0.1741 0.9764
vn -0.0780 0.0868 0.9932
vn -0.0410 0.1532 0.9873
vn 0.0995 0.1534 0.9831
vn 0.1101 0.1356 0.9846
vn 0.9063 0.0542 0.4191
vn 0.1200 -0.1083 0.9869
vn 0.6281 -0.0184 0.7779
vn 0.0613 -0.0147 0.9980
vn 0.1061 -0.0250 0.9940
vn -0.0312 0.0291 0.9991
vn -0.1332 0.0725 0.9884
vn -0.0453 0.1123 0.9926
vn -0.1607 0.0273 0.9866
vn -0.2813 0.1991 0.9387
vn 0.3340 0.1335 0.9331
vn 0.3105 0.2835 0.9073
vn -0.0687 -0.0385 0.9969
vn 0.3355 0.1462 0.9306
vn -0.0910 -0.3225 0.9422
vn 0.0701 -0.3618 0.9296
vn -0.2426 -0.1302 0.9614
vn 0.0909 -0.0778 0.9928
vn 0.2964 -0.1385 0.9450
vn 0.1470 -0.1280 0.9808
vn -0.2476 -0.3013 0.9208
vn 0.4356 -0.2996 0.8488
vn -0.0822 -0.3693 0.9257
vn 0.3388 0.0432 0.9399
vn 0.0776 0.7498 0.6571
vn -0.1916 0.5914 0.7833
vn 0.4112 -0.2277 0.8827
vn -0.5978 -0.7345 0.3212
vn 0.8972 0.0142 0.4415
vn 0.9168 0.0655 0.3939
vn 0.8430 0.2445 0.4791
vn 0.9855 -0.0280 -0.1673
vn -0.3955 -0.8939 0.2111
vn -0.3919 -0.8233 -0.4107
vn -0.1250 -0.3068 -0.9435
vn -0.1197 -0.0162 -0.9927
vn 0.9759 0.0221 0.2172
vn -0.3345 0.0383 0.9416
vn 0.9543 0.0371 0.2966
vn 0.8806 -0.0992 0.4634
vn 0.7484 0.1195 0.6523
vn 0.3430 0.2297 0.9108
vn 0.3441 0.0437 0.9379
vn 0.2604 -0.4740 0.8411
vn -0.0620 0.1560 0.9858
vn 0.7128 0.0680 0.6980
vn -0.1469 0.1097 0.9831
vn 0.7500 0.0117 0.6613
vn 0.0799 0.0999 0.9918
vn -0.1963 0.0498 0.9793
vn -0.1716 0.0156 0.9850
vn 0.0266 0.0597 0.9979
vn 0.0845 0.0986 0.9915
vn 0.6378 0.0302 0.7696
vn -0.2331 -0.0429 0.9715
vn 0.5249 -0.0179 0.8510
vn 0.4381 -0.0181 0.8987
vn 0.1470 0.0042 0.9891
vn 0.6958 0.0182 0.7180
vn 0.6210 0.0462 0.7824
vn 0.7085 0.0457 0.7042
vn 0.0907 0.0877 0.9920
vn 0.7250 0.0923 0.6825
vn -0.2246 -0.0107 0.9744
vn 0.1836 0.1941 0.9636
vn 0.0938 -0.0577 0.9939
vn -0.0220 -0.0132 0.9997
vn 0.0887 0.0084 0.9960
vn 0.1070 0.1376 0.9847
vn 0.2392 -0.3273 0.9141
vn 0.1384 -0.1423 0.9801
vn -0.0953 -0.1825 0.9786
vn -0.1751 0.0631 0.9825
vn -0.2134 0.0869 0.9731
vn -0.3765 0.5414 0.7517
vn -0.3199 0.5588 0.7651
vn 0.0250 0.9026 0.4297
vn 0.3612 0.2025 0.9102
vn 0.0199 0.0020 0.9998
vn -0.1524 0.2209 0.9633
vn 0.2428 -0.7028 0.6687
vn 0.0108 0.8529 0.5220
vn -0.0316 0.8667 0.4979
vn -0.3460 0.8208 0.4545
vn 0.1802 -0.3962 0.9003
vn -0.4255 -0.8976 -0.1151
vn -0.4173 -0.4906 0.7650
vn 0.7980 0.0481 0.6007
vn -0.1271 0.0485 0.9907
vn 0.0541 0.0450 0.9975
vn -0.1677 0.0241 0.9855
vn -0.3164 -0.0129 0.9485
vn 0.0494 0.0822 0.9954
vn -0.2308 0.0023 0.9730
vn 0.7082 0.0174 0.7058
vn -0.2324 0.0431 0.9717
vn 0.4156 0.0150 0.9094
vn -0.0556 0.0215 0.9982
vn -0.2687 -0.2756 0.9230
vn -0.2021 -0.2209 0.9541
vn 0.3870 -0.3242 0.8632
vn 0.1689 -0.3533 0.9201
vn 0.2726 -0.6350 0.7228
vn 0.2236 -0.3407 0.9132
vn 0.5794 -0.7072 0.4052
vn -0.1385 -0.2333 0.9625
vn 0.6669 0.0307 0.7445
vn 0.5358 0.0110 0.8443
vn 0.0078 0.0125 0.9999
vn 0.0767 0.0390 0.9963
vn 0.1660 0.0407 0.9853
vn 0.0111 0.0278 0.9996
vn -0.1213 0.0239 0.9923
vn -0.0304 0.0051 0.9995
vn 0.0898 -0.0087 0.9959
vn -0.2687 -0.2307 0.9352
vn 0.0914 0.0398 0.9950
vn -0.3727 0.3036 0.8769
vn 0.4465 0.3841 0.8081
vn -0.1453 0.2728 0.9510
vn -0.7664 0.3187 0.5577
vn -0.7726 0.3040 0.5574
vn -0.4665 0.6894 0.5542
vn 0.1079 -0.0430 0.9932
vn -0.1894 -0.0013 0.9819
vn 0.3657 -0.0026 0.9307
vn 0.0016 0.0639 0.9980
vn 0.2052 0.1150 0.9719
vn -0.2963 -0.4465 0.8443
vn 0.1742 0.0620 0.9828
vn -0.1336 -0.0064 0.9910
vn 0.1435 0.0191 0.9895
vn 0.0872 0.0081 0.9962
vn -0.1196 0.0349 0.9922
vn -0.1746 0.0042 0.9846
vn 0.5406 0.0328 0.8406
vn -0.1706 0.0096 0.9853
vn -0.1179 0.0059 0.9930
vn 0.1569 0.0292 0.9872
vn -0.0748 0.0545 0.9957
vn 0.1865 0.0686 0.9801
vn 0.0862 0.0286 0.9959
vn 0.8017 -0.0086 0.5976
vn -0.0630 -0.2864 0.9560
vn 0.0116 0.0287 0.9995
vn -0.0221 0.0114 0.9997
vn -0.7971 -0.0504 0.6018
vn 0.6716 0.4605 0.5804
vn 0.7549 -0.4516 0.4756
vn -0.6904 -0.1794 0.7009
vn 0.4826 0.7356 0.4754
vn -0.5594 0.3235 0.7631
vn 0.5964 0.1430 0.7898
vn 0.4710 -0.5578 0.6833
vn 0.5581 0.0190 0.8296
vn 0.3133 0.5852 0.7479
vn -0.2598 -0.6559 0.7087
vn -0.2818 -0.2939 0.9134
vn -0.2361 -0.0455 0.9707
vn 0.0280 0.2778 0.9602
vn -0.6056 0.0723 0.7925
vn -0.1280 0.2709 0.9541
vt 0.510923 0.268693
vt 0.523656 0.253281
vt 0.520098 0.281650
vt 0.529643 0.276477
vt 0.543292 0.255671
vt 0.546297 0.274345
vt 0.510740 0.245577
vt 0.527414 0.240820
vt 0.554983 0.234787
vt 0.541444 0.292691
vt 0.513089 0.293865
vt 0.555683 0.263051
vt 0.552384 0.274120
vt 0.503018 0.253483
vt 0.553587 0.253156
vt 0.506054 0.232525
vt 0.515721 0.224511
vt 0.534174 0.216404
vt 0.530945 0.308408
vt 0.508920 0.285134
vt 0.505836 0.270705
vt 0.560788 0.246495
vt 0.563128 0.231805
vt 0.508676 0.218465
vt 0.563849 0.213288
vt 0.515519 0.200285
vt 0.552694 0.199084
vt 0.516849 0.318261
vt 0.520370 0.332046
vt 0.116204 0.645374
vt 0.121829 0.636233
vt 0.124447 0.650608
vt 0.560755 0.264200
vt 0.584813 0.265735
vt 0.588645 0.254686
vt 0.587795 0.262580
vt 0.564781 0.253626
vt 0.567322 0.242988
vt 0.583761 0.254273
vt 0.587913 0.242464
vt 0.498093 0.218591
vt 0.511041 0.196649
vt 0.510288 0.309080
vt 0.540674 0.307291
vt 0.535260 0.318286
vt 0.551155 0.283175
vt 0.557314 0.272419
vt 0.489420 0.245297
vt 0.496195 0.257625
vt 0.488537 0.269863
vt 0.116170 0.634973
vt 0.117381 0.628447
vt 0.117758 0.619561
vt 0.114450 0.623540
vt 0.704739 0.994845
vt 0.704739 0.982895
vt 0.707694 0.987812
vt 0.573875 0.267201
vt 0.580321 0.270911
vt 0.571660 0.285189
vt 0.994085 0.840280
vt 0.989038 0.844870
vt 0.991385 0.839762
vt 0.498519 0.245287
vt 0.499807 0.249053
vt 0.582400 0.266763
vt 0.563996 0.276480
vt 0.561531 0.272561
vt 0.563418 0.256433
vt 0.573179 0.251872
vt 0.476954 0.248436
vt 0.481209 0.238618
vt 0.479752 0.253018
vt 0.276563 0.544896
vt 0.276563 0.532188
vt 0.277626 0.534035
vt 0.989331 0.830405
vt 0.994085 0.830124
vt 0.741803 0.812766
vt 0.744345 0.802769
vt 0.744345 0.818536
vt 0.595033 0.252099
vt 0.475845 0.238139
vt 0.488180 0.224030
vt 0.497977 0.235216
vt 0.499781 0.238116
vt 0.568339 0.246895
vt 0.571575 0.237486
vt 0.476802 0.222587
vt 0.593211 0.239199
vt 0.579359 0.237742
vt 0.536170 0.181993
vt 0.523971 0.336100
vt 0.110092 0.707475
vt 0.110092 0.698956
vt 0.112066 0.701771
vt 0.124447 0.673992
vt 0.121439 0.662753
vt 0.397821 0.833395
vt 0.400288 0.838399
vt 0.397821 0.851523
vt 0.495681 0.284842
vt 0.491977 0.291455
vt 0.481456 0.272889
vt 0.497156 0.274413
vt 0.116473 0.641068
vt 0.993014 0.478592
vt 0.998250 0.471001
vt 0.997152 0.477765
vt 0.553652 0.283182
vt 0.562494 0.293098
vt 0.500964 0.264694
vt 0.575572 0.286493
vt 0.500752 0.257804
vt 0.502893 0.262742
vt 0.502470 0.269475
vt 0.996938 0.264501
vt 0.999706 0.269024
vt 0.996938 0.272645
vt 0.071491 0.990841
vt 0.078023 0.988432
vt 0.076114 0.992598
vt 0.073502 0.986604
vt 0.280565 0.590524
vt 0.276452 0.590897
vt 0.276452 0.579616
vt 0.470210 0.224842
vt 0.575615 0.215442
vt 0.584111 0.216535
vt 0.485473 0.204242
vt 0.590673 0.214808
vt 0.499066 0.200689
vt 0.524114 0.176231
vt 0.514304 0.178516
vt 0.512337 0.330106
vt 0.510324 0.318292
vt 0.533216 0.328928
vt 0.539666 0.312327
vt 0.121007 0.671984
vt 0.399914 0.856054
vt 0.115714 0.651706
vt 0.488024 0.296356
vt 0.994140 0.483036
vt 0.499682 0.283529
vt 0.557859 0.289404
vt 0.502693 0.275827
vt 0.472623 0.256992
vt 0.475719 0.252247
vt 0.078216 0.995450
vt 0.986822 0.842419
vt 0.987661 0.837406
vt 0.078216 0.982081
vt 0.076935 0.975758
vt 0.987816 0.825745
vt 0.989433 0.814879
vt 0.595630 0.231540
vt 0.599285 0.238170
vt 0.474461 0.206350
vt 0.576142 0.203147
vt 0.568198 0.184054
vt 0.810830 0.704435
vt 0.810830 0.693392
vt 0.813435 0.702250
vt 0.123984 0.694911
vt 0.122395 0.691640
vt 0.123777 0.682945
vt 0.120383 0.678400
vt 0.402398 0.842889
vt 0.117509 0.661956
vt 0.562904 0.306966
vt 0.998029 0.482750
vt 0.551417 0.290367
vt 0.503855 0.279849
vt 0.475855 0.275640
vt 0.473677 0.264521
vt 0.586201 0.275690
vt 0.585766 0.265035
vt 0.590518 0.259389
vt 0.465034 0.249899
vt 0.471350 0.246440
vt 0.474398 0.247320
vt 0.470425 0.242733
vt 0.986753 0.831543
vt 0.470057 0.236596
vt 0.462528 0.231015
vt 0.604309 0.251782
vt 0.599221 0.212341
vt 0.485566 0.193725
vt 0.591445 0.198209
vt 0.503372 0.178448
vt 0.561479 0.166584
vt 0.513215 0.333675
vt 0.400737 0.868945
vt 0.402342 0.863766
vt 0.498274 0.320256
vt 0.547472 0.325098
vt 0.556080 0.302698
vt 0.498519 0.300214
vt 0.404066 0.850450
vt 0.114280 0.655920
vt 0.993781 0.241919
vt 0.997264 0.253292
vt 0.991402 0.248974
vt 0.499739 0.288899
vt 0.998250 0.488288
vt 0.994335 0.488451
vt 0.574253 0.295706
vt 0.480216 0.283873
vt 0.554338 0.296853
vt 0.505693 0.285697
vt 0.580471 0.287798
vt 0.586786 0.288893
vt 0.596763 0.267181
vt 0.469843 0.269170
vt 0.465267 0.268194
vt 0.461547 0.217263
vt 0.606835 0.218856
vt 0.488480 0.178754
vt 0.542765 0.155482
vt 0.122303 0.698956
vt 0.406442 0.536677
vt 0.405310 0.550224
vt 0.400060 0.526715
vt 0.397578 0.541996
vt 0.382285 0.548155
vt 0.376275 0.532006
vt 0.381131 0.529089
vt 0.549851 0.312983
vt 0.560229 0.314557
vt 0.403270 0.524975
vt 0.407698 0.530631
vt 0.399802 0.712748
vt 0.404066 0.719394
vt 0.400959 0.728815
vt 0.200157 0.838069
vt 0.194138 0.835315
vt 0.198695 0.823646
vt 0.983653 0.628657
vt 0.987550 0.614981
vt 0.988689 0.623900
vt 0.508051 0.288950
vt 0.505068 0.287775
vt 0.547060 0.293237
vt 0.196119 0.821088
vt 0.198031 0.814407
vt 0.367920 0.520265
vt 0.364671 0.514377
vt 0.371918 0.518020
vt 0.474193 0.287428
vt 0.477183 0.282291
vt 0.407467 0.504262
vt 0.408343 0.493534
vt 0.411781 0.499191
vt 0.402011 0.496623
vt 0.598034 0.276893
vt 0.461334 0.256372
vt 0.458917 0.243914
vt 0.608993 0.235848
vt 0.464098 0.205824
vt 0.478373 0.174923
vt 0.579347 0.184414
vt 0.522571 0.152747
vt 0.812654 0.710032
vt 0.811493 0.714192
vt 0.400656 0.558183
vt 0.405160 0.557591
vt 0.392848 0.544921
vt 0.391970 0.561450
vt 0.384833 0.554642
vt 0.194409 0.863969
vt 0.194851 0.844542
vt 0.399802 0.747436
vt 0.403715 0.733478
vt 0.402096 0.750194
vt 0.549827 0.327467
vt 0.394120 0.521817
vt 0.989626 0.625701
vt 0.987058 0.634121
vt 0.405845 0.519234
vt 0.995282 0.262048
vt 0.401736 0.513444
vt 0.475637 0.292716
vt 0.468635 0.285775
vt 0.369289 0.522031
vt 0.194140 0.829400
vt 0.194987 0.825446
vt 0.406407 0.512595
vt 0.482435 0.381754
vt 0.478714 0.382504
vt 0.478714 0.378713
vt 0.990118 0.614765
vt 0.478723 0.286383
vt 0.391934 0.501494
vt 0.990210 0.611729
vt 0.575453 0.297354
vt 0.577611 0.294138
vt 0.577084 0.303013
vt 0.379011 0.498572
vt 0.365701 0.504004
vt 0.579931 0.306591
vt 0.594589 0.286665
vt 0.995631 0.919703
vt 0.999723 0.913070
vt 0.999723 0.922338
vt 0.357245 0.507137
vt 0.359538 0.503676
vt 0.356956 0.498745
vt 0.279748 0.959448
vt 0.276675 0.954265
vt 0.279748 0.946260
vt 0.407346 0.484347
vt 0.410215 0.485186
vt 0.350754 0.498655
vt 0.353767 0.494286
vt 0.409592 0.479157
vt 0.355128 0.476138
vt 0.408091 0.476749
vt 0.350730 0.487161
vt 0.349586 0.490297
vt 0.409962 0.472201
vt 0.604413 0.266677
vt 0.468042 0.186483
vt 0.605054 0.196348
vt 0.592547 0.181832
vt 0.505809 0.163745
vt 0.988941 0.652779
vt 0.984700 0.649226
vt 0.987175 0.648085
vt 0.191723 0.856242
vt 0.190903 0.865131
vt 0.478204 0.305624
vt 0.482758 0.306818
vt 0.567764 0.309787
vt 0.570399 0.306884
vt 0.566602 0.314131
vt 0.566801 0.320867
vt 0.567391 0.308093
vt 0.568370 0.305796
vt 0.479941 0.290158
vt 0.482118 0.295660
vt 0.994385 0.860833
vt 0.994385 0.852392
vt 0.999223 0.858740
vt 0.998803 0.847048
vt 0.806423 0.695229
vt 0.801559 0.712589
vt 0.801376 0.694956
vt 0.415274 0.505929
vt 0.415313 0.495645
vt 0.806349 0.682737
vt 0.367180 0.491595
vt 0.390209 0.478887
vt 0.355130 0.511587
vt 0.418361 0.481600
vt 0.399527 0.467953
vt 0.411715 0.470485
vt 0.347566 0.480748
vt 0.407728 0.467464
vt 0.409876 0.463611
vt 0.806321 0.670172
vt 0.802385 0.658473
vt 0.810830 0.659598
vt 0.809137 0.646187
vt 0.794995 0.844758
vt 0.795305 0.831819
vt 0.802807 0.842759
vt 0.611953 0.215196
vt 0.580577 0.158645
vt 0.538317 0.379924
vt 0.541552 0.378530
vt 0.541552 0.381926
vt 0.450118 0.862652
vt 0.446878 0.867222
vt 0.446878 0.862571
vt 0.446932 0.852529
vt 0.990210 0.637822
vt 0.484457 0.314728
vt 0.192462 0.846560
vt 0.561720 0.324532
vt 0.990133 0.630102
vt 0.482248 0.298695
vt 0.564531 0.733167
vt 0.565942 0.734176
vt 0.564531 0.738113
vt 0.991402 0.261430
vt 0.345847 0.535854
vt 0.344967 0.531625
vt 0.347394 0.535166
vt 0.416872 0.526941
vt 0.414676 0.511795
vt 0.417311 0.510449
vt 0.023127 0.990913
vt 0.026448 0.994658
vt 0.023071 0.993510
vt 0.023071 0.999163
vt 0.409573 0.510390
vt 0.360982 0.524494
vt 0.362289 0.516530
vt 0.358703 0.518321
vt 0.995875 0.926311
vt 0.645782 0.864897
vt 0.648398 0.845194
vt 0.649663 0.859424
vt 0.354332 0.521211
vt 0.343610 0.499610
vt 0.422122 0.505549
vt 0.814352 0.645204
vt 0.810830 0.635854
vt 0.814352 0.628646
vt 0.339488 0.479172
vt 0.411809 0.462328
vt 0.342799 0.470604
vt 0.803996 0.857332
vt 0.512249 0.136274
vt 0.569841 0.148534
vt 0.280336 0.926857
vt 0.276675 0.935299
vt 0.276675 0.924067
vt 0.798332 0.734340
vt 0.794995 0.739917
vt 0.795886 0.723736
vt 0.487428 0.303533
vt 0.987825 0.859741
vt 0.989978 0.856962
vt 0.988754 0.862499
vt 0.277477 0.557322
vt 0.276389 0.555815
vt 0.277477 0.554510
vt 0.276267 0.576381
vt 0.277626 0.577683
vt 0.276267 0.579616
vt 0.568794 0.306347
vt 0.421767 0.530437
vt 0.988319 0.853510
vt 0.364098 0.537385
vt 0.800182 0.680029
vt 0.379329 0.479446
vt 0.409435 0.453525
vt 0.802620 0.639250
vt 0.801493 0.831317
vt 0.809113 0.636292
vt 0.464627 0.189713
vt 0.610754 0.189375
vt 0.604634 0.169288
vt 0.490500 0.152129
vt 0.496693 0.153802
vt 0.991093 0.869963
vt 0.994385 0.872627
vt 0.992730 0.877774
vt 0.416609 0.544295
vt 0.427644 0.527221
vt 0.424155 0.536311
vt 0.371849 0.551006
vt 0.372308 0.555543
vt 0.650485 0.874952
vt 0.645201 0.881638
vt 0.359768 0.540872
vt 0.352564 0.540155
vt 0.359248 0.545149
vt 0.190903 0.835031
vt 0.348723 0.538511
vt 0.704168 0.987340
vt 0.699399 0.984759
vt 0.428207 0.525276
vt 0.428156 0.515423
vt 0.432941 0.519990
vt 0.193146 0.913626
vt 0.191005 0.920755
vt 0.191005 0.911553
vt 0.566086 0.698444
vt 0.564345 0.707483
vt 0.564345 0.698411
vt 0.432808 0.516961
vt 0.346709 0.524374
vt 0.337055 0.531126
vt 0.962202 0.995022
vt 0.955776 0.996567
vt 0.955776 0.985973
vt 0.795930 0.709329
vt 0.434198 0.510932
vt 0.436237 0.504856
vt 0.435228 0.515055
vt 0.341489 0.527963
vt 0.429767 0.496931
vt 0.336416 0.521160
vt 0.436198 0.499539
vt 0.339170 0.521966
vt 0.333290 0.514458
vt 0.436603 0.488856
vt 0.439785 0.495360
vt 0.329335 0.514793
vt 0.330004 0.507260
vt 0.334468 0.502996
vt 0.645201 0.838766
vt 0.649724 0.830007
vt 0.422009 0.473181
vt 0.364955 0.471932
vt 0.796430 0.813701
vt 0.803392 0.620885
vt 0.592897 0.166657
vt 0.544888 0.128648
vt 0.420011 0.544403
vt 0.796705 0.744948
vt 0.646491 0.887690
vt 0.704739 0.998802
vt 0.434613 0.531713
vt 0.439060 0.517853
vt 0.442307 0.517002
vt 0.994385 0.858012
vt 0.988616 0.847048
vt 0.741803 0.854664
vt 0.744221 0.848668
vt 0.744221 0.859206
vt 0.427341 0.484212
vt 0.797346 0.691606
vt 0.653151 0.843366
vt 0.335512 0.492332
vt 0.436174 0.478370
vt 0.322679 0.485494
vt 0.796800 0.673297
vt 0.383486 0.465192
vt 0.477651 0.159882
vt 0.527502 0.122516
vt 0.560256 0.124844
vt 0.651969 0.860449
vt 0.332380 0.531109
vt 0.344833 0.542616
vt 0.443056 0.499222
vt 0.445887 0.503073
vt 0.542209 0.832100
vt 0.544477 0.822524
vt 0.544477 0.837699
vt 0.318767 0.491817
vt 0.444158 0.478671
vt 0.810094 0.853158
vt 0.810813 0.866716
vt 0.441180 0.462480
vt 0.796807 0.659889
vt 0.374018 0.460674
vt 0.423213 0.450899
vt 0.394507 0.450761
vt 0.353440 0.449033
vt 0.328753 0.466914
vt 0.408273 0.443631
vt 0.806509 0.833516
vt 0.806062 0.828451
vt 0.803411 0.813817
vt 0.798562 0.625375
vt 0.320689 0.506821
vt 0.449252 0.485569
vt 0.318746 0.512934
vt 0.310412 0.495898
vt 0.447754 0.469880
vt 0.449994 0.466882
vt 0.433600 0.455443
vt 0.419284 0.431149
vt 0.733772 0.704899
vt 0.734726 0.693251
vt 0.739586 0.697149
vt 0.446218 0.224010
vt 0.449699 0.217264
vt 0.451006 0.232442
vt 0.363198 0.447188
vt 0.809756 0.836541
vt 0.796000 0.643921
vt 0.797259 0.640948
vt 0.338342 0.457506
vt 0.110219 0.751517
vt 0.110219 0.745769
vt 0.112036 0.748180
vt 0.804440 0.804766
vt 0.795813 0.610857
vt 0.472050 0.158019
vt 0.501933 0.124598
vt 0.310409 0.482419
vt 0.735101 0.718709
vt 0.730354 0.725430
vt 0.260490 0.563065
vt 0.269938 0.551892
vt 0.262530 0.571724
vt 0.448106 0.245806
vt 0.736882 0.722970
vt 0.308033 0.464247
vt 0.454873 0.215824
vt 0.741803 0.879456
vt 0.741803 0.869902
vt 0.744258 0.873828
vt 0.386203 0.443666
vt 0.232824 0.990902
vt 0.235407 0.992826
vt 0.231789 0.994286
vt 0.458470 0.213746
vt 0.458730 0.216905
vt 0.457018 0.210672
vt 0.919342 0.890315
vt 0.921935 0.891350
vt 0.920800 0.893359
vt 0.732230 0.692139
vt 0.732604 0.689654
vt 0.447223 0.202119
vt 0.396700 0.428460
vt 0.921935 0.877173
vt 0.733624 0.673301
vt 0.454220 0.195853
vt 0.794995 0.637388
vt 0.744272 0.687806
vt 0.740017 0.675055
vt 0.458866 0.196805
vt 0.795721 0.625020
vt 0.919342 0.877173
vt 0.919342 0.860227
vt 0.921888 0.860682
vt 0.806237 0.815056
vt 0.797526 0.789127
vt 0.446179 0.972041
vt 0.446179 0.961756
vt 0.450099 0.965165
vt 0.596405 0.127515
vt 0.586058 0.125542
vt 0.545351 0.099705
vt 0.727652 0.741170
vt 0.440726 0.440062
vt 0.451764 0.246520
vt 0.544501 0.848885
vt 0.547989 0.848320
vt 0.546406 0.862213
vt 0.450118 0.453058
vt 0.445644 0.435444
vt 0.743352 0.702905
vt 0.544476 0.835150
vt 0.322461 0.452769
vt 0.268060 0.545842
vt 0.273060 0.531737
vt 0.335311 0.436951
vt 0.454736 0.181395
vt 0.464181 0.179814
vt 0.731632 0.662622
vt 0.740019 0.663120
vt 0.804590 0.776213
vt 0.316342 0.952885
vt 0.310669 0.940890
vt 0.316342 0.923665
vt 0.488660 0.138853
vt 0.572523 0.102937
vt 0.452679 0.265910
vt 0.453802 0.258523
vt 0.726546 0.738694
vt 0.729993 0.740425
vt 0.254572 0.579013
vt 0.991543 0.758778
vt 0.991543 0.743735
vt 0.996847 0.762522
vt 0.611683 0.364138
vt 0.606839 0.340449
vt 0.611819 0.346469
vt 0.611524 0.336100
vt 0.449205 0.436362
vt 0.302586 0.475887
vt 0.549687 0.835153
vt 0.733067 0.697999
vt 0.236994 0.996073
vt 0.096392 0.996356
vt 0.099625 0.992904
vt 0.099625 0.999397
vt 0.532430 0.378817
vt 0.535518 0.380609
vt 0.532430 0.382566
vt 0.236994 0.989338
vt 0.449873 0.433671
vt 0.447953 0.429225
vt 0.743617 0.664560
vt 0.796432 0.768207
vt 0.561998 0.105097
vt 0.251434 0.589772
vt 0.609914 0.375135
vt 0.608316 0.372208
vt 0.995154 0.396104
vt 0.999488 0.399172
vt 0.995154 0.409669
vt 0.551822 0.860616
vt 0.997662 0.745820
vt 0.261758 0.553279
vt 0.404066 0.805404
vt 0.402563 0.812542
vt 0.399697 0.809013
vt 0.728998 0.692769
vt 0.301795 0.459347
vt 0.298853 0.467859
vt 0.546446 0.835029
vt 0.545252 0.831344
vt 0.296662 0.462475
vt 0.294789 0.469009
vt 0.548831 0.827739
vt 0.427697 0.417066
vt 0.124447 0.876876
vt 0.117168 0.881999
vt 0.121528 0.871665
vt 0.295620 0.457738
vt 0.405929 0.425231
vt 0.318786 0.437883
vt 0.271851 0.517617
vt 0.276221 0.515067
vt 0.450118 0.597171
vt 0.450463 0.578509
vt 0.453647 0.599449
vt 0.737251 0.644077
vt 0.728397 0.632647
vt 0.532521 0.099454
vt 0.724519 0.745251
vt 0.550717 0.880598
vt 0.549947 0.874220
vt 0.554008 0.882996
vt 0.306576 0.509331
vt 0.298417 0.494383
vt 0.295563 0.473582
vt 0.264001 0.543860
vt 0.553126 0.836810
vt 0.458465 0.633312
vt 0.454725 0.620701
vt 0.460999 0.626190
vt 0.554008 0.822524
vt 0.305474 0.441456
vt 0.548310 0.824622
vt 0.444373 0.420781
vt 0.296419 0.454692
vt 0.382814 0.414802
vt 0.461044 0.607879
vt 0.469231 0.151756
vt 0.052796 0.989811
vt 0.046315 0.995267
vt 0.046315 0.972872
vt 0.606839 0.380801
vt 0.251620 0.577439
vt 0.383162 0.809255
vt 0.385094 0.795501
vt 0.386609 0.806910
vt 0.404066 0.832315
vt 0.759838 0.236649
vt 0.759971 0.229849
vt 0.766435 0.236649
vt 0.258305 0.545408
vt 0.553720 0.856753
vt 0.467174 0.631391
vt 0.114865 0.863852
vt 0.465150 0.620812
vt 0.441212 0.416485
vt 0.122972 0.868789
vt 0.120630 0.862975
vt 0.123335 0.864256
vt 0.296961 0.450202
vt 0.122168 0.856611
vt 0.343082 0.419277
vt 0.297183 0.442907
vt 0.454865 0.579141
vt 0.124268 0.972615
vt 0.119837 0.979269
vt 0.119837 0.961311
vt 0.459721 0.163151
vt 0.735193 0.628399
vt 0.480440 0.129462
vt 0.511885 0.101806
vt 0.589586 0.108104
vt 0.106245 0.987062
vt 0.106245 0.994311
vt 0.103965 0.988840
vt 0.304664 0.515093
vt 0.295671 0.502812
vt 0.303662 0.509786
vt 0.291364 0.471056
vt 0.394549 0.795858
vt 0.392127 0.793979
vt 0.397418 0.789799
vt 0.112803 0.883821
vt 0.260524 0.537879
vt 0.263512 0.529244
vt 0.030873 0.991765
vt 0.030873 0.997604
vt 0.026670 0.993774
vt 0.440356 0.413161
vt 0.445732 0.418688
vt 0.438097 0.411403
vt 0.459456 0.585389
vt 0.452486 0.562916
vt 0.810813 0.744948
vt 0.611953 0.143235
vt 0.247518 0.590932
vt 0.310764 0.519059
vt 0.383779 0.820009
vt 0.375610 0.831506
vt 0.392398 0.806209
vt 0.288853 0.482930
vt 0.388438 0.783198
vt 0.392875 0.782362
vt 0.283786 0.478807
vt 0.389264 0.766330
vt 0.385988 0.763211
vt 0.542799 0.909375
vt 0.548257 0.907058
vt 0.547868 0.913976
vt 0.542418 0.906674
vt 0.433447 0.402972
vt 0.265981 0.516339
vt 0.267565 0.504189
vt 0.724519 0.600945
vt 0.501540 0.110537
vt 0.560658 0.084534
vt 0.398098 0.780753
vt 0.282518 0.467035
vt 0.291542 0.450556
vt 0.552667 0.916479
vt 0.543228 0.899168
vt 0.120353 0.845950
vt 0.310306 0.423691
vt 0.297885 0.432890
vt 0.360822 0.403608
vt 0.330251 0.408747
vt 0.273981 0.498326
vt 0.267611 0.490403
vt 0.973350 0.743734
vt 0.975827 0.726600
vt 0.979758 0.732442
vt 0.487628 0.111865
vt 0.519061 0.085379
vt 0.572035 0.080077
vt 0.535123 0.080234
vt 0.547690 0.074169
vt 0.390823 0.760192
vt 0.398984 0.770306
vt 0.286872 0.447334
vt 0.280565 0.452200
vt 0.384945 0.753435
vt 0.411923 0.392153
vt 0.378756 0.390339
vt 0.967506 0.737643
vt 0.982487 0.713879
vt 0.391932 0.750578
vt 0.398495 0.754115
vt 0.550981 0.899258
vt 0.554008 0.913698
vt 0.395958 0.390389
vt 0.300858 0.421247
vt 0.407735 0.388803
vt 0.461291 0.562414
vt 0.460251 0.545405
vt 0.596719 0.098259
vt 0.564634 0.059032
vt 0.384858 0.742635
vt 0.112803 0.837370
vt 0.465661 0.586708
vt 0.312514 0.412358
vt 0.382803 0.386390
vt 0.969668 0.721362
vt 0.451055 0.533332
vt 0.457225 0.522689
vt 0.585607 0.084308
vt 0.547518 0.060875
vt 0.349618 0.373780
vt 0.352742 0.367851
vt 0.361229 0.377800
vt 0.333632 0.360545
vt 0.293080 0.424976
vt 0.284974 0.432585
vt 0.398373 0.739348
vt 0.393130 0.727931
vt 0.467590 0.569565
vt 0.261277 0.495674
vt 0.464961 0.564398
vt 0.607762 0.115947
vt 0.507688 0.088091
vt 0.498204 0.089799
vt 0.191562 0.970466
vt 0.194553 0.941274
vt 0.200157 0.937212
vt 0.524565 0.066606
vt 0.538424 0.058242
vt 0.574844 0.048252
vt 0.558607 0.037658
vt 0.548502 0.045610
vt 0.372324 0.382655
vt 0.380668 0.380331
vt 0.377916 0.370982
vt 0.373922 0.364935
vt 0.059937 0.842451
vt 0.063998 0.830474
vt 0.060993 0.845500
vt 0.331245 0.367839
vt 0.387232 0.349090
vt 0.392230 0.355517
vt 0.324954 0.365756
vt 0.343128 0.356962
vt 0.356636 0.341476
vt 0.325280 0.350916
vt 0.402212 0.331883
vt 0.402763 0.343027
vt 0.420129 0.387178
vt 0.428111 0.382656
vt 0.304070 0.413676
vt 0.339565 0.397144
vt 0.351299 0.388839
vt 0.363838 0.383952
vt 0.262423 0.477606
vt 0.266208 0.474158
vt 0.976447 0.702372
vt 0.601336 0.094006
vt 0.514111 0.073843
vt 0.124009 0.950903
vt 0.121925 0.961311
vt 0.119837 0.947481
vt 0.996886 0.656979
vt 0.999890 0.651020
vt 0.999890 0.660035
vt 0.124009 0.941060
vt 0.060337 0.832435
vt 0.390454 0.364814
vt 0.379863 0.353914
vt 0.395948 0.354252
vt 0.396211 0.328828
vt 0.618204 0.757230
vt 0.608944 0.750201
vt 0.613052 0.751084
vt 0.327137 0.325406
vt 0.410577 0.329869
vt 0.346007 0.323899
vt 0.362685 0.324347
vt 0.417628 0.307718
vt 0.410513 0.306559
vt 0.379774 0.292435
vt 0.403007 0.281578
vt 0.353128 0.286793
vt 0.389213 0.730382
vt 0.992029 0.439972
vt 0.988702 0.432674
vt 0.991779 0.434252
vt 0.983704 0.585001
vt 0.988628 0.586743
vt 0.987116 0.591943
vt 0.986113 0.580172
vt 0.984294 0.569009
vt 0.987110 0.572221
vt 0.320507 0.407592
vt 0.314130 0.409502
vt 0.478714 0.379979
vt 0.475264 0.382504
vt 0.475264 0.378148
vt 0.995415 0.437476
vt 0.325158 0.402119
vt 0.347568 0.387730
vt 0.982120 0.699887
vt 0.455573 0.505279
vt 0.593025 0.085923
vt 0.582317 0.060585
vt 0.569559 0.034068
vt 0.545693 0.029208
vt 0.638104 0.774718
vt 0.643771 0.773921
vt 0.645201 0.779275
vt 0.626339 0.763307
vt 0.637898 0.769666
vt 0.316212 0.354441
vt 0.420347 0.315899
vt 0.335953 0.293824
vt 0.378736 0.258080
vt 0.345306 0.249956
vt 0.290508 0.413026
vt 0.381271 0.723378
vt 0.293641 0.032714
vt 0.302014 0.023734
vt 0.304566 0.038597
vt 0.380429 0.032132
vt 0.379744 0.013901
vt 0.387243 0.028636
vt 0.284785 0.415110
vt 0.287946 0.026090
vt 0.293893 0.025327
vt 0.387283 0.015396
vt 0.392381 0.015065
vt 0.684859 0.986318
vt 0.688862 0.987934
vt 0.684859 0.995297
vt 0.989636 0.581225
vt 0.389164 0.012509
vt 0.298070 0.411591
vt 0.991035 0.588868
vt 0.301844 0.020987
vt 0.103846 0.985266
vt 0.106245 0.979890
vt 0.111784 0.707475
vt 0.111784 0.716485
vt 0.110092 0.713080
vt 0.993046 0.425963
vt 0.987565 0.561855
vt 0.991035 0.567151
vt 0.389585 0.386194
vt 0.334385 0.397483
vt 0.450118 0.902673
vt 0.448708 0.898700
vt 0.450118 0.891110
vt 0.261644 0.999430
vt 0.261644 0.994004
vt 0.264046 0.994596
vt 0.991691 0.224451
vt 0.987190 0.223486
vt 0.991130 0.213000
vt 0.897249 0.992814
vt 0.899778 0.993929
vt 0.897249 0.997952
vt 0.469902 0.537497
vt 0.588798 0.070329
vt 0.534046 0.039918
vt 0.577647 0.033739
vt 0.163641 0.604199
vt 0.169322 0.607460
vt 0.157949 0.605488
vt 0.310329 0.360356
vt 0.598829 0.741326
vt 0.597087 0.735357
vt 0.588405 0.729589
vt 0.578827 0.717698
vt 0.586029 0.719646
vt 0.428871 0.300899
vt 0.426083 0.293336
vt 0.321489 0.296355
vt 0.420233 0.288771
vt 0.386765 0.224146
vt 0.406330 0.235020
vt 0.364063 0.229493
vt 0.284196 0.045198
vt 0.295391 0.045963
vt 0.282412 0.031700
vt 0.285923 0.026939
vt 0.193209 0.875067
vt 0.193209 0.884235
vt 0.190903 0.875409
vt 0.308284 0.037785
vt 0.376563 0.022028
vt 0.374423 0.010574
vt 0.399069 0.013033
vt 0.400952 0.019945
vt 0.305750 0.017791
vt 0.994504 0.430157
vt 0.996445 0.553078
vt 0.997517 0.557414
vt 0.992237 0.556204
vt 0.365107 0.010035
vt 0.989732 0.424812
vt 0.988669 0.573454
vt 0.671769 0.993070
vt 0.675475 0.992683
vt 0.675475 0.998580
vt 0.997095 0.071178
vt 0.999907 0.073426
vt 0.997095 0.077376
vt 0.990861 0.557883
vt 0.191201 0.905584
vt 0.193247 0.906588
vt 0.994269 0.219150
vt 0.994269 0.228787
vt 0.348506 0.998856
vt 0.348506 0.994007
vt 0.350956 0.997636
vt 0.399477 0.875698
vt 0.399477 0.879735
vt 0.397532 0.877238
vt 0.158019 0.987414
vt 0.161835 0.981781
vt 0.161835 0.989502
vt 0.158055 0.979356
vt 0.760144 0.998889
vt 0.760144 0.992255
vt 0.763681 0.993689
vt 0.762175 0.990627
vt 0.191005 0.902587
vt 0.446261 0.901726
vt 0.446385 0.898679
vt 0.901390 0.998041
vt 0.356622 0.384318
vt 0.369993 0.382656
vt 0.989685 0.200340
vt 0.992300 0.206162
vt 0.989369 0.207363
vt 0.713799 0.997305
vt 0.717685 0.992237
vt 0.718046 0.998225
vt 0.524510 0.035755
vt 0.594425 0.068122
vt 0.589451 0.042193
vt 0.584368 0.041616
vt 0.564166 0.017460
vt 0.574882 0.020113
vt 0.146740 0.601344
vt 0.130269 0.598549
vt 0.127297 0.594914
vt 0.922216 0.914218
vt 0.919342 0.922768
vt 0.919342 0.908439
vt 0.162140 0.583577
vt 0.064109 0.824969
vt 0.621535 0.755595
vt 0.110500 0.691185
vt 0.114280 0.685024
vt 0.111196 0.698677
vt 0.590448 0.725811
vt 0.323879 0.269519
vt 0.327115 0.234755
vt 0.340584 0.232013
vt 0.356531 0.218267
vt 0.384224 0.213841
vt 0.345441 0.209534
vt 0.373232 0.203890
vt 0.306694 0.050594
vt 0.402994 0.033973
vt 0.343079 0.021515
vt 0.345569 0.038978
vt 0.315526 0.016081
vt 0.280565 0.026524
vt 0.991955 0.550259
vt 0.323937 0.011425
vt 0.354532 0.007140
vt 0.296138 0.406610
vt 0.387413 0.712749
vt 0.692303 0.992119
vt 0.360292 0.006128
vt 0.329839 0.007395
vt 0.342535 0.007739
vt 0.347444 0.005005
vt 0.255139 0.484247
vt 0.994252 0.211996
vt 0.334392 0.003378
vt 0.987785 0.043000
vt 0.987785 0.037635
vt 0.990496 0.037998
vt 0.343340 0.002266
vt 0.516693 0.382627
vt 0.513100 0.380189
vt 0.516693 0.377991
vt 0.996729 0.092340
vt 0.999398 0.095050
vt 0.996729 0.103617
vt 0.999609 0.627700
vt 0.999609 0.635870
vt 0.996987 0.632805
vt 0.713799 0.992610
vt 0.993316 0.199887
vt 0.714815 0.988756
vt 0.464601 0.498526
vt 0.978940 0.684239
vt 0.982487 0.681095
vt 0.461028 0.485683
vt 0.513386 0.060981
vt 0.124447 0.588258
vt 0.135097 0.577759
vt 0.126705 0.562954
vt 0.172459 0.603931
vt 0.936235 0.551982
vt 0.936261 0.557883
vt 0.930800 0.557883
vt 0.059937 0.819307
vt 0.183102 0.608208
vt 0.186859 0.571795
vt 0.126671 0.540288
vt 0.606354 0.742184
vt 0.191632 0.581992
vt 0.299792 0.348943
vt 0.307711 0.345188
vt 0.177627 0.559376
vt 0.151768 0.519444
vt 0.309308 0.324677
vt 0.180836 0.523281
vt 0.577942 0.711457
vt 0.434720 0.277811
vt 0.423739 0.249410
vt 0.394920 0.208255
vt 0.330722 0.219853
vt 0.381401 0.045422
vt 0.378284 0.037199
vt 0.378288 0.046512
vt 0.309944 0.050336
vt 0.446228 0.748763
vt 0.446228 0.734637
vt 0.449778 0.744582
vt 0.380256 0.831506
vt 0.376754 0.836333
vt 0.375610 0.718777
vt 0.381345 0.716890
vt 0.997517 0.545792
vt 0.991576 0.420376
vt 0.995083 0.421581
vt 0.288587 0.398312
vt 0.473438 0.551083
vt 0.339568 0.000000
vt 0.255052 0.464025
vt 0.964976 0.705333
vt 0.455939 0.482111
vt 0.191562 0.928789
vt 0.596361 0.047707
vt 0.541649 0.018464
vt 0.551513 0.012164
vt 0.125660 0.515330
vt 0.150483 0.498982
vt 0.198766 0.534191
vt 0.170305 0.503804
vt 0.437643 0.289487
vt 0.309538 0.064531
vt 0.209883 0.634850
vt 0.213474 0.630223
vt 0.217108 0.634588
vt 0.984528 0.743735
vt 0.987714 0.750112
vt 0.983665 0.750672
vt 0.394226 0.990614
vt 0.398435 0.990614
vt 0.396242 0.997797
vt 0.985224 0.308654
vt 0.986949 0.292047
vt 0.990542 0.297812
vt 0.473178 0.545973
vt 0.472363 0.521331
vt 0.347060 0.915425
vt 0.339006 0.879495
vt 0.345553 0.890136
vt 0.982088 0.141186
vt 0.991342 0.152758
vt 0.982088 0.167713
vt 0.601433 0.058037
vt 0.604329 0.075993
vt 0.585175 0.027754
vt 0.574769 0.008502
vt 0.125179 0.507314
vt 0.209992 0.554018
vt 0.124447 0.494833
vt 0.126689 0.496231
vt 0.572283 0.704761
vt 0.309245 0.292275
vt 0.217100 0.529978
vt 0.191701 0.514214
vt 0.184141 0.503219
vt 0.313596 0.261879
vt 0.160117 0.481072
vt 0.169785 0.481046
vt 0.316031 0.236878
vt 0.412882 0.207653
vt 0.324552 0.197159
vt 0.389013 0.187324
vt 0.372231 0.190091
vt 0.342248 0.193631
vt 0.395291 0.045842
vt 0.330227 0.047143
vt 0.448168 0.757118
vt 0.217250 0.647472
vt 0.213145 0.644412
vt 0.983665 0.764386
vt 0.986493 0.761159
vt 0.616783 0.903357
vt 0.614165 0.910279
vt 0.609381 0.903981
vt 0.608094 0.906969
vt 0.621018 0.001598
vt 0.627227 0.007287
vt 0.611953 0.001528
vt 0.993024 0.417175
vt 0.995415 0.412179
vt 0.250428 0.993956
vt 0.249124 0.990612
vt 0.252674 0.989718
vt 0.294603 0.403963
vt 0.251611 0.470616
vt 0.258595 0.457477
vt 0.504199 0.071236
vt 0.509902 0.053723
vt 0.992571 0.341149
vt 0.997764 0.323643
vt 0.997764 0.344280
vt 0.530442 0.020730
vt 0.598132 0.029750
vt 0.540094 0.012619
vt 0.584988 0.016883
vt 0.562577 0.006629
vt 0.759260 0.656306
vt 0.768555 0.648106
vt 0.773641 0.659085
vt 0.845853 0.045426
vt 0.850316 0.037472
vt 0.852170 0.049073
vt 0.856339 0.034531
vt 0.758293 0.647223
vt 0.836365 0.040042
vt 0.842756 0.033802
vt 0.769322 0.645540
vt 0.110500 0.680749
vt 0.186610 0.612539
vt 0.195633 0.612532
vt 0.277307 0.669597
vt 0.280182 0.674452
vt 0.275232 0.681452
vt 0.117150 0.592055
vt 0.116645 0.586529
vt 0.124447 0.600803
vt 0.295504 0.354676
vt 0.200706 0.589297
vt 0.145071 0.486256
vt 0.438743 0.266894
vt 0.316750 0.218196
vt 0.382549 0.056914
vt 0.378953 0.056968
vt 0.290634 0.059911
vt 0.991542 0.752727
vt 0.206692 0.627380
vt 0.621487 0.013502
vt 0.609134 0.916868
vt 0.250949 0.982137
vt 0.523736 0.377990
vt 0.526656 0.380545
vt 0.523736 0.382452
vt 0.256686 0.984113
vt 0.185492 0.997946
vt 0.182468 0.999912
vt 0.182468 0.992849
vt 0.253573 0.976608
vt 0.993173 0.294994
vt 0.518476 0.029616
vt 0.761090 0.683146
vt 0.769898 0.685910
vt 0.753814 0.674607
vt 0.749496 0.656605
vt 0.862523 0.045708
vt 0.781536 0.655124
vt 0.750575 0.647960
vt 0.778916 0.646174
vt 0.785089 0.638446
vt 0.782238 0.626551
vt 0.787797 0.627289
vt 0.201703 0.613722
vt 0.296992 0.341460
vt 0.298812 0.319124
vt 0.228520 0.546119
vt 0.146702 0.473164
vt 0.191949 0.503186
vt 0.210734 0.513610
vt 0.227525 0.521874
vt 0.158200 0.468893
vt 0.402765 0.187244
vt 0.371247 0.181314
vt 0.342260 0.182761
vt 0.313690 0.068025
vt 0.285645 0.058512
vt 0.988508 0.769387
vt 0.137217 0.998960
vt 0.132113 0.985080
vt 0.137183 0.988179
vt 0.204119 0.631915
vt 0.773459 0.994059
vt 0.776119 0.977354
vt 0.777156 0.990236
vt 0.599908 0.908765
vt 0.469858 0.992661
vt 0.474306 0.989729
vt 0.474306 0.996966
vt 0.068245 0.993716
vt 0.071491 0.998747
vt 0.068245 0.999104
vt 0.991199 0.291002
vt 0.811419 0.828883
vt 0.811185 0.825446
vt 0.814388 0.822268
vt 0.814388 0.837526
vt 0.477077 0.534263
vt 0.961954 0.696839
vt 0.975074 0.680621
vt 0.530718 0.009185
vt 0.500437 0.824666
vt 0.498921 0.834782
vt 0.487837 0.825569
vt 0.778858 0.678559
vt 0.851078 0.074482
vt 0.837424 0.067019
vt 0.861523 0.068915
vt 0.280496 0.813692
vt 0.278691 0.810197
vt 0.280453 0.805503
vt 0.707823 0.962114
vt 0.701504 0.955923
vt 0.704630 0.954176
vt 0.778750 0.643490
vt 0.776378 0.629862
vt 0.777441 0.617375
vt 0.218106 0.577355
vt 0.576801 0.703713
vt 0.580907 0.711480
vt 0.300614 0.289471
vt 0.126456 0.487181
vt 0.444005 0.271682
vt 0.442478 0.284637
vt 0.234314 0.528585
vt 0.190213 0.494422
vt 0.172295 0.470979
vt 0.164951 0.466542
vt 0.426885 0.219168
vt 0.322078 0.185431
vt 0.389147 0.062872
vt 0.379896 0.061546
vt 0.321646 0.080035
vt 0.347791 0.074295
vt 0.404379 0.046030
vt 0.211938 0.661920
vt 0.329639 0.992688
vt 0.319713 0.982784
vt 0.319292 0.977672
vt 0.132113 0.997850
vt 0.197125 0.626383
vt 0.200219 0.622169
vt 0.779003 0.984329
vt 0.630738 0.013441
vt 0.595529 0.911999
vt 0.634459 0.005037
vt 0.996891 0.372416
vt 0.999770 0.376340
vt 0.996891 0.381409
vt 0.249124 0.975091
vt 0.454929 0.382486
vt 0.450547 0.381803
vt 0.454929 0.378060
vt 0.990563 0.287913
vt 0.985224 0.280767
vt 0.479026 0.527150
vt 0.250932 0.462250
vt 0.470776 0.483335
vt 0.981198 0.667577
vt 0.461500 0.465427
vt 0.456029 0.448522
vt 0.466753 0.456013
vt 0.450118 0.437947
vt 0.458229 0.428731
vt 0.451434 0.421633
vt 0.525222 0.011515
vt 0.596443 0.016252
vt 0.568089 0.000000
vt 0.831547 0.044525
vt 0.747870 0.673500
vt 0.868159 0.034866
vt 0.783998 0.645497
vt 0.828918 0.031864
vt 0.274982 0.796456
vt 0.814115 0.743890
vt 0.810830 0.732754
vt 0.814115 0.728713
vt 0.794995 0.638877
vt 0.700558 0.953503
vt 0.700992 0.949704
vt 0.825413 0.026701
vt 0.826681 0.015143
vt 0.833664 0.021114
vt 0.834720 0.011339
vt 0.279270 0.680117
vt 0.570576 0.696548
vt 0.147712 0.461990
vt 0.304466 0.259359
vt 0.205188 0.503499
vt 0.303061 0.235390
vt 0.306417 0.213336
vt 0.401241 0.176086
vt 0.352327 0.171227
vt 0.366856 0.169081
vt 0.381816 0.167703
vt 0.298495 0.074619
vt 0.305736 0.072562
vt 0.395766 0.064882
vt 0.331828 0.980571
vt 0.773459 0.965609
vt 0.778116 0.968831
vt 0.601323 0.932063
vt 0.605934 0.923802
vt 0.626895 0.024210
vt 0.633849 0.033435
vt 0.629816 0.040109
vt 0.646806 0.020173
vt 0.634369 0.041398
vt 0.806655 0.999401
vt 0.803542 0.996403
vt 0.806655 0.993333
vt 0.215294 0.822796
vt 0.214453 0.816542
vt 0.217162 0.819212
vt 0.803887 0.993203
vt 0.635045 0.009424
vt 0.639008 0.008113
vt 0.584365 0.926482
vt 0.587480 0.912434
vt 0.590505 0.909346
vt 0.217162 0.814407
vt 0.467728 0.382266
vt 0.467728 0.378331
vt 0.470456 0.382546
vt 0.471470 0.378060
vt 0.471470 0.379624
vt 0.475264 0.382546
vt 0.653631 0.028638
vt 0.247518 0.469319
vt 0.250015 0.466187
vt 0.650682 0.006212
vt 0.657674 0.004671
vt 0.652401 0.008504
vt 0.248866 0.458769
vt 0.347060 0.861422
vt 0.510446 0.830881
vt 0.782289 0.714058
vt 0.867547 0.053024
vt 0.788154 0.664082
vt 0.823995 0.035230
vt 0.713279 0.635597
vt 0.724519 0.639779
vt 0.723561 0.646946
vt 0.269981 0.616179
vt 0.272618 0.605608
vt 0.277150 0.615282
vt 0.357718 0.995474
vt 0.350956 0.995474
vt 0.356716 0.984532
vt 0.280153 0.603935
vt 0.703619 0.967646
vt 0.832398 0.031976
vt 0.794620 0.628933
vt 0.787065 0.613831
vt 0.573735 0.694935
vt 0.571261 0.690910
vt 0.125979 0.478393
vt 0.707823 0.998257
vt 0.707823 0.988756
vt 0.712047 0.995993
vt 0.534940 0.998745
vt 0.530263 0.990299
vt 0.534940 0.987345
vt 0.299982 0.259949
vt 0.242212 0.536727
vt 0.230659 0.515539
vt 0.161011 0.456122
vt 0.310233 0.199825
vt 0.412803 0.185549
vt 0.600749 0.382439
vt 0.600749 0.371534
vt 0.606209 0.372341
vt 0.987396 0.777683
vt 0.207634 0.643349
vt 0.201880 0.655085
vt 0.751582 0.359099
vt 0.746292 0.357588
vt 0.758824 0.354206
vt 0.780704 0.979196
vt 0.994085 0.839355
vt 0.994953 0.830832
vt 0.999050 0.842238
vt 0.624055 0.047068
vt 0.619139 0.034642
vt 0.326589 0.958778
vt 0.320734 0.962726
vt 0.319280 0.958062
vt 0.608774 0.933776
vt 0.610102 0.943969
vt 0.598456 0.940989
vt 0.598506 0.955027
vt 0.631141 0.053529
vt 0.640871 0.047294
vt 0.595681 0.940220
vt 0.641941 0.004402
vt 0.648339 0.008442
vt 0.581129 0.911464
vt 0.585712 0.908775
vt 0.248531 0.464150
vt 0.575648 0.920396
vt 0.544939 0.382353
vt 0.542527 0.381686
vt 0.544939 0.377990
vt 0.662078 0.016757
vt 0.574124 0.907920
vt 0.997102 0.576371
vt 0.997102 0.570498
vt 0.999527 0.572940
vt 0.973126 0.666682
vt 0.535661 0.838896
vt 0.531119 0.843548
vt 0.522730 0.839947
vt 0.485794 0.832951
vt 0.479044 0.833209
vt 0.764522 0.717519
vt 0.837849 0.104254
vt 0.849540 0.104996
vt 0.828408 0.102446
vt 0.861015 0.103935
vt 0.749427 0.698378
vt 0.790663 0.699771
vt 0.824503 0.072107
vt 0.823459 0.055637
vt 0.791320 0.649542
vt 0.715024 0.634178
vt 0.705874 0.976213
vt 0.700335 0.976828
vt 0.697554 0.963282
vt 0.840913 0.037236
vt 0.814477 0.380158
vt 0.808269 0.376859
vt 0.814477 0.366868
vt 0.571957 0.554145
vt 0.566208 0.549892
vt 0.575671 0.545227
vt 0.828728 0.000000
vt 0.571092 0.537287
vt 0.286315 0.350912
vt 0.218097 0.600253
vt 0.227914 0.573305
vt 0.288966 0.340330
vt 0.291549 0.310594
vt 0.446218 0.257374
vt 0.347060 0.891078
vt 0.351859 0.897449
vt 0.347849 0.906141
vt 0.149880 0.456439
vt 0.349215 0.862121
vt 0.353697 0.864065
vt 0.423111 0.198941
vt 0.303221 0.203259
vt 0.328764 0.172022
vt 0.757026 0.343791
vt 0.197945 0.639569
vt 0.320280 0.973389
vt 0.746383 0.304901
vt 0.750872 0.304151
vt 0.747711 0.318109
vt 0.970503 0.151745
vt 0.972418 0.142974
vt 0.982088 0.153409
vt 0.330991 0.965798
vt 0.196285 0.617740
vt 0.590711 0.949858
vt 0.645952 0.055044
vt 0.639287 0.059224
vt 0.588581 0.945752
vt 0.571149 0.935178
vt 0.649877 0.052298
vt 0.663780 0.037754
vt 0.564355 0.921601
vt 0.568421 0.907926
vt 0.659045 0.007092
vt 0.668015 0.026725
vt 0.248492 0.453287
vt 0.253909 0.449393
vt 0.957751 0.684339
vt 0.334780 0.907360
vt 0.319034 0.911465
vt 0.327473 0.900243
vt 0.331273 0.890170
vt 0.338211 0.894507
vt 0.468830 0.441662
vt 0.539729 0.000213
vt 0.423851 0.980198
vt 0.432222 0.974104
vt 0.433489 0.986950
vt 0.547934 0.002794
vt 0.766430 0.720377
vt 0.774912 0.719329
vt 0.751474 0.714254
vt 0.788442 0.711839
vt 0.821381 0.072192
vt 0.869303 0.065124
vt 0.717935 0.661062
vt 0.713217 0.653798
vt 0.994301 0.356862
vt 0.997751 0.348959
vt 0.997814 0.354705
vt 0.265981 0.615222
vt 0.267548 0.603095
vt 0.268335 0.599338
vt 0.274282 0.590932
vt 0.696784 0.972444
vt 0.992571 0.347525
vt 0.274982 0.822966
vt 0.513564 0.655468
vt 0.503609 0.654287
vt 0.507251 0.642827
vt 0.819983 0.014712
vt 0.805692 0.369716
vt 0.940188 0.981275
vt 0.938766 0.973494
vt 0.946122 0.979795
vt 0.945557 0.974807
vt 0.780859 0.610857
vt 0.278488 0.686645
vt 0.275100 0.698798
vt 0.104667 0.580171
vt 0.207804 0.615287
vt 0.242042 0.551301
vt 0.246819 0.528035
vt 0.236825 0.516648
vt 0.357278 0.853543
vt 0.164764 0.456863
vt 0.441087 0.236143
vt 0.280565 0.825979
vt 0.286706 0.781159
vt 0.294314 0.804006
vt 0.314365 0.176499
vt 0.340027 0.165211
vt 0.366808 0.163431
vt 0.386232 0.160352
vt 0.315804 0.101270
vt 0.354445 0.087927
vt 0.302566 0.097488
vt 0.406487 0.055728
vt 0.286175 0.070263
vt 0.192944 0.647531
vt 0.973005 0.163602
vt 0.753026 0.329568
vt 0.760452 0.338741
vt 0.331828 0.955334
vt 0.991685 0.124087
vt 0.991685 0.113958
vt 0.997281 0.117472
vt 0.967261 0.141547
vt 0.753569 0.318910
vt 0.994085 0.844983
vt 0.980878 0.143977
vt 0.992348 0.103617
vt 0.995463 0.112027
vt 0.746292 0.295780
vt 0.589394 0.961470
vt 0.567697 0.905581
vt 0.661617 0.004773
vt 0.480475 0.523636
vt 0.479390 0.516863
vt 0.479423 0.504972
vt 0.480414 0.487056
vt 0.476179 0.466408
vt 0.332948 0.865016
vt 0.454743 0.407706
vt 0.461136 0.415320
vt 0.843293 0.109433
vt 0.784609 0.718583
vt 0.791334 0.705227
vt 0.821570 0.093159
vt 0.866759 0.079728
vt 0.792739 0.682198
vt 0.583072 0.582348
vt 0.584707 0.597899
vt 0.577243 0.580707
vt 0.578330 0.569593
vt 0.871349 0.035415
vt 0.776985 0.608099
vt 0.789301 0.609107
vt 0.776246 0.610857
vt 0.667918 0.992683
vt 0.671769 0.993316
vt 0.667918 0.998437
vt 0.265981 0.592545
vt 0.695302 0.977172
vt 0.693540 0.959997
vt 0.791830 0.226503
vt 0.793470 0.228275
vt 0.789163 0.229619
vt 0.693220 0.959218
vt 0.504465 0.663084
vt 0.509803 0.662742
vt 0.598976 0.987187
vt 0.595594 0.997256
vt 0.595594 0.985230
vt 0.601379 0.994518
vt 0.991699 0.102726
vt 0.983662 0.103617
vt 0.985114 0.091795
vt 0.807093 0.382655
vt 0.778745 0.228250
vt 0.789252 0.213530
vt 0.892219 0.855279
vt 0.885442 0.855279
vt 0.891716 0.847219
vt 0.761817 0.224492
vt 0.755712 0.210318
vt 0.763074 0.210870
vt 0.765374 0.221825
vt 0.768697 0.210409
vt 0.952657 0.986654
vt 0.807091 0.365291
vt 0.812242 0.582405
vt 0.806147 0.594856
vt 0.804363 0.585088
vt 0.763203 0.200995
vt 0.059731 0.998447
vt 0.059731 0.988648
vt 0.063936 0.995006
vt 0.693220 0.982895
vt 0.699400 0.987684
vt 0.693220 0.996785
vt 0.943539 0.964629
vt 0.835780 0.002387
vt 0.108447 0.576981
vt 0.292452 0.273861
vt 0.136129 0.461446
vt 0.244780 0.541998
vt 0.294311 0.828348
vt 0.281213 0.833057
vt 0.290552 0.823769
vt 0.059731 0.978556
vt 0.059731 0.971558
vt 0.064050 0.974799
vt 0.976785 0.050893
vt 0.979767 0.043990
vt 0.982923 0.047787
vt 0.988296 0.660461
vt 0.993643 0.660119
vt 0.993643 0.666100
vt 0.360625 0.890552
vt 0.353098 0.920649
vt 0.347060 0.928433
vt 0.358385 0.872709
vt 0.155148 0.449393
vt 0.244997 0.520836
vt 0.349098 0.932485
vt 0.356823 0.846959
vt 0.352879 0.161172
vt 0.349519 0.158227
vt 0.362791 0.155104
vt 0.323278 0.098998
vt 0.378714 0.094999
vt 0.874611 0.953382
vt 0.876813 0.966182
vt 0.870016 0.970307
vt 0.879261 0.951491
vt 0.749813 0.290247
vt 0.632847 0.058317
vt 0.636473 0.059828
vt 0.814227 0.683607
vt 0.814227 0.693392
vt 0.810830 0.684950
vt 0.876303 0.942579
vt 0.879591 0.940339
vt 0.583540 0.955914
vt 0.562238 0.931624
vt 0.482762 0.520886
vt 0.480749 0.527081
vt 0.482104 0.518462
vt 0.672358 0.018634
vt 0.664540 0.004998
vt 0.506829 0.848005
vt 0.505002 0.839808
vt 0.517213 0.836697
vt 0.592703 0.007259
vt 0.584660 0.007264
vt 0.420595 0.967457
vt 0.763953 0.758503
vt 0.772039 0.747977
vt 0.780225 0.744878
vt 0.992020 0.629546
vt 0.995233 0.624875
vt 0.996987 0.635870
vt 0.513564 0.724350
vt 0.512031 0.731542
vt 0.509997 0.728052
vt 0.833813 0.107565
vt 0.990459 0.618620
vt 0.757529 0.719446
vt 0.990210 0.612940
vt 0.506674 0.722261
vt 0.509635 0.713257
vt 0.865092 0.099618
vt 0.867380 0.089912
vt 0.746080 0.699663
vt 0.744348 0.682750
vt 0.714859 0.683812
vt 0.711812 0.667495
vt 0.710496 0.662167
vt 0.509245 0.694520
vt 0.506739 0.686899
vt 0.510410 0.680626
vt 0.770573 0.608840
vt 0.792982 0.607041
vt 0.794498 0.610193
vt 0.696581 0.982895
vt 0.999625 0.502337
vt 0.997022 0.500494
vt 0.999625 0.495165
vt 0.479638 0.993590
vt 0.482785 0.996804
vt 0.479638 0.999573
vt 0.997814 0.344312
vt 0.777226 0.596041
vt 0.792206 0.591285
vt 0.801975 0.604750
vt 0.806771 0.606251
vt 0.812110 0.604981
vt 0.754496 0.225595
vt 0.766680 0.226444
vt 0.794259 0.221828
vt 0.773892 0.228482
vt 0.778773 0.212773
vt 0.814477 0.591379
vt 0.792909 0.214370
vt 0.771681 0.603217
vt 0.771578 0.592938
vt 0.773754 0.594239
vt 0.782745 0.589920
vt 0.782152 0.209568
vt 0.792272 0.210037
vt 0.277764 0.743085
vt 0.275100 0.745718
vt 0.275100 0.742006
vt 0.774112 0.590571
vt 0.997095 0.085964
vt 0.997095 0.079828
vt 0.999597 0.083562
vt 0.787888 0.578959
vt 0.632780 0.990682
vt 0.625312 0.982717
vt 0.631020 0.980266
vt 0.778247 0.198761
vt 0.786409 0.199440
vt 0.678298 0.973294
vt 0.680990 0.963420
vt 0.683382 0.973361
vt 0.227511 0.588358
vt 0.571211 0.679233
vt 0.287009 0.836577
vt 0.789513 0.023283
vt 0.785743 0.013582
vt 0.801415 0.013375
vt 0.977115 0.059144
vt 0.775016 0.404669
vt 0.766253 0.394625
vt 0.783407 0.394541
vt 0.775826 0.023728
vt 0.770283 0.014564
vt 0.776409 0.006954
vt 0.974484 0.047387
vt 0.778116 0.387408
vt 0.772151 0.385669
vt 0.785593 0.387533
vt 0.359956 0.909245
vt 0.781956 0.005566
vt 0.792590 0.004067
vt 0.973564 0.037167
vt 0.355863 0.914708
vt 0.962986 0.990180
vt 0.966074 0.990596
vt 0.966273 0.993729
vt 0.359962 0.868032
vt 0.967112 0.984000
vt 0.350718 0.940166
vt 0.352800 0.935320
vt 0.360578 0.854707
vt 0.360527 0.846879
vt 0.355763 0.844456
vt 0.363144 0.840749
vt 0.362405 0.836577
vt 0.295303 0.233104
vt 0.291719 0.763131
vt 0.298640 0.772643
vt 0.302630 0.189964
vt 0.411557 0.171710
vt 0.399918 0.156744
vt 0.328690 0.165857
vt 0.335285 0.160589
vt 0.369029 0.157026
vt 0.333838 0.144855
vt 0.384019 0.149930
vt 0.349829 0.141695
vt 0.379538 0.135212
vt 0.366983 0.137586
vt 0.337845 0.140059
vt 0.351909 0.138165
vt 0.363050 0.135655
vt 0.338527 0.133681
vt 0.360878 0.131645
vt 0.328671 0.138237
vt 0.330162 0.131806
vt 0.342476 0.131167
vt 0.364495 0.128547
vt 0.387308 0.103790
vt 0.213776 0.683049
vt 0.201756 0.684881
vt 0.207375 0.674185
vt 0.707823 0.964459
vt 0.716847 0.953769
vt 0.719043 0.961783
vt 0.194591 0.660109
vt 0.754394 0.365286
vt 0.765872 0.355958
vt 0.766681 0.344980
vt 0.190833 0.629232
vt 0.191849 0.621888
vt 0.196455 0.629217
vt 0.759220 0.320361
vt 0.755429 0.316639
vt 0.436311 0.577098
vt 0.436114 0.565494
vt 0.441453 0.561450
vt 0.919342 0.893359
vt 0.922122 0.906105
vt 0.753661 0.302346
vt 0.426486 0.585364
vt 0.420465 0.599384
vt 0.426099 0.597707
vt 0.622261 0.049835
vt 0.630849 0.067632
vt 0.418616 0.593874
vt 0.639331 0.076311
vt 0.877409 0.931858
vt 0.582843 0.965515
vt 0.583259 0.950469
vt 0.646516 0.064128
vt 0.654179 0.059149
vt 0.570439 0.945912
vt 0.665524 0.049874
vt 0.930600 0.843968
vt 0.925550 0.843748
vt 0.931171 0.838135
vt 0.487153 0.512611
vt 0.676087 0.035452
vt 0.925263 0.199581
vt 0.917963 0.184327
vt 0.927974 0.190680
vt 0.317090 0.923664
vt 0.316664 0.919311
vt 0.325709 0.921748
vt 0.324582 0.886573
vt 0.343917 0.851173
vt 0.495322 0.843948
vt 0.477788 0.839405
vt 0.841873 0.158034
vt 0.854671 0.107857
vt 0.849491 0.137196
vt 0.859513 0.106609
vt 0.996064 0.619451
vt 0.710311 0.706127
vt 0.707727 0.701983
vt 0.713396 0.698828
vt 0.982271 0.992310
vt 0.986984 0.986680
vt 0.986984 0.997215
vt 0.706748 0.696377
vt 0.711270 0.683316
vt 0.515816 0.653827
vt 0.514140 0.644406
vt 0.517978 0.640178
vt 0.516075 0.633312
vt 0.112036 0.733232
vt 0.112036 0.739738
vt 0.110357 0.735155
vt 0.590838 0.597540
vt 0.500512 0.674556
vt 0.800443 0.609055
vt 0.759987 0.226869
vt 0.693220 0.980383
vt 0.992285 0.912997
vt 0.992812 0.908237
vt 0.995238 0.912997
vt 0.798818 0.594639
vt 0.574509 0.562665
vt 0.587096 0.564161
vt 0.587446 0.569715
vt 0.795537 0.596625
vt 0.769986 0.215203
vt 0.500185 0.646996
vt 0.798847 0.581904
vt 0.741803 0.866056
vt 0.744175 0.859206
vt 0.744175 0.869902
vt 0.773201 0.579337
vt 0.781398 0.999335
vt 0.780799 0.991936
vt 0.783238 0.991936
vt 0.946763 0.967656
vt 0.779578 0.575664
vt 0.757327 0.197001
vt 0.794027 0.202086
vt 0.278626 0.698362
vt 0.792258 0.101281
vt 0.793851 0.079123
vt 0.798145 0.094094
vt 0.216568 0.617740
vt 0.783584 0.105565
vt 0.782490 0.077583
vt 0.772853 0.092157
vt 0.280565 0.347771
vt 0.759431 0.462168
vt 0.770138 0.450984
vt 0.768063 0.482832
vt 0.775182 0.476983
vt 0.801562 0.059614
vt 0.778862 0.444339
vt 0.783656 0.468914
vt 0.761316 0.437827
vt 0.790960 0.046759
vt 0.787181 0.427402
vt 0.779348 0.427035
vt 0.776632 0.046757
vt 0.239573 0.561742
vt 0.767604 0.424603
vt 0.795591 0.034634
vt 0.777673 0.413545
vt 0.286448 0.298105
vt 0.783682 0.029923
vt 0.566207 0.681811
vt 0.125106 0.465189
vt 0.243747 0.558465
vt 0.792077 0.405175
vt 0.796825 0.410516
vt 0.800190 0.021392
vt 0.805073 0.028454
vt 0.570904 0.990207
vt 0.567679 0.995817
vt 0.567679 0.988520
vt 0.247518 0.549889
vt 0.759446 0.403869
vt 0.060053 0.988648
vt 0.062848 0.983948
vt 0.756621 0.401700
vt 0.797948 0.396131
vt 0.973035 0.052992
vt 0.762298 0.394750
vt 0.806277 0.013767
vt 0.791407 0.388037
vt 0.804212 0.002988
vt 0.364242 0.903977
vt 0.797894 0.004125
vt 0.962986 0.996655
vt 0.763270 0.388489
vt 0.776571 0.382656
vt 0.791334 0.384161
vt 0.355618 0.923413
vt 0.356823 0.916843
vt 0.785841 0.002003
vt 0.771812 0.002352
vt 0.969226 0.992177
vt 0.980782 0.323643
vt 0.975808 0.319785
vt 0.980782 0.318085
vt 0.354685 0.940915
vt 0.793566 0.000524
vt 0.800184 0.000000
vt 0.303265 0.741839
vt 0.290430 0.746057
vt 0.298780 0.734959
vt 0.315819 0.167655
vt 0.327261 0.162873
vt 0.383217 0.154250
vt 0.320321 0.145593
vt 0.373596 0.132762
vt 0.379027 0.126386
vt 0.813705 0.822267
vt 0.811485 0.803649
vt 0.813705 0.802448
vt 0.373830 0.123071
vt 0.332404 0.125582
vt 0.349941 0.119692
vt 0.335384 0.128028
vt 0.345451 0.126406
vt 0.363690 0.123882
vt 0.332215 0.119895
vt 0.379276 0.113917
vt 0.376264 0.107162
vt 0.350538 0.111513
vt 0.328943 0.111463
vt 0.198220 0.679596
vt 0.967261 0.167712
vt 0.617861 0.053095
vt 0.624223 0.085061
vt 0.434887 0.613753
vt 0.417448 0.605671
vt 0.434420 0.605615
vt 0.412931 0.599794
vt 0.639834 0.064578
vt 0.813067 0.677401
vt 0.873605 0.933773
vt 0.650624 0.061849
vt 0.922897 0.846957
vt 0.931171 0.846947
vt 0.563492 0.903357
vt 0.313699 0.919993
vt 0.485073 0.509865
vt 0.679665 0.025014
vt 0.464957 0.405214
vt 0.460685 0.396659
vt 0.833387 0.146505
vt 0.828681 0.106110
vt 0.821838 0.130140
vt 0.823594 0.101924
vt 0.981627 0.986837
vt 0.505468 0.711201
vt 0.504223 0.694483
vt 0.708565 0.639030
vt 0.799457 0.606160
vt 0.797589 0.600476
vt 0.064109 0.999543
vt 0.064109 0.993716
vt 0.067069 0.999434
vt 0.706720 0.620402
vt 0.716684 0.618788
vt 0.709986 0.632176
vt 0.014607 0.812490
vt 0.005783 0.813673
vt 0.005428 0.803982
vt 0.769303 0.225345
vt 0.769006 0.199889
vt 0.761827 0.191764
vt 0.792635 0.197516
vt 0.953765 0.395340
vt 0.941971 0.383379
vt 0.956519 0.382655
vt 0.781118 0.196341
vt 0.667918 0.977606
vt 0.672362 0.969458
vt 0.676499 0.981295
vt 0.798758 0.192078
vt 0.794849 0.130717
vt 0.781477 0.137031
vt 0.776065 0.511429
vt 0.788158 0.505066
vt 0.791767 0.465397
vt 0.772872 0.124225
vt 0.806390 0.085927
vt 0.768951 0.074883
vt 0.808171 0.049624
vt 0.109344 0.569732
vt 0.102409 0.564967
vt 0.112955 0.546777
vt 0.756939 0.409643
vt 0.037789 0.999762
vt 0.034858 0.994908
vt 0.037789 0.993298
vt 0.767687 0.030736
vt 0.975012 0.071178
vt 0.972719 0.066654
vt 0.853878 0.997625
vt 0.853878 0.988827
vt 0.858079 0.993409
vt 0.972496 0.059635
vt 0.754998 0.407467
vt 0.810107 0.021824
vt 0.810130 0.017945
vt 0.796006 0.388689
vt 0.764404 0.015139
vt 0.766754 0.006944
vt 0.968948 0.037324
vt 0.365508 0.875069
vt 0.763471 0.383726
vt 0.446278 0.804088
vt 0.446278 0.795829
vt 0.450059 0.798814
vt 0.805564 0.002932
vt 0.316031 0.164611
vt 0.381210 0.131530
vt 0.321284 0.136414
vt 0.811185 0.816891
vt 0.331100 0.128647
vt 0.814226 0.837526
vt 0.814226 0.853550
vt 0.811185 0.846336
vt 0.347066 0.128897
vt 0.361933 0.127318
vt 0.321922 0.127183
vt 0.320063 0.119888
vt 0.388675 0.112532
vt 0.382538 0.119878
vt 0.316311 0.112460
vt 0.395884 0.100804
vt 0.405652 0.064969
vt 0.404898 0.084295
vt 0.204658 0.703283
vt 0.726379 0.960766
vt 0.672145 0.981295
vt 0.676705 0.992683
vt 0.185227 0.629868
vt 0.185076 0.618929
vt 0.761040 0.316017
vt 0.613030 0.038320
vt 0.440006 0.581078
vt 0.618482 0.082194
vt 0.634266 0.281424
vt 0.640281 0.289110
vt 0.637379 0.300372
vt 0.642102 0.316674
vt 0.428293 0.856142
vt 0.428224 0.844142
vt 0.432653 0.843208
vt 0.430209 0.820159
vt 0.623549 0.165145
vt 0.633542 0.165085
vt 0.633005 0.209953
vt 0.640223 0.272161
vt 0.424187 0.810593
vt 0.432987 0.805603
vt 0.428271 0.798096
vt 0.631550 0.097502
vt 0.630652 0.117931
vt 0.639965 0.217661
vt 0.644322 0.284874
vt 0.644967 0.307267
vt 0.424948 0.823428
vt 0.433568 0.698304
vt 0.431875 0.727593
vt 0.421148 0.726359
vt 0.423819 0.698714
vt 0.426108 0.624489
vt 0.417324 0.700726
vt 0.418565 0.699264
vt 0.643822 0.170152
vt 0.412375 0.615753
vt 0.419972 0.629008
vt 0.642704 0.164972
vt 0.411474 0.603605
vt 0.651292 0.067507
vt 0.927043 0.229933
vt 0.922771 0.226044
vt 0.925143 0.224929
vt 0.580796 0.952354
vt 0.555568 0.917122
vt 0.669965 0.000000
vt 0.673112 0.005136
vt 0.487356 0.505639
vt 0.474927 0.428427
vt 0.514511 0.850297
vt 0.778705 0.877634
vt 0.778047 0.882756
vt 0.767954 0.875252
vt 0.766672 0.860978
vt 0.778213 0.863209
vt 0.829997 0.256846
vt 0.836837 0.240519
vt 0.846243 0.253136
vt 0.775408 0.851948
vt 0.788299 0.859315
vt 0.766478 0.852316
vt 0.786899 0.850258
vt 0.776599 0.848569
vt 0.766275 0.848635
vt 0.771672 0.834766
vt 0.772296 0.786395
vt 0.780789 0.771545
vt 0.788795 0.761955
vt 0.756292 0.747761
vt 0.827329 0.149727
vt 0.853380 0.147580
vt 0.793035 0.730139
vt 0.752201 0.717617
vt 0.791814 0.710580
vt 0.996987 0.611729
vt 0.685752 0.408180
vt 0.682627 0.401725
vt 0.688579 0.398159
vt 0.688421 0.383453
vt 0.520209 0.662972
vt 0.521655 0.642436
vt 0.705768 0.683263
vt 0.705955 0.670374
vt 0.693151 0.386686
vt 0.690719 0.382655
vt 0.984981 0.322460
vt 0.980782 0.317990
vt 0.998884 0.883931
vt 0.994289 0.892711
vt 0.994289 0.877774
vt 0.224823 0.918102
vt 0.235785 0.912636
vt 0.228605 0.928398
vt 0.699143 0.657572
vt 0.538787 0.782279
vt 0.538787 0.770880
vt 0.544251 0.771936
vt 0.990062 0.084912
vt 0.704509 0.611203
vt 0.492685 0.633312
vt 0.589408 0.548210
vt 0.710720 0.606984
vt 0.039351 0.954263
vt 0.032689 0.950976
vt 0.033424 0.947898
vt 0.805745 0.573224
vt 0.774612 0.574392
vt 0.950317 0.961660
vt 0.948953 0.968403
vt 0.787679 0.564567
vt 0.791527 0.195490
vt 0.783706 0.176429
vt 0.773365 0.531811
vt 0.782454 0.516214
vt 0.780134 0.147634
vt 0.790980 0.149692
vt 0.790594 0.524313
vt 0.763937 0.501846
vt 0.803781 0.115382
vt 0.757017 0.489537
vt 0.098291 0.575283
vt 0.119837 0.971464
vt 0.118319 0.983144
vt 0.112893 0.980177
vt 0.220743 0.614010
vt 0.106842 0.532524
vt 0.798608 0.432624
vt 0.241653 0.569927
vt 0.975675 0.566416
vt 0.981542 0.557883
vt 0.979721 0.569166
vt 0.753643 0.420802
vt 0.035223 0.991765
vt 0.569032 0.667411
vt 0.751434 0.411855
vt 0.813135 0.030163
vt 0.857465 0.997766
vt 0.811573 0.024402
vt 0.572486 0.989313
vt 0.573729 0.992054
vt 0.762895 0.023949
vt 0.752171 0.404938
vt 0.970821 0.056893
vt 0.798278 0.382925
vt 0.361637 0.911632
vt 0.363922 0.881369
vt 0.881721 0.855278
vt 0.877952 0.847560
vt 0.885442 0.847560
vt 0.116042 0.484347
vt 0.109200 0.464170
vt 0.124447 0.465016
vt 0.393624 0.150406
vt 0.399394 0.145199
vt 0.310399 0.159840
vt 0.394870 0.132035
vt 0.311936 0.142091
vt 0.386616 0.129250
vt 0.315549 0.132451
vt 0.390607 0.122318
vt 0.293644 0.097217
vt 0.726914 0.947368
vt 0.769668 0.328383
vt 0.442729 0.704321
vt 0.445331 0.697205
vt 0.441981 0.615304
vt 0.436050 0.817959
vt 0.432975 0.694689
vt 0.618159 0.101718
vt 0.622396 0.183170
vt 0.638320 0.314053
vt 0.637993 0.259915
vt 0.633802 0.264275
vt 0.873075 0.029168
vt 0.871348 0.025000
vt 0.876788 0.023433
vt 0.627831 0.160796
vt 0.434113 0.648941
vt 0.175982 0.995762
vt 0.171472 0.998186
vt 0.171472 0.988970
vt 0.645845 0.319228
vt 0.643982 0.324636
vt 0.424130 0.697187
vt 0.623710 0.119159
vt 0.634212 0.128399
vt 0.425223 0.841897
vt 0.422807 0.797801
vt 0.096392 0.995926
vt 0.091549 0.988726
vt 0.094795 0.988104
vt 0.423355 0.753616
vt 0.423077 0.672919
vt 0.421988 0.663999
vt 0.430017 0.667004
vt 0.640795 0.140257
vt 0.628964 0.136588
vt 0.647353 0.280352
vt 0.645146 0.213883
vt 0.280522 0.857935
vt 0.275961 0.859681
vt 0.275908 0.852380
vt 0.090049 0.984040
vt 0.639426 0.099264
vt 0.174768 0.987825
vt 0.410495 0.698975
vt 0.646419 0.083687
vt 0.651570 0.163662
vt 0.650090 0.171751
vt 0.644727 0.068430
vt 0.450118 0.971095
vt 0.456269 0.968737
vt 0.455796 0.974693
vt 0.927275 0.238648
vt 0.919294 0.227290
vt 0.577594 0.954542
vt 0.923160 0.216184
vt 0.917563 0.209128
vt 0.909997 0.354199
vt 0.903055 0.344702
vt 0.913247 0.342302
vt 0.903998 0.334610
vt 0.779716 0.230571
vt 0.785736 0.236570
vt 0.779554 0.236570
vt 0.784625 0.229849
vt 0.758788 0.381720
vt 0.746073 0.373473
vt 0.758788 0.367509
vt 0.329218 0.845948
vt 0.533029 0.859705
vt 0.464765 0.844653
vt 0.454891 0.842973
vt 0.465586 0.834832
vt 0.457449 0.837897
vt 0.433489 0.961756
vt 0.765746 0.881360
vt 0.833152 0.265463
vt 0.844605 0.266950
vt 0.785986 0.872039
vt 0.823297 0.239408
vt 0.850177 0.239036
vt 0.829022 0.237083
vt 0.839311 0.236354
vt 0.845985 0.224812
vt 0.835379 0.215305
vt 0.783777 0.833697
vt 0.771477 0.826202
vt 0.781841 0.824205
vt 0.849668 0.214974
vt 0.764537 0.829955
vt 0.827961 0.214737
vt 0.838857 0.208989
vt 0.776447 0.821279
vt 0.769544 0.820730
vt 0.762312 0.825075
vt 0.780650 0.803545
vt 0.834466 0.172854
vt 0.766046 0.791017
vt 0.847984 0.172155
vt 0.859914 0.128772
vt 0.864845 0.101189
vt 0.698973 0.697216
vt 0.498769 0.719043
vt 0.513564 0.660749
vt 0.696440 0.399149
vt 0.998561 0.891270
vt 0.280507 0.745942
vt 0.280507 0.758450
vt 0.274982 0.755359
vt 0.495401 0.696697
vt 0.249124 0.914289
vt 0.594455 0.578946
vt 0.595794 0.572491
vt 0.696573 0.629586
vt 0.012828 0.802698
vt 0.004511 0.795402
vt 0.538787 0.779518
vt 0.529262 0.782422
vt 0.531058 0.770880
vt 0.630292 0.973066
vt 0.790441 0.989094
vt 0.791364 0.998934
vt 0.786515 0.998934
vt 0.787628 0.986585
vt 0.039351 0.942636
vt 0.010990 0.783970
vt 0.013275 0.789951
vt 0.769686 0.574372
vt 0.797125 0.188817
vt 0.580318 0.532390
vt 0.585599 0.543524
vt 0.791396 0.175155
vt 0.941287 0.959399
vt 0.778861 0.558834
vt 0.770923 0.557674
vt 0.796472 0.551024
vt 0.783340 0.538656
vt 0.800664 0.151553
vt 0.765274 0.536291
vt 0.799163 0.484806
vt 0.100796 0.569978
vt 0.283602 0.339473
vt 0.801649 0.449147
vt 0.812860 0.075071
vt 0.942819 0.173859
vt 0.962650 0.176855
vt 0.927974 0.183647
vt 0.750902 0.440207
vt 0.813532 0.035658
vt 0.983704 0.563098
vt 0.750775 0.415998
vt 0.573865 0.675061
vt 0.753741 0.407953
vt 0.969804 0.069012
vt 0.802750 0.389232
vt 0.360279 0.922087
vt 0.757903 0.001461
vt 0.760363 0.007827
vt 0.309086 0.755985
vt 0.393920 0.127972
vt 0.314396 0.126122
vt 0.391134 0.117844
vt 0.306905 0.120002
vt 0.400344 0.108550
vt 0.302497 0.111965
vt 0.184662 0.650497
vt 0.773999 0.337028
vt 0.614969 0.165035
vt 0.441809 0.564969
vt 0.611953 0.067734
vt 0.628802 0.215248
vt 0.748698 0.940151
vt 0.744494 0.944135
vt 0.746822 0.922433
vt 0.744348 0.909806
vt 0.752520 0.904147
vt 0.440834 0.694712
vt 0.902859 0.937805
vt 0.903838 0.943351
vt 0.896880 0.940382
vt 0.877375 0.051539
vt 0.871348 0.059753
vt 0.871558 0.041603
vt 0.434367 0.790324
vt 0.435306 0.679862
vt 0.430009 0.680409
vt 0.438950 0.668958
vt 0.436248 0.661540
vt 0.621743 0.128471
vt 0.622014 0.147256
vt 0.635672 0.251449
vt 0.874126 0.017196
vt 0.427889 0.694177
vt 0.431438 0.755154
vt 0.425085 0.653260
vt 0.640750 0.251204
vt 0.645140 0.262180
vt 0.986160 0.941471
vt 0.989022 0.955458
vt 0.986694 0.955989
vt 0.423210 0.695295
vt 0.639081 0.119658
vt 0.639872 0.162830
vt 0.986031 0.913070
vt 0.987603 0.924804
vt 0.982405 0.922909
vt 0.416291 0.634158
vt 0.276502 0.532188
vt 0.276502 0.517821
vt 0.277626 0.524461
vt 0.094888 0.982854
vt 0.412670 0.712076
vt 0.414590 0.729253
vt 0.650048 0.195008
vt 0.864932 0.929481
vt 0.856049 0.923489
vt 0.870016 0.923756
vt 0.870016 0.923489
vt 0.918602 0.240796
vt 0.452810 0.966256
vt 0.457501 0.964670
vt 0.450471 0.961924
vt 0.457046 0.961891
vt 0.450118 0.947312
vt 0.171406 0.988797
vt 0.171472 0.998507
vt 0.167271 0.998442
vt 0.167271 0.988643
vt 0.451479 0.930300
vt 0.456949 0.943291
vt 0.491407 0.509200
vt 0.912768 0.359807
vt 0.908431 0.361359
vt 0.308091 0.906627
vt 0.125259 0.931283
vt 0.130754 0.932683
vt 0.126693 0.935144
vt 0.954482 0.068994
vt 0.950049 0.071178
vt 0.948156 0.068067
vt 0.313075 0.900124
vt 0.483128 0.469539
vt 0.484948 0.444581
vt 0.523095 0.867743
vt 0.771105 0.890156
vt 0.839082 0.279016
vt 0.836022 0.271940
vt 0.761724 0.877569
vt 0.790170 0.881585
vt 0.822558 0.265847
vt 0.791177 0.875484
vt 0.759289 0.852496
vt 0.790683 0.850936
vt 0.759816 0.849422
vt 0.827927 0.222889
vt 0.787307 0.827283
vt 0.659893 0.503588
vt 0.659481 0.497588
vt 0.665889 0.498673
vt 0.843971 0.203301
vt 0.770181 0.815526
vt 0.778684 0.815058
vt 0.764645 0.810476
vt 0.840945 0.192144
vt 0.827923 0.179998
vt 0.788051 0.790287
vt 0.758628 0.782760
vt 0.859517 0.147430
vt 0.502616 0.746947
vt 0.498897 0.699012
vt 0.700844 0.675063
vt 0.276234 0.759465
vt 0.679062 0.993443
vt 0.677399 0.983195
vt 0.683175 0.986830
vt 0.683382 0.981295
vt 0.240186 0.926530
vt 0.693580 0.642253
vt 0.545449 0.783797
vt 0.554008 0.780084
vt 0.121385 0.932748
vt 0.123096 0.940519
vt 0.116581 0.940519
vt 0.775824 0.997125
vt 0.773459 0.998977
vt 0.031573 0.943907
vt 0.030552 0.947627
vt 0.626365 0.970618
vt 0.796680 0.577489
vt 0.798604 0.565128
vt 0.943156 0.396547
vt 0.952657 0.955885
vt 0.672534 0.962605
vt 0.935433 0.395804
vt 0.776978 0.177399
vt 0.770178 0.196356
vt 0.798682 0.177724
vt 0.769201 0.565230
vt 0.772895 0.159454
vt 0.757702 0.505119
vt 0.762561 0.115439
vt 0.806906 0.133103
vt 0.814284 0.100302
vt 0.751520 0.465838
vt 0.761993 0.089721
vt 0.763416 0.053803
vt 0.975692 0.571162
vt 0.816270 0.032096
vt 0.807291 0.405689
vt 0.968948 0.066095
vt 0.105517 0.496189
vt 0.113779 0.516594
vt 0.806625 0.396697
vt 0.804862 0.382925
vt 0.364638 0.916946
vt 0.367853 0.907771
vt 0.749930 0.006840
vt 0.753942 0.010410
vt 0.748875 0.017335
vt 0.367450 0.886819
vt 0.303005 0.822697
vt 0.120450 0.452941
vt 0.307179 0.169347
vt 0.407830 0.147846
vt 0.306227 0.151331
vt 0.307628 0.139179
vt 0.310464 0.127751
vt 0.777833 0.351594
vt 0.446179 0.716258
vt 0.616112 0.180683
vt 0.446179 0.594353
vt 0.759531 0.290640
vt 0.753339 0.275496
vt 0.763080 0.278364
vt 0.755317 0.258069
vt 0.910006 0.943138
vt 0.438761 0.744382
vt 0.620911 0.162941
vt 0.749964 0.954243
vt 0.749646 0.896520
vt 0.879750 0.070081
vt 0.874089 0.075162
vt 0.876332 0.034449
vt 0.744348 0.954232
vt 0.438212 0.650084
vt 0.443131 0.659472
vt 0.636917 0.250783
vt 0.427638 0.784122
vt 0.981627 0.930719
vt 0.416883 0.812766
vt 0.418939 0.697287
vt 0.417642 0.656825
vt 0.650392 0.267845
vt 0.652572 0.279789
vt 0.096392 0.980290
vt 0.096353 0.987411
vt 0.416533 0.696142
vt 0.413144 0.690924
vt 0.416167 0.674256
vt 0.646951 0.138891
vt 0.090653 0.975877
vt 0.643428 0.098970
vt 0.654555 0.181901
vt 0.406405 0.704535
vt 0.924342 0.256279
vt 0.913717 0.245676
vt 0.921137 0.245314
vt 0.408371 0.722392
vt 0.404066 0.602029
vt 0.655436 0.163867
vt 0.913651 0.230500
vt 0.999946 0.506085
vt 0.997022 0.510285
vt 0.997022 0.503947
vt 0.913917 0.220876
vt 0.912698 0.199592
vt 0.941683 0.643831
vt 0.937955 0.650208
vt 0.922820 0.643831
vt 0.798105 0.979935
vt 0.804062 0.979819
vt 0.802668 0.986238
vt 0.806655 0.982512
vt 0.586012 0.966245
vt 0.592619 0.965515
vt 0.586201 0.969178
vt 0.955013 0.064094
vt 0.593223 0.971541
vt 0.595323 0.969718
vt 0.488917 0.491086
vt 0.490332 0.476263
vt 0.828674 0.277917
vt 0.850392 0.278776
vt 0.763233 0.890469
vt 0.819983 0.255859
vt 0.853460 0.264394
vt 0.759925 0.864440
vt 0.028085 0.821343
vt 0.024377 0.827724
vt 0.022110 0.825072
vt 0.024887 0.819307
vt 0.853284 0.222732
vt 0.990392 0.496685
vt 0.985970 0.497455
vt 0.985713 0.488451
vt 0.989743 0.328090
vt 0.987383 0.333043
vt 0.981562 0.323643
vt 0.833050 0.204466
vt 0.981411 0.489621
vt 0.664918 0.489541
vt 0.849233 0.197153
vt 0.854201 0.172824
vt 0.702623 0.730518
vt 0.695353 0.733101
vt 0.866947 0.119225
vt 0.999015 0.867889
vt 0.994385 0.875049
vt 0.213384 0.931245
vt 0.491022 0.664912
vt 0.489421 0.655762
vt 0.549617 0.787885
vt 0.694512 0.609545
vt 0.632780 0.975531
vt 0.459778 0.999661
vt 0.459778 0.990212
vt 0.462967 0.994362
vt 0.017286 0.784514
vt 0.524118 0.773497
vt 0.766950 0.570331
vt 0.951759 0.553943
vt 0.954430 0.551954
vt 0.954430 0.557712
vt 0.770092 0.186237
vt 0.800986 0.186383
vt 0.798884 0.522884
vt 0.765638 0.147152
vt 0.275870 0.706852
vt 0.758957 0.070491
vt 0.940594 0.188277
vt 0.818205 0.055279
vt 0.747227 0.428198
vt 0.971703 0.575458
vt 0.746418 0.419906
vt 0.574083 0.669739
vt 0.760383 0.032529
vt 0.299409 0.836563
vt 0.305779 0.829935
vt 0.744132 0.023985
vt 0.754496 0.025533
vt 0.749945 0.033143
vt 0.754496 0.017443
vt 0.371668 0.899175
vt 0.310192 0.792535
vt 0.107829 0.449393
vt 0.401854 0.147844
vt 0.407354 0.142429
vt 0.400650 0.126570
vt 0.304453 0.131017
vt 0.213585 0.733072
vt 0.214669 0.727647
vt 0.217250 0.736555
vt 0.403204 0.099449
vt 0.067017 0.772981
vt 0.064109 0.755040
vt 0.069701 0.757026
vt 0.179277 0.639147
vt 0.768458 0.317911
vt 0.765272 0.295764
vt 0.625743 0.217213
vt 0.443945 0.690639
vt 0.619748 0.135534
vt 0.880229 0.078781
vt 0.530263 0.996695
vt 0.524771 0.992966
vt 0.530263 0.987346
vt 0.633180 0.238470
vt 0.632077 0.251178
vt 0.879938 0.016506
vt 0.988702 0.446470
vt 0.995402 0.445551
vt 0.995054 0.448925
vt 0.640866 0.241190
vt 0.420977 0.774548
vt 0.432713 0.774346
vt 0.421398 0.783241
vt 0.245928 0.997376
vt 0.242343 0.992129
vt 0.245643 0.991614
vt 0.982975 0.953389
vt 0.648141 0.239849
vt 0.647387 0.252772
vt 0.274982 0.841223
vt 0.280242 0.838376
vt 0.280522 0.827696
vt 0.275488 0.822966
vt 0.241292 0.997376
vt 0.416976 0.773684
vt 0.649689 0.245228
vt 0.422047 0.822536
vt 0.417477 0.799755
vt 0.646298 0.156284
vt 0.413731 0.656760
vt 0.647586 0.150283
vt 0.018473 0.994166
vt 0.014975 0.999134
vt 0.014975 0.990913
vt 0.508715 0.997422
vt 0.508715 0.987346
vt 0.513597 0.989420
vt 0.405898 0.691651
vt 0.462018 0.972646
vt 0.940107 0.653980
vt 0.937934 0.653235
vt 0.940659 0.648920
vt 0.177302 0.931283
vt 0.185304 0.941907
vt 0.175786 0.938508
vt 0.247518 0.600003
vt 0.247518 0.591863
vt 0.251354 0.597867
vt 0.190903 0.933996
vt 0.251732 0.592217
vt 0.799028 0.988570
vt 0.133658 0.941573
vt 0.585387 0.995962
vt 0.586668 0.998468
vt 0.583069 0.999266
vt 0.952477 0.058684
vt 0.315773 0.886889
vt 0.481572 0.415023
vt 0.464769 0.857058
vt 0.790421 0.890458
vt 0.049258 0.834304
vt 0.053211 0.826553
vt 0.059731 0.831707
vt 0.854884 0.245409
vt 0.007146 0.822337
vt 0.008532 0.828771
vt 0.790402 0.835259
vt 0.517113 0.753585
vt 0.518882 0.740759
vt 0.523760 0.752774
vt 0.763229 0.819719
vt 0.786372 0.819970
vt 0.823591 0.160781
vt 0.695429 0.762504
vt 0.493580 0.737387
vt 0.526806 0.665952
vt 0.527044 0.680747
vt 0.699913 0.405949
vt 0.525449 0.647314
vt 0.693698 0.679561
vt 0.998520 0.874863
vt 0.595634 0.602456
vt 0.480214 0.640705
vt 0.008892 0.996940
vt 0.011050 0.989254
vt 0.011551 0.995138
vt 0.947838 0.401974
vt 0.936664 0.401897
vt 0.801730 0.188747
vt 0.676101 0.953184
vt 0.805318 0.165735
vt 0.805632 0.469207
vt 0.806162 0.494325
vt 0.819983 0.085358
vt 0.962807 0.184515
vt 0.093758 0.559837
vt 0.977510 0.575644
vt 0.819343 0.033601
vt 0.577615 0.676509
vt 0.576950 0.667805
vt 0.809591 0.390518
vt 0.371620 0.912401
vt 0.372854 0.891725
vt 0.939939 0.071178
vt 0.927912 0.080447
vt 0.923944 0.073566
vt 0.315310 0.715049
vt 0.301505 0.163367
vt 0.980152 0.234694
vt 0.987190 0.241919
vt 0.979603 0.240951
vt 0.972712 0.233632
vt 0.401191 0.120177
vt 0.399271 0.115291
vt 0.308876 0.124407
vt 0.896880 0.984569
vt 0.884934 0.980121
vt 0.890403 0.976357
vt 0.991034 0.572613
vt 0.997103 0.557883
vt 0.997103 0.579889
vt 0.074882 0.696143
vt 0.064656 0.678628
vt 0.072764 0.672809
vt 0.068745 0.661290
vt 0.064109 0.632384
vt 0.073304 0.643791
vt 0.443337 0.740192
vt 0.072701 0.631058
vt 0.615787 0.163211
vt 0.615682 0.160529
vt 0.068852 0.748678
vt 0.066454 0.726684
vt 0.072072 0.736182
vt 0.923944 0.160715
vt 0.928326 0.156610
vt 0.932284 0.168576
vt 0.751878 0.924586
vt 0.070017 0.719828
vt 0.068045 0.709155
vt 0.075613 0.712991
vt 0.615947 0.119545
vt 0.433685 0.783916
vt 0.437944 0.775514
vt 0.630165 0.248602
vt 0.438042 0.762936
vt 0.990860 0.440826
vt 0.994099 0.439972
vt 0.418529 0.868945
vt 0.420547 0.861807
vt 0.425050 0.859532
vt 0.981627 0.957319
vt 0.424855 0.855290
vt 0.646806 0.289203
vt 0.649927 0.299655
vt 0.645341 0.303005
vt 0.649866 0.314520
vt 0.647732 0.322907
vt 0.420999 0.832821
vt 0.424282 0.830116
vt 0.951691 0.769016
vt 0.954593 0.759111
vt 0.957751 0.772657
vt 0.416078 0.782658
vt 0.416098 0.827200
vt 0.995154 0.412178
vt 0.990028 0.408689
vt 0.993095 0.405722
vt 0.651846 0.220578
vt 0.952510 0.748637
vt 0.951091 0.711281
vt 0.954097 0.707885
vt 0.922722 0.319115
vt 0.927974 0.310077
vt 0.925849 0.323870
vt 0.644692 0.123379
vt 0.647260 0.162704
vt 0.921453 0.307756
vt 0.997720 0.510285
vt 0.997720 0.525315
vt 0.992109 0.517396
vt 0.649855 0.159359
vt 0.923034 0.274701
vt 0.915967 0.273606
vt 0.654395 0.200411
vt 0.953606 0.682143
vt 0.953189 0.698972
vt 0.947821 0.698377
vt 0.655987 0.155922
vt 0.834612 0.958954
vt 0.835116 0.953227
vt 0.845870 0.949214
vt 0.462888 0.963825
vt 0.464395 0.961098
vt 0.566080 0.774648
vt 0.564272 0.775925
vt 0.564272 0.770880
vt 0.173503 0.947049
vt 0.171472 0.938644
vt 0.254441 0.605446
vt 0.934731 0.654641
vt 0.903336 0.370858
vt 0.906995 0.369920
vt 0.951070 0.551954
vt 0.951759 0.555333
vt 0.947622 0.551954
vt 0.897988 0.359254
vt 0.924273 0.651722
vt 0.130591 0.946081
vt 0.804884 0.991893
vt 0.583111 0.995817
vt 0.265981 0.590932
vt 0.591504 0.976545
vt 0.583885 0.978557
vt 0.957666 0.061862
vt 0.513902 0.866324
vt 0.465762 0.393848
vt 0.492440 0.857867
vt 0.478017 0.854870
vt 0.332523 0.955334
vt 0.317960 0.942960
vt 0.341265 0.951618
vt 0.822679 0.278578
vt 0.047911 0.827329
vt 0.043920 0.834121
vt 0.035335 0.827668
vt 0.100199 0.830001
vt 0.095642 0.839185
vt 0.092049 0.835825
vt 0.112398 0.835525
vt 0.913915 0.664454
vt 0.901358 0.664336
vt 0.913671 0.655162
vt 0.822152 0.219403
vt 0.794995 0.834715
vt 0.857472 0.218497
vt 0.003112 0.831201
vt 0.992403 0.337195
vt 0.001859 0.821304
vt 0.666577 0.506850
vt 0.824022 0.198672
vt 0.825640 0.212077
vt 0.853157 0.210836
vt 0.789771 0.805826
vt 0.854353 0.192575
vt 0.697977 0.672340
vt 0.205088 0.941103
vt 0.022445 0.792706
vt 0.034526 0.935846
vt 0.039052 0.934287
vt 0.631711 0.965638
vt 0.517805 0.779689
vt 0.765891 0.189047
vt 0.930800 0.395934
vt 0.738103 0.329493
vt 0.744053 0.337703
vt 0.743384 0.364282
vt 0.815959 0.114925
vt 0.740084 0.271273
vt 0.746292 0.293740
vt 0.743866 0.307296
vt 0.744900 0.270765
vt 0.280182 0.716615
vt 0.119837 0.996199
vt 0.205169 0.822560
vt 0.200157 0.814407
vt 0.207488 0.814407
vt 0.738353 0.237835
vt 0.746176 0.248748
vt 0.756122 0.046435
vt 0.742800 0.236642
vt 0.096265 0.521673
vt 0.744348 0.425337
vt 0.741496 0.230031
vt 0.746292 0.232673
vt 0.747375 0.040108
vt 0.737104 0.029158
vt 0.306597 0.835875
vt 0.740018 0.015275
vt 0.744097 0.002765
vt 0.946110 0.085555
vt 0.313272 0.733359
vt 0.983665 0.743735
vt 0.980230 0.747769
vt 0.975303 0.745875
vt 0.972678 0.225796
vt 0.299392 0.156065
vt 0.303462 0.145024
vt 0.203600 0.726593
vt 0.726914 0.975501
vt 0.379333 0.979406
vt 0.362973 0.981991
vt 0.379646 0.972984
vt 0.181599 0.663647
vt 0.365932 0.970051
vt 0.072568 0.773854
vt 0.072447 0.753615
vt 0.877610 0.157274
vt 0.883507 0.131183
vt 0.883287 0.157376
vt 0.065532 0.751012
vt 0.778275 0.323304
vt 0.762248 0.242399
vt 0.908235 0.948735
vt 0.879670 0.120613
vt 0.615148 0.142602
vt 0.613340 0.127459
vt 0.752563 0.240295
vt 0.752802 0.890469
vt 0.759299 0.891828
vt 0.628680 0.247749
vt 0.878063 0.085699
vt 0.881765 0.087781
vt 0.881003 0.090931
vt 0.883141 0.092464
vt 0.878815 0.098334
vt 0.881942 0.043511
vt 0.754676 0.943061
vt 0.814408 0.744948
vt 0.814408 0.762780
vt 0.810813 0.753261
vt 0.882043 0.021297
vt 0.880820 0.020472
vt 0.988702 0.441418
vt 0.427433 0.857299
vt 0.425091 0.868223
vt 0.647963 0.335259
vt 0.645230 0.324978
vt 0.653448 0.334151
vt 0.951282 0.803858
vt 0.954680 0.803153
vt 0.955072 0.828794
vt 0.951926 0.795990
vt 0.653027 0.284611
vt 0.653725 0.292929
vt 0.956156 0.783363
vt 0.946608 0.771357
vt 0.955522 0.772043
vt 0.946466 0.760111
vt 0.951254 0.756266
vt 0.652296 0.242222
vt 0.310624 0.949787
vt 0.302557 0.946167
vt 0.309180 0.942222
vt 0.949416 0.784772
vt 0.297677 0.937700
vt 0.307886 0.930924
vt 0.412461 0.668247
vt 0.960950 0.357196
vt 0.957460 0.339877
vt 0.962803 0.342897
vt 0.982985 0.135783
vt 0.987936 0.135553
vt 0.987936 0.140815
vt 0.649766 0.152903
vt 0.412452 0.734061
vt 0.417001 0.980909
vt 0.418192 0.986036
vt 0.411447 0.987492
vt 0.911214 0.261214
vt 0.843863 0.940622
vt 0.332429 0.986522
vt 0.331828 0.978666
vt 0.343559 0.980900
vt 0.945389 0.675080
vt 0.950686 0.670494
vt 0.467429 0.967215
vt 0.827215 0.960238
vt 0.464878 0.942182
vt 0.932168 0.660902
vt 0.929659 0.659971
vt 0.251558 0.606669
vt 0.800925 0.991673
vt 0.946688 0.557632
vt 0.258912 0.601920
vt 0.603765 0.983995
vt 0.603028 0.980341
vt 0.609825 0.985230
vt 0.466931 0.928965
vt 0.610699 0.981590
vt 0.945014 0.058353
vt 0.588209 0.993111
vt 0.549255 0.336100
vt 0.556455 0.338734
vt 0.548418 0.339632
vt 0.453909 0.921250
vt 0.465623 0.918842
vt 0.494798 0.492340
vt 0.491525 0.504668
vt 0.309498 0.886499
vt 0.492592 0.465683
vt 0.313378 0.847517
vt 0.982711 0.395518
vt 0.979105 0.403783
vt 0.968922 0.382656
vt 0.005948 0.933075
vt 0.002354 0.943585
vt 0.001532 0.940005
vt 0.014283 0.928804
vt 0.033308 0.835119
vt 0.654256 0.525111
vt 0.661340 0.513237
vt 0.657567 0.536112
vt 0.919436 0.659898
vt 0.523571 0.761632
vt 0.992109 0.509948
vt 0.987382 0.508376
vt 0.665290 0.516803
vt 0.695212 0.789908
vt 0.688661 0.784273
vt 0.677380 0.450805
vt 0.680379 0.470941
vt 0.672998 0.474908
vt 0.687056 0.441487
vt 0.684045 0.426287
vt 0.695471 0.425913
vt 0.534402 0.659641
vt 0.278757 0.796456
vt 0.274982 0.789816
vt 0.278702 0.790823
vt 0.683382 0.997361
vt 0.605978 0.611764
vt 0.485331 0.677879
vt 0.025896 0.802270
vt 0.599713 0.551486
vt 0.014975 0.987717
vt 0.595883 0.537180
vt 0.591407 0.531696
vt 0.672373 0.955653
vt 0.764197 0.167217
vt 0.577890 0.479477
vt 0.587490 0.491344
vt 0.586895 0.507168
vt 0.738173 0.303875
vt 0.810670 0.145619
vt 0.088187 0.572051
vt 0.086695 0.569017
vt 0.086800 0.562885
vt 0.961469 0.189728
vt 0.568084 0.415447
vt 0.579008 0.426304
vt 0.577145 0.442332
vt 0.566208 0.396615
vt 0.570596 0.394681
vt 0.741970 0.051349
vt 0.575333 0.661073
vt 0.814477 0.400847
vt 0.375542 0.908224
vt 0.996189 0.044664
vt 0.996189 0.034483
vt 0.999382 0.038147
vt 0.967332 0.243043
vt 0.966754 0.250186
vt 0.960524 0.241919
vt 0.200274 0.894005
vt 0.202593 0.877473
vt 0.207261 0.881867
vt 0.969276 0.921455
vt 0.962986 0.913070
vt 0.970832 0.914582
vt 0.208897 0.720004
vt 0.913861 0.954611
vt 0.875153 0.171503
vt 0.886448 0.173859
vt 0.773837 0.306802
vt 0.075944 0.727794
vt 0.935725 0.154785
vt 0.936370 0.160109
vt 0.929682 0.145074
vt 0.886194 0.108088
vt 0.887564 0.073882
vt 0.753951 0.931312
vt 0.754133 0.952890
vt 0.883920 0.006297
vt 0.652867 0.325526
vt 0.983352 0.018651
vt 0.980219 0.007569
vt 0.982226 0.000000
vt 0.616726 0.997301
vt 0.613983 0.999405
vt 0.613983 0.992018
vt 0.980158 0.029304
vt 0.983352 0.031282
vt 0.946063 0.789301
vt 0.307339 0.956646
vt 0.297890 0.954122
vt 0.945542 0.749998
vt 0.564323 0.698411
vt 0.564323 0.688453
vt 0.566086 0.692455
vt 0.989246 0.356862
vt 0.990508 0.359977
vt 0.983706 0.364101
vt 0.299460 0.941477
vt 0.870808 0.293820
vt 0.868078 0.297457
vt 0.867642 0.290435
vt 0.947228 0.746888
vt 0.655811 0.240261
vt 0.822589 0.999234
vt 0.822589 0.993705
vt 0.825919 0.995034
vt 0.920074 0.294113
vt 0.538778 0.370923
vt 0.540585 0.355144
vt 0.943336 0.713166
vt 0.729356 0.949771
vt 0.740418 0.947368
vt 0.741505 0.960805
vt 0.730765 0.957053
vt 0.987825 0.847048
vt 0.983726 0.854765
vt 0.976272 0.849033
vt 0.907022 0.376497
vt 0.241292 0.973528
vt 0.244030 0.973051
vt 0.244285 0.977321
vt 0.798105 0.993204
vt 0.136181 0.946442
vt 0.908516 0.186158
vt 0.263024 0.597268
vt 0.280345 0.943226
vt 0.276675 0.946259
vt 0.583069 0.985891
vt 0.302043 0.912614
vt 0.301657 0.908931
vt 0.956462 0.057365
vt 0.494174 0.482949
vt 0.305618 0.894897
vt 0.967977 0.402251
vt 0.333398 0.943591
vt 0.326338 0.936303
vt 0.316342 0.931393
vt 0.866577 0.659713
vt 0.879529 0.653887
vt 0.878171 0.663880
vt 0.351211 0.958905
vt 0.357221 0.944005
vt 0.361300 0.957318
vt 0.888015 0.659692
vt 0.895612 0.652382
vt 0.447369 0.676237
vt 0.446228 0.662300
vt 0.449774 0.670746
vt 0.362973 0.940915
vt 0.021540 0.833917
vt 0.104132 0.973426
vt 0.106245 0.971464
vt 0.917187 0.652246
vt 0.992571 0.347055
vt 0.988152 0.342580
vt 0.526035 0.737855
vt 0.531416 0.743181
vt 0.758397 0.807578
vt 0.672589 0.490077
vt 0.498726 0.809366
vt 0.491808 0.771128
vt 0.501450 0.775164
vt 0.687355 0.763430
vt 0.692604 0.702596
vt 0.487700 0.727553
vt 0.539493 0.664320
vt 0.488835 0.706732
vt 0.275250 0.770734
vt 0.687315 0.679464
vt 0.229688 0.944949
vt 0.541843 0.799043
vt 0.602502 0.565256
vt 0.517550 0.783882
vt 0.940371 0.405828
vt 0.587197 0.523826
vt 0.592799 0.525415
vt 0.585935 0.526436
vt 0.591625 0.528738
vt 0.741118 0.165692
vt 0.747184 0.185382
vt 0.740180 0.183474
vt 0.737444 0.365286
vt 0.733937 0.340236
vt 0.803597 0.538119
vt 0.978695 0.127601
vt 0.968495 0.140027
vt 0.975683 0.127435
vt 0.930312 0.196586
vt 0.733424 0.256972
vt 0.812344 0.435786
vt 0.972976 0.581140
vt 0.968885 0.581523
vt 0.737894 0.231509
vt 0.975667 0.580140
vt 0.575054 0.404755
vt 0.577223 0.661691
vt 0.570646 0.659098
vt 0.316550 0.833382
vt 0.000000 0.641049
vt 0.004499 0.637616
vt 0.011906 0.648659
vt 0.377328 0.897677
vt 0.319729 0.753052
vt 0.251658 0.999248
vt 0.249124 0.996325
vt 0.251658 0.993956
vt 0.967759 0.222855
vt 0.299492 0.147501
vt 0.209192 0.897006
vt 0.204135 0.872846
vt 0.207490 0.878523
vt 0.976327 0.923562
vt 0.203377 0.733261
vt 0.886696 0.967918
vt 0.881140 0.967115
vt 0.200454 0.862621
vt 0.204099 0.857462
vt 0.211543 0.865595
vt 0.970465 0.665484
vt 0.968885 0.654796
vt 0.979049 0.666514
vt 0.979049 0.655308
vt 0.195989 0.705160
vt 0.188801 0.685698
vt 0.081619 0.669659
vt 0.773297 0.290690
vt 0.999583 0.250620
vt 0.999583 0.256231
vt 0.997264 0.251603
vt 0.070055 0.793921
vt 0.068784 0.812589
vt 0.077371 0.809196
vt 0.073220 0.828703
vt 0.067173 0.830001
vt 0.069704 0.824123
vt 0.052796 0.972872
vt 0.059731 0.978992
vt 0.054985 0.979401
vt 0.892050 0.067963
vt 0.892812 0.053719
vt 0.544477 0.862043
vt 0.542188 0.869976
vt 0.542188 0.859812
vt 0.757056 0.932427
vt 0.757796 0.956105
vt 0.753399 0.955222
vt 0.756599 0.964389
vt 0.954094 0.834272
vt 0.948496 0.819112
vt 0.988725 0.399272
vt 0.992099 0.993640
vt 0.992796 0.986633
vt 0.997773 0.996449
vt 0.960523 0.289940
vt 0.955736 0.288426
vt 0.959489 0.282538
vt 0.963190 0.378819
vt 0.956033 0.374659
vt 0.952737 0.346728
vt 0.962425 0.332823
vt 0.533132 0.367347
vt 0.941047 0.708254
vt 0.411364 0.972836
vt 0.935904 0.666682
vt 0.823326 0.955693
vt 0.837038 0.938358
vt 0.904063 0.213711
vt 0.242684 0.979721
vt 0.184495 0.949081
vt 0.997859 0.561647
vt 0.999263 0.564633
vt 0.997103 0.564609
vt 0.551371 0.345547
vt 0.544940 0.347796
vt 0.380444 0.831505
vt 0.384956 0.836256
vt 0.380256 0.836256
vt 0.258971 0.606956
vt 0.254234 0.609617
vt 0.985224 0.323424
vt 0.988834 0.317825
vt 0.993209 0.317473
vt 0.999263 0.557883
vt 0.508919 0.924232
vt 0.512640 0.919598
vt 0.512981 0.922263
vt 0.908919 0.173859
vt 0.517269 0.918841
vt 0.280418 0.939005
vt 0.893129 0.347686
vt 0.891571 0.332611
vt 0.595594 0.981162
vt 0.587319 0.985781
vt 0.310917 0.871187
vt 0.495209 0.452212
vt 0.484299 0.404924
vt 0.456677 0.860512
vt 0.011759 0.940236
vt 0.015336 0.939552
vt 0.025667 0.932450
vt 0.335681 0.940874
vt 0.056784 0.840184
vt 0.361086 0.971528
vt 0.349566 0.963664
vt 0.009191 0.835584
vt 0.667106 0.524047
vt 0.913861 0.937805
vt 0.919740 0.939265
vt 0.916697 0.945858
vt 0.677262 0.516807
vt 0.676826 0.497975
vt 0.503478 0.821644
vt 0.496622 0.824666
vt 0.694074 0.797447
vt 0.686003 0.799055
vt 0.523092 0.720172
vt 0.531149 0.722464
vt 0.524109 0.700994
vt 0.689343 0.458280
vt 0.538194 0.683488
vt 0.988616 0.887138
vt 0.993703 0.886828
vt 0.689144 0.669186
vt 0.237461 0.943805
vt 0.476202 0.664541
vt 0.698708 0.600945
vt 0.032850 0.928804
vt 0.513564 0.775894
vt 0.008892 0.984430
vt 0.809666 0.556843
vt 0.738039 0.121369
vt 0.745362 0.147702
vt 0.746670 0.117284
vt 0.730402 0.285831
vt 0.737092 0.084702
vt 0.747547 0.093373
vt 0.009400 0.699251
vt 0.019215 0.710168
vt 0.013581 0.719896
vt 0.744576 0.074546
vt 0.190925 0.926848
vt 0.193146 0.920755
vt 0.193146 0.928690
vt 0.999790 0.092234
vt 0.997095 0.088780
vt 0.999790 0.085964
vt 0.735406 0.049760
vt 0.736271 0.001627
vt 0.973698 0.753249
vt 0.409819 0.143329
vt 0.805762 0.890469
vt 0.814307 0.890521
vt 0.800404 0.900707
vt 0.199305 0.719652
vt 0.185412 0.682248
vt 0.379795 0.961271
vt 0.080398 0.772538
vt 0.174004 0.647307
vt 0.780527 0.332824
vt 0.910002 0.954371
vt 0.888718 0.149216
vt 0.082063 0.633026
vt 0.938973 0.171705
vt 0.765182 0.906611
vt 0.892625 0.089593
vt 0.059365 0.988986
vt 0.891361 0.080163
vt 0.759491 0.940619
vt 0.760928 0.932066
vt 0.886951 0.029307
vt 0.887747 0.011703
vt 0.739871 0.381720
vt 0.742512 0.375835
vt 0.746073 0.380574
vt 0.974228 0.000982
vt 0.991734 0.393274
vt 0.995873 0.985923
vt 0.300842 0.927205
vt 0.870808 0.289128
vt 0.939069 0.755240
vt 0.533792 0.336100
vt 0.911215 0.308372
vt 0.912998 0.300649
vt 0.955749 0.330833
vt 0.959777 0.329274
vt 0.953300 0.328352
vt 0.963190 0.323643
vt 0.350956 0.994007
vt 0.347170 0.990101
vt 0.350956 0.984532
vt 0.905754 0.247429
vt 0.859778 0.936403
vt 0.845870 0.936014
vt 0.470027 0.960345
vt 0.138020 0.947095
vt 0.137645 0.953089
vt 0.901492 0.379523
vt 0.892956 0.374494
vt 0.926870 0.664250
vt 0.545552 0.355703
vt 0.247586 0.977154
vt 0.923999 0.660757
vt 0.924829 0.656060
vt 0.257343 0.611634
vt 0.260291 0.614053
vt 0.258028 0.614769
vt 0.814477 0.287600
vt 0.817557 0.282557
vt 0.823745 0.286303
vt 0.514524 0.924384
vt 0.508890 0.929407
vt 0.903142 0.191503
vt 0.297524 0.911015
vt 0.121238 0.698956
vt 0.124447 0.700477
vt 0.121158 0.701507
vt 0.515019 0.923938
vt 0.610327 0.968754
vt 0.877125 0.859072
vt 0.881140 0.855279
vt 0.878419 0.861430
vt 0.799613 0.979481
vt 0.798105 0.967796
vt 0.806336 0.979819
vt 0.496101 0.467574
vt 0.485362 0.391361
vt 0.021311 0.946577
vt 0.076467 0.835127
vt 0.075705 0.846059
vt 0.032471 0.841437
vt 0.666799 0.520479
vt 0.489949 0.811517
vt 0.684459 0.746617
vt 0.705044 0.413320
vt 0.279836 0.783553
vt 0.480757 0.705665
vt 0.613459 0.595347
vt 0.599069 0.529066
vt 0.667918 0.949703
vt 0.939760 0.409577
vt 0.280336 0.912636
vt 0.280336 0.924067
vt 0.276639 0.918922
vt 0.806706 0.567284
vt 0.729666 0.364862
vt 0.593849 0.491974
vt 0.018005 0.753942
vt 0.022119 0.744485
vt 0.028523 0.772422
vt 0.729136 0.305353
vt 0.582278 0.466617
vt 0.574116 0.453616
vt 0.964617 0.196908
vt 0.728816 0.235453
vt 0.969890 0.588935
vt 0.974716 0.584781
vt 0.733878 0.230949
vt 0.085420 0.529864
vt 0.449798 0.382655
vt 0.446218 0.378060
vt 0.450547 0.378060
vt 0.997590 0.660737
vt 0.993643 0.666223
vt 0.385132 0.906940
vt 0.317981 0.821424
vt 0.092465 0.501359
vt 0.731409 0.014811
vt 0.380496 0.894090
vt 0.096731 0.475810
vt 0.977820 0.752759
vt 0.981782 0.749648
vt 0.967607 0.750465
vt 0.215557 0.897913
vt 0.970439 0.251922
vt 0.972301 0.247714
vt 0.212859 0.875856
vt 0.812976 0.899101
vt 0.205260 0.867886
vt 0.214262 0.869940
vt 0.888921 0.966327
vt 0.079968 0.757471
vt 0.893161 0.163772
vt 0.079763 0.754558
vt 0.086009 0.662382
vt 0.771119 0.256455
vt 0.082083 0.734543
vt 0.944475 0.151721
vt 0.937679 0.138572
vt 0.948458 0.140110
vt 0.909527 0.960235
vt 0.906911 0.949346
vt 0.081489 0.721058
vt 0.340922 0.996542
vt 0.340922 0.986522
vt 0.347060 0.988223
vt 0.891114 0.118285
vt 0.893410 0.094023
vt 0.766577 0.918181
vt 0.765433 0.928748
vt 0.892198 0.988163
vt 0.894138 0.984569
vt 0.894138 0.993066
vt 0.891239 0.038562
vt 0.759727 0.960325
vt 0.576696 0.988520
vt 0.580855 0.996588
vt 0.575565 0.996588
vt 0.948261 0.833405
vt 0.946990 0.804744
vt 0.976222 0.029752
vt 0.974808 0.005585
vt 0.981501 0.034939
vt 0.596598 0.375447
vt 0.600749 0.381564
vt 0.592614 0.381085
vt 0.939898 0.769158
vt 0.952622 0.282507
vt 0.284546 0.926379
vt 0.939302 0.745974
vt 0.420158 0.972188
vt 0.420379 0.983963
vt 0.920589 0.303781
vt 0.909274 0.274099
vt 0.949389 0.337628
vt 0.340773 0.970382
vt 0.936142 0.685440
vt 0.469385 0.972438
vt 0.898990 0.243441
vt 0.899513 0.234850
vt 0.981132 0.867026
vt 0.818579 0.296326
vt 0.814817 0.295132
vt 0.968663 0.853268
vt 0.969482 0.849600
vt 0.743909 0.995553
vt 0.742898 0.999133
vt 0.740540 0.998913
vt 0.991342 0.167713
vt 0.991342 0.162860
vt 0.994481 0.164555
vt 0.246573 0.981936
vt 0.819893 0.985735
vt 0.816926 0.981902
vt 0.821461 0.982247
vt 0.740540 0.993436
vt 0.898152 0.203905
vt 0.190412 0.948977
vt 0.502822 0.928332
vt 0.901976 0.178107
vt 0.558854 0.351779
vt 0.744149 0.848668
vt 0.741803 0.839701
vt 0.744149 0.835546
vt 0.580855 0.985891
vt 0.939941 0.046945
vt 0.560852 0.340906
vt 0.121732 0.706872
vt 0.120177 0.708588
vt 0.106115 0.969650
vt 0.108707 0.966638
vt 0.113303 0.968183
vt 0.112439 0.971464
vt 0.256686 0.994009
vt 0.253633 0.999538
vt 0.253633 0.993956
vt 0.119837 0.955112
vt 0.116474 0.956522
vt 0.112437 0.958359
vt 0.105078 0.956637
vt 0.996958 0.777683
vt 0.999565 0.782465
vt 0.996958 0.786143
vt 0.806406 0.963105
vt 0.502105 0.872178
vt 0.479171 0.863373
vt 0.010348 0.944468
vt 0.030056 0.943130
vt 0.803268 0.381777
vt 0.793575 0.381777
vt 0.795426 0.377415
vt 0.317081 0.924583
vt 0.799662 0.376101
vt 0.868756 0.649447
vt 0.347060 0.971610
vt 0.353685 0.979995
vt 0.449454 0.681686
vt 0.026836 0.844797
vt 0.668012 0.543026
vt 0.107516 0.843754
vt 0.922699 0.950944
vt 0.677770 0.521964
vt 0.533483 0.754493
vt 0.679602 0.779722
vt 0.537293 0.706985
vt 0.701273 0.428084
vt 0.682204 0.686238
vt 0.275277 0.780546
vt 0.681379 0.642423
vt 0.609298 0.569990
vt 0.982985 0.075253
vt 0.537854 0.789476
vt 0.532143 0.797009
vt 0.031595 0.786618
vt 0.025851 0.779278
vt 0.518996 0.790921
vt 0.733545 0.182262
vt 0.737163 0.175669
vt 0.030058 0.779843
vt 0.733887 0.160821
vt 0.726112 0.324807
vt 0.725192 0.259945
vt 0.014496 0.675797
vt 0.997538 0.665231
vt 0.384956 0.836344
vt 0.384956 0.831505
vt 0.389521 0.832156
vt 0.021145 0.658699
vt 0.575108 0.392157
vt 0.569437 0.392600
vt 0.017087 0.641329
vt 0.929978 0.088863
vt 0.215283 0.884638
vt 0.212147 0.859243
vt 0.885919 0.860038
vt 0.886580 0.869017
vt 0.881140 0.855278
vt 0.892122 0.869587
vt 0.080364 0.625621
vt 0.085194 0.701533
vt 0.944621 0.162250
vt 0.081910 0.821707
vt 0.083211 0.829206
vt 0.767856 0.892264
vt 0.890920 0.046503
vt 0.064024 0.848923
vt 0.063238 0.871502
vt 0.059937 0.857704
vt 0.891727 0.019173
vt 0.734840 0.380281
vt 0.738554 0.375352
vt 0.890929 0.008597
vt 0.890948 0.006263
vt 0.945984 0.832823
vt 0.945457 0.819732
vt 0.972477 0.024315
vt 0.940509 0.785484
vt 0.930558 0.773199
vt 0.944753 0.376260
vt 0.949161 0.362107
vt 0.345701 0.975585
vt 0.473504 0.967416
vt 0.473749 0.971163
vt 0.474986 0.963716
vt 0.968047 0.856705
vt 0.549959 0.360159
vt 0.877948 0.885187
vt 0.871135 0.876536
vt 0.880893 0.882697
vt 0.241292 0.987513
vt 0.893657 0.380597
vt 0.886925 0.368845
vt 0.595594 0.978300
vt 0.519878 0.932356
vt 0.520641 0.929560
vt 0.977363 0.326275
vt 0.973345 0.337061
vt 0.971532 0.323643
vt 0.966000 0.329876
vt 0.610699 0.992018
vt 0.613983 0.994919
vt 0.610699 0.998938
vt 0.873450 0.865887
vt 0.881406 0.345548
vt 0.101357 0.965730
vt 0.566795 0.342222
vt 0.605426 0.967473
vt 0.814307 0.979123
vt 0.954550 0.044973
vt 0.958824 0.051307
vt 0.594831 0.985891
vt 0.109572 0.946580
vt 0.301512 0.881385
vt 0.301078 0.867405
vt 0.306289 0.859096
vt 0.536493 0.875694
vt 0.482109 0.384346
vt 0.865943 0.656058
vt 0.013401 0.951035
vt 0.901497 0.989123
vt 0.905983 0.992224
vt 0.328255 0.941329
vt 0.573836 0.371489
vt 0.583101 0.375689
vt 0.575041 0.375418
vt 0.144759 0.996949
vt 0.140911 0.996232
vt 0.147081 0.986969
vt 0.145058 0.983202
vt 0.905983 0.981209
vt 0.064109 0.847729
vt 0.065595 0.836534
vt 0.797273 0.367418
vt 0.804895 0.381528
vt 0.801772 0.367851
vt 0.140911 0.983205
vt 0.882919 0.642534
vt 0.446228 0.687993
vt 0.003751 0.847255
vt 0.532572 0.759829
vt 0.676223 0.792159
vt 0.538048 0.725699
vt 0.483430 0.768188
vt 0.680926 0.702779
vt 0.615846 0.615484
vt 0.991699 0.071178
vt 0.681517 0.632417
vt 0.683388 0.625387
vt 0.022423 0.819263
vt 0.034682 0.811830
vt 0.473998 0.649322
vt 0.963276 0.408846
vt 0.952526 0.412967
vt 0.033184 0.797222
vt 0.074105 0.554598
vt 0.392394 0.993146
vt 0.391547 0.998272
vt 0.388442 0.996718
vt 0.531122 0.382566
vt 0.529697 0.378269
vt 0.532430 0.378269
vt 0.578020 0.655794
vt 0.324768 0.827248
vt 0.385869 0.899387
vt 0.326205 0.718049
vt 0.979531 0.757454
vt 0.975638 0.756982
vt 0.449333 0.984461
vt 0.446179 0.981659
vt 0.449333 0.972041
vt 0.215968 0.879770
vt 0.999415 0.034483
vt 0.996189 0.026399
vt 0.999415 0.024390
vt 0.807707 0.906830
vt 0.217661 0.876157
vt 0.208131 0.848022
vt 0.200274 0.830790
vt 0.215203 0.829507
vt 0.172555 0.681792
vt 0.932676 0.977335
vt 0.938766 0.983551
vt 0.930120 0.983591
vt 0.771813 0.240384
vt 0.763708 0.950837
vt 0.763931 0.934706
vt 0.891401 0.025615
vt 0.922891 0.994691
vt 0.919957 0.998624
vt 0.919957 0.988301
vt 0.059937 0.845500
vt 0.450118 0.937868
vt 0.446182 0.929823
vt 0.450118 0.927193
vt 0.738356 0.370049
vt 0.743748 0.370136
vt 0.960960 0.531111
vt 0.958363 0.529592
vt 0.960105 0.522743
vt 0.943717 0.838135
vt 0.449680 0.636100
vt 0.446237 0.634300
vt 0.449993 0.630086
vt 0.954470 0.522920
vt 0.446237 0.609482
vt 0.450118 0.615415
vt 0.941003 0.805165
vt 0.954588 0.530993
vt 0.958888 0.534360
vt 0.954470 0.556865
vt 0.939832 0.797935
vt 0.968948 0.028464
vt 0.289622 0.944384
vt 0.949187 0.287469
vt 0.946381 0.277275
vt 0.283503 0.939419
vt 0.292354 0.923664
vt 0.870587 0.282557
vt 0.995111 0.497212
vt 0.992109 0.488451
vt 0.996855 0.492432
vt 0.989581 0.369040
vt 0.906374 0.287367
vt 0.947534 0.330368
vt 0.933595 0.712521
vt 0.910857 0.318288
vt 0.845870 0.925642
vt 0.974721 0.860468
vt 0.477787 0.945475
vt 0.976335 0.996597
vt 0.978151 0.984348
vt 0.981157 0.993393
vt 0.814477 0.989499
vt 0.981627 0.984000
vt 0.511989 0.934299
vt 0.600078 0.974706
vt 0.476934 0.920390
vt 0.780704 0.995165
vt 0.778316 0.998920
vt 0.778316 0.994058
vt 0.570703 0.345615
vt 0.610699 0.965515
vt 0.812498 0.965639
vt 0.118922 0.941060
vt 0.113239 0.944140
vt 0.802987 0.950584
vt 0.799472 0.951498
vt 0.507309 0.447473
vt 0.336301 0.935628
vt 0.577892 0.380150
vt 0.952657 0.998065
vt 0.947592 0.996970
vt 0.952180 0.986654
vt 0.648790 0.900591
vt 0.650661 0.887690
vt 0.654213 0.896834
vt 0.651844 0.902404
vt 0.948027 0.986654
vt 0.645998 0.888393
vt 0.544351 0.997088
vt 0.542096 0.993315
vt 0.546610 0.994009
vt 0.902589 0.978968
vt 0.045843 0.845767
vt 0.546610 0.989452
vt 0.542727 0.989818
vt 0.987825 0.908237
vt 0.992163 0.912712
vt 0.987825 0.912941
vt 0.992285 0.908553
vt 0.010984 0.844893
vt 0.899769 0.638986
vt 0.678382 0.768200
vt 0.710617 0.416794
vt 0.992762 0.895862
vt 0.987900 0.892761
vt 0.040324 0.818778
vt 0.610908 0.562369
vt 0.604989 0.554759
vt 0.606438 0.544062
vt 0.524720 0.797898
vt 0.604888 0.536656
vt 0.948570 0.414474
vt 0.724502 0.347099
vt 0.726015 0.174603
vt 0.607152 0.524725
vt 0.031582 0.745191
vt 0.027683 0.722041
vt 0.727979 0.153389
vt 0.731056 0.093283
vt 0.591807 0.464856
vt 0.074525 0.567741
vt 0.074367 0.564739
vt 0.932187 0.209382
vt 0.941126 0.207148
vt 0.913861 0.997139
vt 0.913861 0.976767
vt 0.919957 0.985009
vt 0.025975 0.686504
vt 0.999570 0.800506
vt 0.996958 0.797718
vt 0.999570 0.794841
vt 0.974750 0.590098
vt 0.394113 0.836188
vt 0.389521 0.833725
vt 0.394113 0.831506
vt 0.583790 0.389366
vt 0.576040 0.646970
vt 0.573147 0.647969
vt 0.726032 0.016056
vt 0.097351 0.453040
vt 0.953849 0.097660
vt 0.788437 0.347292
vt 0.088345 0.757961
vt 0.897905 0.173123
vt 0.785248 0.302640
vt 0.782699 0.282648
vt 0.084631 0.726527
vt 0.774956 0.905335
vt 0.901123 0.047520
vt 0.887549 0.990410
vt 0.896444 0.039320
vt 0.768500 0.951423
vt 0.769044 0.935669
vt 0.896738 0.021709
vt 0.768052 0.965126
vt 0.763025 0.961239
vt 0.894879 0.000596
vt 0.896817 0.004797
vt 0.823023 0.279940
vt 0.819983 0.282207
vt 0.819983 0.279154
vt 0.940876 0.812807
vt 0.935265 0.760506
vt 0.417519 0.970757
vt 0.906725 0.300848
vt 0.902966 0.273301
vt 0.733085 0.968390
vt 0.944279 0.348861
vt 0.345910 0.967950
vt 0.816962 0.956382
vt 0.814477 0.944021
vt 0.826040 0.938222
vt 0.132278 0.963285
vt 0.970096 0.860212
vt 0.246165 0.988087
vt 0.890605 0.376126
vt 0.174832 0.959478
vt 0.818117 0.991503
vt 0.821461 0.989537
vt 0.249124 0.982390
vt 0.831344 0.284401
vt 0.824294 0.296061
vt 0.891638 0.181644
vt 0.633031 0.996983
vt 0.628442 0.991113
vt 0.633031 0.990682
vt 0.882975 0.359012
vt 0.110481 0.766636
vt 0.111783 0.758438
vt 0.113689 0.765593
vt 0.892219 0.855092
vt 0.892219 0.847219
vt 0.898962 0.853306
vt 0.264073 0.989423
vt 0.266622 0.996047
vt 0.264073 0.998898
vt 0.964772 0.324811
vt 0.439132 0.987629
vt 0.434652 0.982861
vt 0.440313 0.975593
vt 0.101357 0.972123
vt 0.103705 0.971464
vt 0.103705 0.975568
vt 0.863160 0.984582
vt 0.864054 0.973706
vt 0.867540 0.979792
vt 0.005715 0.987472
vt 0.006245 0.984430
vt 0.008892 0.987903
vt 0.175982 0.995745
vt 0.180673 0.987825
vt 0.180673 0.997630
vt 0.868906 0.970160
vt 0.865293 0.966948
vt 0.959885 0.046310
vt 0.679665 0.382068
vt 0.682873 0.376638
vt 0.684231 0.380176
vt 0.443440 0.966661
vt 0.446179 0.972937
vt 0.213719 0.995793
vt 0.208633 0.986177
vt 0.213450 0.986093
vt 0.102878 0.951942
vt 0.101357 0.948474
vt 0.503976 0.457364
vt 0.499744 0.424558
vt 0.573836 0.382419
vt 0.347060 0.934043
vt 0.345955 0.943822
vt 0.897809 0.985383
vt 0.993173 0.305780
vt 0.993173 0.300626
vt 0.997413 0.303270
vt 0.057293 0.850027
vt 0.469858 0.989729
vt 0.471426 0.975399
vt 0.473877 0.985757
vt 0.991386 0.135553
vt 0.988043 0.141117
vt 0.476056 0.974693
vt 0.479638 0.987011
vt 0.236066 0.979285
vt 0.241055 0.974115
vt 0.239046 0.982298
vt 0.236204 0.973051
vt 0.665783 0.556636
vt 0.661456 0.554925
vt 0.661755 0.549176
vt 0.089120 0.850850
vt 0.981562 0.356862
vt 0.534761 0.768479
vt 0.981411 0.524669
vt 0.669350 0.801684
vt 0.683652 0.500690
vt 0.476686 0.733962
vt 0.700507 0.449431
vt 0.481599 0.710930
vt 0.280499 0.777161
vt 0.605692 0.532008
vt 0.943780 0.415034
vt 0.979266 0.114759
vt 0.591814 0.437263
vt 0.967261 0.204354
vt 0.971852 0.596313
vt 0.995728 0.712026
vt 0.995728 0.706593
vt 0.999119 0.708197
vt 0.590865 0.408478
vt 0.998476 0.702973
vt 0.388442 0.990614
vt 0.719154 0.028082
vt 0.960386 0.760050
vt 0.960622 0.749423
vt 0.971268 0.931388
vt 0.193440 0.735886
vt 0.187912 0.720841
vt 0.234401 0.833598
vt 0.223517 0.826968
vt 0.176724 0.687283
vt 0.173028 0.662762
vt 0.912569 0.966020
vt 0.896351 0.148344
vt 0.084783 0.803328
vt 0.086466 0.713571
vt 0.089899 0.632675
vt 0.346584 0.995603
vt 0.896600 0.119351
vt 0.087404 0.822463
vt 0.901073 0.080330
vt 0.906871 0.069292
vt 0.952531 0.650929
vt 0.947338 0.644642
vt 0.959293 0.643831
vt 0.054979 0.987959
vt 0.898206 0.088382
vt 0.887669 0.995621
vt 0.494483 0.995437
vt 0.490950 0.999060
vt 0.490950 0.991185
vt 0.949503 0.272813
vt 0.944588 0.271733
vt 0.945423 0.249370
vt 0.988702 0.382655
vt 0.984193 0.377542
vt 0.981562 0.372616
vt 0.997773 0.979537
vt 0.931416 0.750540
vt 0.940546 0.355783
vt 0.478183 0.973383
vt 0.846824 0.945242
vt 0.896966 0.247923
vt 0.894105 0.225220
vt 0.818664 0.303542
vt 0.862601 0.885800
vt 0.870367 0.887804
vt 0.887475 0.371394
vt 0.481424 0.933858
vt 0.981627 0.998903
vt 0.815438 0.995076
vt 0.931912 0.045535
vt 0.397532 0.871247
vt 0.399610 0.868945
vt 0.399610 0.875698
vt 0.190903 0.959727
vt 0.830388 0.291911
vt 0.523896 0.936413
vt 0.890604 0.190826
vt 0.773092 0.234185
vt 0.779555 0.229849
vt 0.779555 0.236601
vt 0.810888 0.885192
vt 0.812131 0.888030
vt 0.805367 0.888666
vt 0.979532 0.335828
vt 0.007917 0.993029
vt 0.005715 0.995920
vt 0.871496 0.869794
vt 0.863968 0.870359
vt 0.119957 0.718332
vt 0.640132 0.983219
vt 0.634101 0.981722
vt 0.640237 0.979687
vt 0.945161 0.039896
vt 0.433489 0.973980
vt 0.810627 0.877292
vt 0.813971 0.885991
vt 0.634357 0.971036
vt 0.961501 0.042691
vt 0.437107 0.968534
vt 0.641122 0.971017
vt 0.635720 0.966018
vt 0.963926 0.044657
vt 0.556553 0.770880
vt 0.556553 0.778802
vt 0.554008 0.771293
vt 0.814307 0.959593
vt 0.812219 0.953935
vt 0.106868 0.941164
vt 0.808879 0.948809
vt 0.976745 0.415254
vt 0.477966 0.989729
vt 0.231818 0.987186
vt 0.241055 0.989338
vt 0.645201 0.903176
vt 0.645201 0.897522
vt 0.231789 0.982921
vt 0.074078 0.855088
vt 0.986123 0.525344
vt 0.543617 0.764284
vt 0.480857 0.824199
vt 0.544053 0.759197
vt 0.676596 0.746680
vt 0.675869 0.661897
vt 0.200274 0.950618
vt 0.471953 0.678939
vt 0.024299 0.963944
vt 0.020868 0.961334
vt 0.026670 0.959620
vt 0.518504 0.797184
vt 0.723930 0.070922
vt 0.719430 0.232745
vt 0.723836 0.231302
vt 0.977504 0.596813
vt 0.728890 0.230026
vt 0.979533 0.595054
vt 0.722632 0.226839
vt 0.024839 0.641632
vt 0.391884 0.897604
vt 0.083795 0.494112
vt 0.327636 0.788436
vt 0.976516 0.763105
vt 0.972520 0.763637
vt 0.639834 0.983218
vt 0.645159 0.989645
vt 0.639834 0.998788
vt 0.967141 0.763813
vt 0.316508 0.712748
vt 0.330637 0.716013
vt 0.972072 0.210831
vt 0.979281 0.258130
vt 0.212235 0.867972
vt 0.220249 0.868481
vt 0.888616 0.960107
vt 0.885628 0.951472
vt 0.187873 0.729724
vt 0.889730 0.876459
vt 0.365407 0.958394
vt 0.161519 0.656516
vt 0.798208 0.341734
vt 0.087356 0.753432
vt 0.923214 0.972139
vt 0.092095 0.675315
vt 0.097846 0.625530
vt 0.954669 0.141187
vt 0.953057 0.150869
vt 0.900228 0.060203
vt 0.779890 0.927973
vt 0.739988 0.365286
vt 0.746073 0.365472
vt 0.276639 0.996037
vt 0.271482 0.996037
vt 0.275329 0.991609
vt 0.986984 0.989069
vt 0.991845 0.991388
vt 0.988546 0.998096
vt 0.899832 0.295244
vt 0.943927 0.327284
vt 0.525568 0.367825
vt 0.523192 0.347342
vt 0.517859 0.337363
vt 0.742974 0.969966
vt 0.420595 0.990496
vt 0.425179 0.986950
vt 0.425179 0.998869
vt 0.338603 0.963180
vt 0.931341 0.703370
vt 0.898160 0.260150
vt 0.479861 0.970415
vt 0.924644 0.677182
vt 0.479314 0.962414
vt 0.138646 0.962125
vt 0.970895 0.864801
vt 0.889967 0.382370
vt 0.242571 0.991613
vt 0.887336 0.375286
vt 0.511352 0.938006
vt 0.518508 0.941062
vt 0.274982 0.906017
vt 0.280110 0.906017
vt 0.279756 0.912567
vt 0.110271 0.744007
vt 0.112036 0.745769
vt 0.766435 0.236537
vt 0.767214 0.230586
vt 0.770914 0.229849
vt 0.566886 0.357013
vt 0.880102 0.333429
vt 0.807264 0.880615
vt 0.280166 0.745808
vt 0.277764 0.745332
vt 0.280166 0.742006
vt 0.949013 0.035662
vt 0.919342 0.935361
vt 0.922093 0.922768
vt 0.922093 0.937627
vt 0.957921 0.036918
vt 0.857997 0.988044
vt 0.980286 0.662922
vt 0.979049 0.658976
vt 0.988297 0.654796
vt 0.857997 0.965583
vt 0.645159 0.969791
vt 0.692547 0.378585
vt 0.643834 0.965638
vt 0.634101 0.966831
vt 0.438670 0.963081
vt 0.775824 0.998197
vt 0.775824 0.994059
vt 0.778023 0.995895
vt 0.206918 0.979810
vt 0.490950 0.994889
vt 0.490315 0.998046
vt 0.487315 0.998839
vt 0.790387 0.376952
vt 0.790486 0.368210
vt 0.793575 0.376824
vt 0.838789 0.990788
vt 0.838836 0.986528
vt 0.845870 0.991661
vt 0.785951 0.368161
vt 0.383608 0.976071
vt 0.379795 0.978314
vt 0.381120 0.968198
vt 0.510943 0.893686
vt 0.490066 0.887685
vt 0.468569 0.861223
vt 0.330237 0.930480
vt 0.362973 0.979469
vt 0.065264 0.856189
vt 0.930599 0.638300
vt 0.926848 0.643831
vt 0.929196 0.635019
vt 0.925215 0.638594
vt 0.675402 0.560953
vt 0.079324 0.855622
vt 0.910932 0.640744
vt 0.105093 0.854412
vt 0.677141 0.532602
vt 0.681420 0.527138
vt 0.917118 0.956577
vt 0.542250 0.739286
vt 0.480501 0.808147
vt 0.547686 0.722080
vt 0.695242 0.472530
vt 0.477002 0.711087
vt 0.544291 0.810308
vt 0.552987 0.805579
vt 0.670243 0.617191
vt 0.614161 0.549977
vt 0.727346 0.182529
vt 0.606749 0.499135
vt 0.605870 0.486013
vt 0.723524 0.119344
vt 0.982599 0.113382
vt 0.934965 0.218682
vt 0.077510 0.526078
vt 0.581540 0.646735
vt 0.724620 0.007150
vt 0.083692 0.466716
vt 0.331117 0.751319
vt 0.975954 0.262151
vt 0.966654 0.257505
vt 0.223973 0.886566
vt 0.798018 0.912698
vt 0.225629 0.872879
vt 0.974030 0.931213
vt 0.226320 0.857223
vt 0.368330 0.940915
vt 0.362973 0.946878
vt 0.792184 0.300571
vt 0.792051 0.322175
vt 0.091918 0.731397
vt 0.779344 0.250501
vt 0.778267 0.915626
vt 0.089026 0.828562
vt 0.900491 0.098368
vt 0.057937 0.994772
vt 0.052796 0.996118
vt 0.778383 0.923330
vt 0.450118 0.879145
vt 0.450118 0.891109
vt 0.446334 0.883643
vt 0.901962 0.037586
vt 0.902925 0.023360
vt 0.774837 0.956059
vt 0.771931 0.965609
vt 0.903131 0.012436
vt 0.899196 0.000000
vt 0.933996 0.809402
vt 0.272814 0.989221
vt 0.995891 0.676985
vt 0.999152 0.678312
vt 0.995891 0.687078
vt 0.943523 0.835001
vt 0.934778 0.828325
vt 0.291216 0.953965
vt 0.940044 0.253920
vt 0.936506 0.249375
vt 0.945531 0.241919
vt 0.939006 0.246465
vt 0.933181 0.796208
vt 0.997022 0.508424
vt 0.992109 0.510285
vt 0.941687 0.287147
vt 0.420379 0.966948
vt 0.902194 0.312591
vt 0.858525 0.945147
vt 0.829247 0.927635
vt 0.838253 0.923488
vt 0.482927 0.968604
vt 0.545329 0.363885
vt 0.863869 0.877879
vt 0.887856 0.221719
vt 0.976440 0.867691
vt 0.823638 0.307671
vt 0.773092 0.236537
vt 0.966421 0.337331
vt 0.850991 0.865795
vt 0.425231 0.986950
vt 0.428269 0.989114
vt 0.425231 0.997523
vt 0.804801 0.872042
vt 0.988297 0.661134
vt 0.686672 0.370232
vt 0.810290 0.867759
vt 0.266645 0.990218
vt 0.270171 0.989221
vt 0.267682 0.994275
vt 0.968484 0.036780
vt 0.968948 0.039411
vt 0.813971 0.866716
vt 0.683936 0.365286
vt 0.687426 0.366333
vt 0.487315 0.991186
vt 0.787566 0.381299
vt 0.784775 0.375298
vt 0.397653 0.978314
vt 0.393647 0.977077
vt 0.397080 0.970990
vt 0.389048 0.974719
vt 0.843477 0.983171
vt 0.299010 0.886421
vt 0.296172 0.875840
vt 0.510913 0.424748
vt 0.502386 0.409267
vt 0.477403 0.877155
vt 0.001217 0.959620
vt 0.000000 0.950841
vt 0.016466 0.959328
vt 0.030468 0.951603
vt 0.330045 0.923664
vt 0.321918 0.923664
vt 0.868630 0.640624
vt 0.877724 0.640175
vt 0.358604 0.984532
vt 0.043434 0.855813
vt 0.883750 0.633068
vt 0.993014 0.449554
vt 0.998298 0.460192
vt 0.993014 0.469674
vt 0.918984 0.634100
vt 0.669514 0.773453
vt 0.476797 0.787986
vt 0.548310 0.703486
vt 0.551567 0.676515
vt 0.714751 0.429463
vt 0.546959 0.665467
vt 0.987825 0.900311
vt 0.674477 0.679400
vt 0.472136 0.704748
vt 0.274982 0.772047
vt 0.623805 0.611636
vt 0.228185 0.957919
vt 0.546714 0.996417
vt 0.546714 0.989452
vt 0.551634 0.992708
vt 0.957369 0.421921
vt 0.612144 0.543044
vt 0.949861 0.421274
vt 0.518992 0.800905
vt 0.037972 0.781471
vt 0.040749 0.772885
vt 0.717970 0.296812
vt 0.602181 0.459495
vt 0.393466 0.900844
vt 0.393235 0.905439
vt 0.931782 0.098620
vt 0.979016 0.766629
vt 0.967261 0.216079
vt 0.167073 0.978093
vt 0.161835 0.968680
vt 0.171471 0.968533
vt 0.226435 0.900462
vt 0.979088 0.935033
vt 0.172367 0.701245
vt 0.899239 0.879545
vt 0.160423 0.659132
vt 0.901292 0.159513
vt 0.091420 0.773218
vt 0.097889 0.651192
vt 0.786865 0.267721
vt 0.906796 0.966393
vt 0.902450 0.138562
vt 0.902163 0.125382
vt 0.094917 0.695531
vt 0.959293 0.656943
vt 0.090488 0.799231
vt 0.182129 0.918281
vt 0.174958 0.909326
vt 0.183439 0.903680
vt 0.776044 0.891675
vt 0.779635 0.901131
vt 0.774724 0.933573
vt 0.774943 0.945254
vt 0.997390 0.199887
vt 0.996471 0.193118
vt 0.998769 0.188245
vt 0.903565 0.006019
vt 0.993845 0.185325
vt 0.993845 0.196275
vt 0.928951 0.770560
vt 0.940416 0.275379
vt 0.995154 0.382766
vt 0.228164 0.991673
vt 0.231634 0.996053
vt 0.228164 0.998835
vt 0.284307 0.954817
vt 0.928693 0.757289
vt 0.990508 0.381789
vt 0.281637 0.931017
vt 0.896925 0.303815
vt 0.893462 0.274402
vt 0.938283 0.367120
vt 0.941669 0.338013
vt 0.931321 0.735049
vt 0.906188 0.322279
vt 0.517593 0.360357
vt 0.413477 0.961756
vt 0.890710 0.247357
vt 0.483995 0.973955
vt 0.925851 0.688129
vt 0.981302 0.877241
vt 0.960524 0.317935
vt 0.965520 0.317935
vt 0.963087 0.323643
vt 0.885880 0.380869
vt 0.522122 0.934391
vt 0.880851 0.371714
vt 0.551634 0.990220
vt 0.555562 0.986786
vt 0.555562 0.996464
vt 0.249909 0.614769
vt 0.249909 0.617376
vt 0.247518 0.616277
vt 0.551885 0.988312
vt 0.887572 0.202386
vt 0.113259 0.777122
vt 0.879183 0.999555
vt 0.877013 0.991484
vt 0.881011 0.999016
vt 0.770801 0.982306
vt 0.772693 0.988571
vt 0.766845 0.982965
vt 0.116683 0.724040
vt 0.115216 0.717378
vt 0.963190 0.334347
vt 0.950119 0.838135
vt 0.950119 0.846586
vt 0.944189 0.843589
vt 0.768040 0.979790
vt 0.847755 0.862532
vt 0.859699 0.855860
vt 0.922897 0.992728
vt 0.928087 0.991980
vt 0.928299 0.998270
vt 0.800969 0.883145
vt 0.800422 0.877385
vt 0.645159 0.997053
vt 0.645159 0.989461
vt 0.649647 0.996272
vt 0.213719 0.975418
vt 0.209932 0.973051
vt 0.744348 0.988578
vt 0.750148 0.988578
vt 0.744379 0.995789
vt 0.389586 0.968534
vt 0.287956 0.848295
vt 0.078201 0.862574
vt 0.922545 0.636931
vt 0.687950 0.516680
vt 0.664328 0.794620
vt 0.669531 0.757789
vt 0.706902 0.449257
vt 0.470985 0.709215
vt 0.555497 0.660986
vt 0.994289 0.906190
vt 0.466371 0.700339
vt 0.205366 0.960525
vt 0.667830 0.642408
vt 0.967977 0.416446
vt 0.685454 0.604065
vt 0.018656 0.968351
vt 0.712749 0.284851
vt 0.645159 0.965638
vt 0.651542 0.965710
vt 0.648507 0.970835
vt 0.331762 0.821142
vt 0.976752 0.769170
vt 0.336166 0.718576
vt 0.961457 0.772097
vt 0.227184 0.881862
vt 0.231758 0.878334
vt 0.231085 0.870239
vt 0.227772 0.866771
vt 0.094729 0.721060
vt 0.796591 0.329991
vt 0.094135 0.712454
vt 0.785615 0.254411
vt 0.779069 0.237336
vt 0.903353 0.090845
vt 0.007349 0.974783
vt 0.012433 0.964030
vt 0.014975 0.972979
vt 0.006174 0.965012
vt 0.909812 0.060787
vt 0.779013 0.894005
vt 0.908647 0.056008
vt 0.781309 0.943271
vt 0.901007 0.003156
vt 0.324656 0.998157
vt 0.322810 0.992688
vt 0.326788 0.992688
vt 0.929035 0.762013
vt 0.280565 0.945562
vt 0.938460 0.271632
vt 0.937066 0.254500
vt 0.930470 0.785464
vt 0.928775 0.747523
vt 0.991845 0.986680
vt 0.896190 0.285094
vt 0.158353 0.892037
vt 0.152862 0.897149
vt 0.154074 0.889525
vt 0.937405 0.332889
vt 0.489870 0.964620
vt 0.489364 0.962144
vt 0.625312 0.996520
vt 0.620487 0.996520
vt 0.620798 0.989456
vt 0.132951 0.972143
vt 0.972950 0.876678
vt 0.880694 0.374250
vt 0.971199 0.870601
vt 0.827561 0.999481
vt 0.827561 0.993705
vt 0.830689 0.996608
vt 0.524087 0.941674
vt 0.525216 0.940017
vt 0.113074 0.721781
vt 0.112368 0.715249
vt 0.558240 0.369456
vt 0.860372 0.871716
vt 0.773189 0.978694
vt 0.763682 0.965609
vt 0.573836 0.355754
vt 0.928299 0.983591
vt 0.954056 0.977559
vt 0.952657 0.969266
vt 0.955385 0.974735
vt 0.694990 0.382068
vt 0.962202 0.985973
vt 0.962202 0.961596
vt 0.987919 0.666099
vt 0.952253 0.031027
vt 0.957535 0.032420
vt 0.721606 0.365286
vt 0.734840 0.374879
vt 0.728066 0.375585
vt 0.955949 0.960662
vt 0.694341 0.372735
vt 0.270171 0.999013
vt 0.781552 0.367418
vt 0.838844 0.982678
vt 0.463121 0.872856
vt 0.982985 0.135553
vt 0.986490 0.132462
vt 0.991685 0.134014
vt 0.048615 0.857693
vt 0.013056 0.858071
vt 0.090482 0.866684
vt 0.922860 0.967835
vt 0.692823 0.497410
vt 0.669409 0.722669
vt 0.667953 0.699748
vt 0.672707 0.682896
vt 0.279994 0.770734
vt 0.614703 0.565619
vt 0.466777 0.659906
vt 0.617760 0.560710
vt 0.044092 0.803442
vt 0.718046 0.975923
vt 0.711514 0.982582
vt 0.707823 0.975501
vt 0.672325 0.609033
vt 0.044526 0.789799
vt 0.949003 0.425217
vt 0.724076 0.184648
vt 0.722067 0.182783
vt 0.938595 0.426858
vt 0.712163 0.363208
vt 0.715751 0.338137
vt 0.035216 0.715129
vt 0.713921 0.262826
vt 0.965428 0.217012
vt 0.715306 0.015108
vt 0.593107 0.388472
vt 0.718924 0.008989
vt 0.397521 0.898551
vt 0.972612 0.773129
vt 0.984185 0.270028
vt 0.977154 0.939066
vt 0.176437 0.726184
vt 0.236737 0.841664
vt 0.161067 0.681717
vt 0.895817 0.883421
vt 0.155380 0.646681
vt 0.099218 0.675472
vt 0.795292 0.313820
vt 0.768995 0.236649
vt 0.797093 0.986585
vt 0.786515 0.973505
vt 0.795536 0.973704
vt 0.956306 0.171705
vt 0.099937 0.634920
vt 0.093298 0.751316
vt 0.279198 0.030095
vt 0.256798 0.029773
vt 0.277565 0.024214
vt 0.094558 0.727918
vt 0.175906 0.929094
vt 0.183271 0.929932
vt 0.917891 0.764232
vt 0.916397 0.789924
vt 0.912523 0.773932
vt 0.955754 0.156455
vt 0.910346 0.756236
vt 0.916914 0.756893
vt 0.947243 0.934010
vt 0.944199 0.941092
vt 0.940468 0.933554
vt 0.947878 0.659521
vt 0.903979 0.086551
vt 0.943325 0.656268
vt 0.907285 0.039468
vt 0.779204 0.958881
vt 0.906826 0.009930
vt 0.992029 0.591099
vt 0.991034 0.586221
vt 0.996444 0.585067
vt 0.996444 0.590464
vt 0.908243 0.002379
vt 0.991299 0.579889
vt 0.999966 0.620886
vt 0.999966 0.627700
vt 0.996987 0.624870
vt 0.929446 0.832725
vt 0.929454 0.824476
vt 0.929143 0.801912
vt 0.927856 0.796296
vt 0.931780 0.247607
vt 0.338768 0.999108
vt 0.338768 0.993557
vt 0.340912 0.995336
vt 0.935765 0.281388
vt 0.926606 0.721501
vt 0.901934 0.324541
vt 0.937130 0.355698
vt 0.940491 0.324058
vt 0.515958 0.344775
vt 0.518502 0.370993
vt 0.926020 0.700831
vt 0.925616 0.707762
vt 0.726914 0.980611
vt 0.347060 0.960928
vt 0.342420 0.960005
vt 0.888563 0.258111
vt 0.859456 0.951082
vt 0.816617 0.935198
vt 0.924911 0.671019
vt 0.885855 0.238314
vt 0.857377 0.889687
vt 0.857321 0.884913
vt 0.713764 0.802812
vt 0.713539 0.806183
vt 0.707823 0.802769
vt 0.124448 0.973016
vt 0.127407 0.958206
vt 0.173690 0.969383
vt 0.078216 0.975758
vt 0.082104 0.983136
vt 0.078255 0.990191
vt 0.082849 0.989215
vt 0.522224 0.946174
vt 0.879933 0.992035
vt 0.926108 0.036170
vt 0.110816 0.781476
vt 0.979826 0.351579
vt 0.996444 0.586946
vt 0.999440 0.580389
vt 0.999440 0.591099
vt 0.773460 0.965609
vt 0.945201 0.554039
vt 0.941610 0.551915
vt 0.946688 0.551915
vt 0.781552 0.380087
vt 0.450118 0.874796
vt 0.446253 0.876671
vt 0.446253 0.867222
vt 0.447775 0.879145
vt 0.853593 0.977512
vt 0.853843 0.967209
vt 0.857171 0.973580
vt 0.388513 0.960775
vt 0.288181 0.864589
vt 0.813704 0.795294
vt 0.810813 0.802449
vt 0.810813 0.781755
vt 0.990650 0.022199
vt 0.996849 0.000000
vt 0.996849 0.024390
vt 0.530016 0.891412
vt 0.508336 0.392183
vt 0.499883 0.888382
vt 0.506825 0.382655
vt 0.970728 0.417899
vt 0.465409 0.871708
vt 0.028866 0.959620
vt 0.344761 0.923770
vt 0.991395 0.120559
vt 0.991455 0.129123
vt 0.984047 0.127570
vt 0.983124 0.132108
vt 0.684418 0.555803
vt 0.687228 0.524009
vt 0.703193 0.474031
vt 0.471146 0.763002
vt 0.989703 0.908237
vt 0.926890 0.414008
vt 0.926100 0.407693
vt 0.930800 0.411518
vt 0.240868 0.954958
vt 0.670531 0.634206
vt 0.459939 0.660448
vt 0.670181 0.625211
vt 0.240416 0.989338
vt 0.240416 0.999204
vt 0.236994 0.997635
vt 0.718046 0.988756
vt 0.530244 0.810358
vt 0.523839 0.808106
vt 0.047395 0.798645
vt 0.608829 0.536625
vt 0.619246 0.540783
vt 0.616761 0.542895
vt 0.024801 0.972612
vt 0.623799 0.520592
vt 0.616697 0.508796
vt 0.717517 0.151006
vt 0.716139 0.127498
vt 0.059283 0.566286
vt 0.979360 0.097734
vt 0.058938 0.562024
vt 0.931449 0.226482
vt 0.711861 0.234653
vt 0.717860 0.228830
vt 0.998297 0.287168
vt 0.993173 0.291202
vt 0.995559 0.280767
vt 0.653643 0.975214
vt 0.712868 0.228969
vt 0.710381 0.225583
vt 0.983704 0.606591
vt 0.580745 0.636672
vt 0.397510 0.902589
vt 0.968495 0.113887
vt 0.946997 0.109854
vt 0.937578 0.108352
vt 0.977712 0.773056
vt 0.974578 0.205629
vt 0.968965 0.205096
vt 0.971646 0.940124
vt 0.169880 0.718429
vt 0.913893 0.877817
vt 0.155185 0.661915
vt 0.799820 0.336095
vt 0.907377 0.169400
vt 0.101436 0.649349
vt 0.905771 0.975204
vt 0.956328 0.870086
vt 0.962986 0.872149
vt 0.956081 0.892498
vt 0.096409 0.755821
vt 0.900000 0.972786
vt 0.914873 0.062230
vt 0.181672 0.888273
vt 0.177830 0.884432
vt 0.184431 0.874872
vt 0.782037 0.238517
vt 0.953293 0.664656
vt 0.952514 0.905722
vt 0.940955 0.944172
vt 0.939114 0.940703
vt 0.944590 0.659608
vt 0.913870 0.751958
vt 0.910278 0.046935
vt 0.899000 0.748039
vt 0.903429 0.749503
vt 0.896408 0.752001
vt 0.933582 0.271197
vt 0.926093 0.749083
vt 0.893656 0.761753
vt 0.896817 0.761951
vt 0.890327 0.790263
vt 0.241436 0.011640
vt 0.252535 0.003286
vt 0.244199 0.014985
vt 0.932242 0.380822
vt 0.151383 0.930704
vt 0.152302 0.925650
vt 0.158049 0.930629
vt 0.937474 0.289501
vt 0.447468 0.757118
vt 0.450059 0.763775
vt 0.446225 0.770848
vt 0.902620 0.331274
vt 0.146934 0.927722
vt 0.280565 0.925188
vt 0.887684 0.838809
vt 0.884784 0.847048
vt 0.879064 0.842552
vt 0.605203 0.985230
vt 0.605203 0.994766
vt 0.601460 0.991713
vt 0.223525 0.995455
vt 0.219513 0.998620
vt 0.219513 0.988811
vt 0.490208 0.970821
vt 0.488620 0.974688
vt 0.888590 0.243625
vt 0.852489 0.956239
vt 0.331828 0.958950
vt 0.823082 0.316491
vt 0.550196 0.373255
vt 0.544940 0.369702
vt 0.837655 0.304747
vt 0.879744 0.382264
vt 0.878780 0.377069
vt 0.997373 0.777683
vt 0.991542 0.772009
vt 0.995443 0.769974
vt 0.516843 0.945918
vt 0.514764 0.940359
vt 0.834113 0.293270
vt 0.877247 0.368009
vt 0.569773 0.361668
vt 0.555093 0.976425
vt 0.555408 0.981397
vt 0.551634 0.983660
vt 0.476753 0.353408
vt 0.475865 0.336596
vt 0.480084 0.336100
vt 0.490027 0.925838
vt 0.881011 0.986915
vt 0.936261 0.551982
vt 0.941610 0.551982
vt 0.939131 0.557632
vt 0.573446 0.362196
vt 0.482762 0.358696
vt 0.488120 0.359542
vt 0.488556 0.364806
vt 0.515221 0.480670
vt 0.516227 0.468329
vt 0.518929 0.472925
vt 0.482875 0.349341
vt 0.946454 0.557632
vt 0.294376 0.993086
vt 0.294241 0.988909
vt 0.299036 0.989700
vt 0.193209 0.893619
vt 0.190961 0.889509
vt 0.845870 0.988828
vt 0.851993 0.982758
vt 0.857997 0.987564
vt 0.857504 0.981250
vt 0.272691 0.934719
vt 0.271806 0.924101
vt 0.276639 0.926245
vt 0.836378 0.976905
vt 0.293179 0.854397
vt 0.990933 0.712874
vt 0.991530 0.729608
vt 0.984156 0.723523
vt 0.052085 0.859849
vt 0.985045 0.118008
vt 0.876218 0.637388
vt 0.982506 0.712244
vt 0.982985 0.122413
vt 0.938810 0.636736
vt 0.939724 0.634065
vt 0.943489 0.635188
vt 0.934452 0.635529
vt 0.276563 0.549374
vt 0.277477 0.544896
vt 0.982487 0.720388
vt 0.072942 0.864249
vt 0.926294 0.625676
vt 0.922820 0.627094
vt 0.046462 0.869551
vt 0.027546 0.860503
vt 0.911964 0.633731
vt 0.688897 0.527525
vt 0.914563 0.968295
vt 0.551397 0.770880
vt 0.548418 0.738651
vt 0.698727 0.498336
vt 0.556607 0.689342
vt 0.718049 0.414916
vt 0.110932 0.996130
vt 0.106245 0.994416
vt 0.111008 0.989552
vt 0.668154 0.672325
vt 0.460932 0.676338
vt 0.014975 0.974432
vt 0.044326 0.781930
vt 0.515754 0.805793
vt 0.040612 0.739775
vt 0.714589 0.087214
vt 0.602551 0.439869
vt 0.037424 0.685323
vt 0.068743 0.526029
vt 0.604465 0.411327
vt 0.035995 0.657699
vt 0.587136 0.639153
vt 0.329885 0.835216
vt 0.068267 0.499964
vt 0.979697 0.273725
vt 0.805173 0.919005
vt 0.893213 0.950076
vt 0.185130 0.738554
vt 0.238983 0.866609
vt 0.165275 0.685938
vt 0.232600 0.822966
vt 0.919342 0.847104
vt 0.922648 0.857393
vt 0.154191 0.654270
vt 0.919455 0.821081
vt 0.922897 0.840029
vt 0.915573 0.838996
vt 0.793178 0.278705
vt 0.959785 0.858947
vt 0.922897 0.965073
vt 0.931530 0.965427
vt 0.218818 0.042050
vt 0.197090 0.051504
vt 0.199118 0.047008
vt 0.104060 0.632133
vt 0.005207 0.984430
vt 0.915578 0.073694
vt 0.910372 0.803327
vt 0.100387 0.722068
vt 0.801414 0.314574
vt 0.188503 0.803337
vt 0.186103 0.803825
vt 0.190903 0.795673
vt 0.275766 0.019046
vt 0.173177 0.888458
vt 0.789535 0.969771
vt 0.797093 0.965609
vt 0.940675 0.913726
vt 0.173530 0.902369
vt 0.182850 0.897340
vt 0.253119 0.030049
vt 0.254622 0.018411
vt 0.785624 0.922905
vt 0.908165 0.751578
vt 0.913370 0.749170
vt 0.931659 0.943679
vt 0.900172 0.753099
vt 0.908126 0.762468
vt 0.925284 0.944736
vt 0.926383 0.935877
vt 0.925077 0.955885
vt 0.938800 0.323643
vt 0.927974 0.312692
vt 0.938355 0.309856
vt 0.927585 0.781321
vt 0.924546 0.772212
vt 0.893924 0.758288
vt 0.450059 0.776466
vt 0.926274 0.758387
vt 0.274773 0.005952
vt 0.264657 0.003015
vt 0.272135 0.000000
vt 0.273805 0.008224
vt 0.234525 0.017888
vt 0.233437 0.009833
vt 0.932789 0.365724
vt 0.161018 0.881626
vt 0.162769 0.899414
vt 0.151667 0.908963
vt 0.379795 0.997191
vt 0.375749 0.993039
vt 0.379795 0.981991
vt 0.922897 0.940989
vt 0.059829 0.901786
vt 0.063951 0.910535
vt 0.059748 0.915583
vt 0.922897 0.789537
vt 0.893698 0.794267
vt 0.892281 0.290549
vt 0.155435 0.917014
vt 0.160882 0.904612
vt 0.513100 0.377990
vt 0.062691 0.901268
vt 0.059748 0.894175
vt 0.930137 0.274121
vt 0.887639 0.804743
vt 0.996958 0.782138
vt 0.990979 0.785699
vt 0.993071 0.777683
vt 0.924259 0.886305
vt 0.930290 0.886649
vt 0.925699 0.892139
vt 0.885517 0.833625
vt 0.890117 0.814378
vt 0.883274 0.810181
vt 0.882650 0.819436
vt 0.209711 0.019661
vt 0.196697 0.021983
vt 0.193115 0.017350
vt 0.742974 0.980414
vt 0.860837 0.955870
vt 0.334250 0.955334
vt 0.922897 0.692697
vt 0.825398 0.925812
vt 0.140911 0.975130
vt 0.492945 0.938826
vt 0.491513 0.949559
vt 0.078216 0.996415
vt 0.122549 0.896423
vt 0.117807 0.895456
vt 0.121824 0.883820
vt 0.993730 0.762992
vt 0.997373 0.767691
vt 0.527245 0.942537
vt 0.997177 0.769295
vt 0.869964 0.353490
vt 0.867642 0.338306
vt 0.555408 0.986786
vt 0.580855 0.992142
vt 0.582960 0.985891
vt 0.582960 0.993672
vt 0.797520 0.880137
vt 0.970603 0.323643
vt 0.973932 0.318238
vt 0.975808 0.323643
vt 0.941565 0.035541
vt 0.519933 0.477696
vt 0.957818 0.983158
vt 0.487982 0.349333
vt 0.798746 0.869118
vt 0.804511 0.867515
vt 0.270768 0.952087
vt 0.267883 0.945400
vt 0.270141 0.942870
vt 0.958278 0.955885
vt 0.270971 0.937575
vt 0.269474 0.930399
vt 0.396157 0.958443
vt 0.397223 0.968092
vt 0.392404 0.964542
vt 0.297909 0.840561
vt 0.971709 0.425921
vt 0.984782 0.733527
vt 0.066595 0.863898
vt 0.058372 0.859526
vt 0.984017 0.111354
vt 0.991093 0.104930
vt 0.948138 0.636702
vt 0.946975 0.633819
vt 0.954107 0.635713
vt 0.928297 0.622507
vt 0.982719 0.732618
vt 0.879040 0.631533
vt 0.895982 0.622833
vt 0.104249 0.865762
vt 0.915041 0.626165
vt 0.519798 0.997632
vt 0.519798 0.987345
vt 0.524771 0.997194
vt 0.695031 0.516828
vt 0.470138 0.809931
vt 0.471231 0.794384
vt 0.723866 0.429154
vt 0.724379 0.410680
vt 0.930654 0.405237
vt 0.630548 0.596713
vt 0.243224 0.961192
vt 0.553499 0.817495
vt 0.991955 0.530595
vt 0.990812 0.534102
vt 0.988941 0.529165
vt 0.051704 0.807369
vt 0.021620 0.990912
vt 0.021428 0.980457
vt 0.025574 0.990639
vt 0.016194 0.988249
vt 0.618651 0.547683
vt 0.026670 0.979642
vt 0.754432 0.974281
vt 0.744348 0.965609
vt 0.753456 0.965926
vt 0.626323 0.525258
vt 0.718769 0.187034
vt 0.940208 0.437801
vt 0.714850 0.174829
vt 0.709632 0.341543
vt 0.710935 0.315005
vt 0.982985 0.098103
vt 0.060071 0.871502
vt 0.064024 0.877080
vt 0.059748 0.884076
vt 0.064024 0.884956
vt 0.710081 0.231582
vt 0.996924 0.291524
vt 0.649035 0.975313
vt 0.071612 0.476528
vt 0.806296 0.230615
vt 0.806731 0.235030
vt 0.801593 0.236649
vt 0.161835 0.988643
vt 0.236311 0.888342
vt 0.810957 0.933371
vt 0.895204 0.944501
vt 0.174976 0.735453
vt 0.152798 0.657463
vt 0.805581 0.341870
vt 0.786691 0.914738
vt 0.151410 0.650186
vt 0.101231 0.962203
vt 0.101357 0.975877
vt 0.093235 0.970052
vt 0.910382 0.838250
vt 0.797666 0.311934
vt 0.927020 0.961375
vt 0.896880 0.978968
vt 0.999662 0.969684
vt 0.997004 0.972244
vt 0.997004 0.965026
vt 0.001149 0.969280
vt 0.322810 0.998875
vt 0.319280 0.993211
vt 0.911635 0.744419
vt 0.938766 0.955885
vt 0.224042 0.031147
vt 0.236783 0.035699
vt 0.170977 0.880151
vt 0.181196 0.867807
vt 0.941683 0.663436
vt 0.280565 0.021082
vt 0.277532 0.015802
vt 0.248886 0.030018
vt 0.249837 0.019110
vt 0.235137 0.026024
vt 0.163724 0.909118
vt 0.902790 0.765248
vt 0.169476 0.931283
vt 0.000000 0.959620
vt 0.933797 0.930030
vt 0.912354 0.027076
vt 0.911273 0.009539
vt 0.783922 0.957129
vt 0.238845 0.023917
vt 0.164716 0.888042
vt 0.165681 0.892813
vt 0.177040 0.896753
vt 0.226190 0.018297
vt 0.217872 0.027255
vt 0.168484 0.871850
vt 0.932435 0.901525
vt 0.906896 0.738933
vt 0.926841 0.924628
vt 0.923404 0.931310
vt 0.923088 0.785339
vt 0.221381 0.016890
vt 0.932152 0.297953
vt 0.937236 0.296745
vt 0.925083 0.826529
vt 0.193163 0.979198
vt 0.191562 0.973287
vt 0.199150 0.979111
vt 0.995112 0.788535
vt 0.925689 0.904998
vt 0.932017 0.285329
vt 0.198166 0.970466
vt 0.930330 0.868462
vt 0.931482 0.857718
vt 0.923164 0.856168
vt 0.926710 0.852054
vt 0.996891 0.362782
vt 0.996891 0.356862
vt 0.999457 0.360929
vt 0.924222 0.872384
vt 0.877951 0.834670
vt 0.922897 0.847048
vt 0.547473 0.380941
vt 0.873199 0.381992
vt 0.969293 0.878886
vt 0.877641 0.220254
vt 0.116021 0.906953
vt 0.123096 0.901872
vt 0.718839 0.804546
vt 0.519158 0.950669
vt 0.186611 0.975112
vt 0.527181 0.945963
vt 0.879312 0.196631
vt 0.877761 0.189754
vt 0.113357 0.723018
vt 0.114257 0.727930
vt 0.470530 0.351211
vt 0.115621 0.734264
vt 0.307721 0.962076
vt 0.310660 0.962056
vt 0.313144 0.965677
vt 0.973743 0.632826
vt 0.975036 0.636713
vt 0.970155 0.646068
vt 0.315115 0.963303
vt 0.737476 0.993436
vt 0.740540 0.998061
vt 0.737476 0.999601
vt 0.938198 0.031568
vt 0.934893 0.032713
vt 0.794995 0.876996
vt 0.526302 0.479970
vt 0.521570 0.474962
vt 0.978226 0.628348
vt 0.979173 0.631456
vt 0.942570 0.029898
vt 0.795312 0.871260
vt 0.812770 0.236649
vt 0.806731 0.236649
vt 0.808889 0.229629
vt 0.383258 0.998501
vt 0.383258 0.992658
vt 0.387082 0.997519
vt 0.463530 0.382355
vt 0.459270 0.382355
vt 0.463358 0.378060
vt 0.970147 0.628809
vt 0.976746 0.626373
vt 0.294241 0.996764
vt 0.296714 0.993878
vt 0.491347 0.355646
vt 0.974292 0.617240
vt 0.267063 0.954498
vt 0.733428 0.377408
vt 0.721606 0.381137
vt 0.564345 0.713747
vt 0.566174 0.707483
vt 0.566174 0.715675
vt 0.266649 0.943281
vt 0.564345 0.722960
vt 0.565939 0.715675
vt 0.565939 0.724058
vt 0.791364 0.998658
vt 0.791680 0.993235
vt 0.796312 0.993714
vt 0.791364 0.986585
vt 0.285378 0.871251
vt 0.293529 0.879251
vt 0.840924 0.971745
vt 0.266470 0.925100
vt 0.836998 0.973856
vt 0.268799 0.921874
vt 0.564531 0.729387
vt 0.565939 0.724059
vt 0.565939 0.733167
vt 0.452628 0.884970
vt 0.991099 0.742688
vt 0.984741 0.103617
vt 0.983085 0.743735
vt 0.955163 0.633136
vt 0.961652 0.635537
vt 0.415857 0.884144
vt 0.426695 0.881723
vt 0.430196 0.882166
vt 0.982487 0.736010
vt 0.436370 0.879196
vt 0.426355 0.880759
vt 0.867642 0.325008
vt 0.867642 0.312241
vt 0.871092 0.319804
vt 0.556790 0.763393
vt 0.470324 0.824284
vt 0.553586 0.757175
vt 0.663257 0.775108
vt 0.558098 0.721681
vt 0.710646 0.461312
vt 0.662123 0.730466
vt 0.460557 0.723953
vt 0.466303 0.705062
vt 0.212529 0.965448
vt 0.543769 0.816792
vt 0.548413 0.819167
vt 0.631063 0.574631
vt 0.623793 0.559561
vt 0.620046 0.557486
vt 0.626491 0.554044
vt 0.985206 0.535318
vt 0.103815 0.999784
vt 0.100791 0.994942
vt 0.103815 0.992904
vt 0.748063 0.988578
vt 0.745819 0.978780
vt 0.753404 0.983575
vt 0.744348 0.986294
vt 0.655976 0.367360
vt 0.650850 0.355016
vt 0.655012 0.359478
vt 0.624412 0.542983
vt 0.651181 0.348480
vt 0.633931 0.344056
vt 0.937797 0.846699
vt 0.931171 0.846699
vt 0.931866 0.838135
vt 0.043995 0.710280
vt 0.711434 0.051613
vt 0.059370 0.553680
vt 0.996295 0.297195
vt 0.979713 0.606260
vt 0.713151 0.002978
vt 0.801593 0.229685
vt 0.340213 0.798500
vt 0.954543 0.126074
vt 0.931470 0.105125
vt 0.979668 0.945454
vt 0.974176 0.945560
vt 0.971349 0.945384
vt 0.180499 0.740751
vt 0.158842 0.711454
vt 0.161104 0.697444
vt 0.159230 0.683868
vt 0.149706 0.676596
vt 0.786261 0.924312
vt 0.092604 0.961503
vt 0.065347 0.975758
vt 0.064109 0.969210
vt 0.071545 0.971754
vt 0.190903 0.820036
vt 0.186210 0.842028
vt 0.185052 0.823017
vt 0.795017 0.267479
vt 0.206811 0.037890
vt 0.065036 0.954550
vt 0.072704 0.957204
vt 0.182737 0.811887
vt 0.179216 0.894084
vt 0.720065 0.994921
vt 0.720065 0.982918
vt 0.726914 0.993884
vt 0.726761 0.986350
vt 0.000000 0.982404
vt 0.942475 0.665162
vt 0.246230 0.035148
vt 0.999448 0.790058
vt 0.996958 0.794841
vt 0.939694 0.887420
vt 0.758040 0.992775
vt 0.760144 0.990628
vt 0.760144 0.995494
vt 0.193075 0.993106
vt 0.191562 0.988011
vt 0.196402 0.987877
vt 0.913585 0.051735
vt 0.911794 0.715838
vt 0.907791 0.715812
vt 0.912045 0.709995
vt 0.898231 0.802760
vt 0.969060 0.486734
vt 0.974400 0.491657
vt 0.970065 0.494585
vt 0.910304 0.691782
vt 0.906932 0.687954
vt 0.908430 0.675177
vt 0.903521 0.837635
vt 0.993079 0.800948
vt 0.990913 0.794778
vt 0.996958 0.798493
vt 0.912957 0.043110
vt 0.780476 0.963124
vt 0.973638 0.530380
vt 0.974970 0.519959
vt 0.981411 0.534196
vt 0.901202 0.737606
vt 0.162437 0.864750
vt 0.157921 0.878446
vt 0.927974 0.377708
vt 0.206601 0.029828
vt 0.922915 0.804313
vt 0.927974 0.253841
vt 0.975495 0.452089
vt 0.973552 0.457766
vt 0.973522 0.449554
vt 0.900891 0.717197
vt 0.897555 0.707070
vt 0.902805 0.701066
vt 0.153558 0.849410
vt 0.165996 0.856156
vt 0.883899 0.245911
vt 0.859509 0.962876
vt 0.138411 0.978605
vt 0.844971 0.892642
vt 0.841451 0.887864
vt 0.830008 0.316806
vt 0.446218 0.362955
vt 0.449587 0.354685
vt 0.453466 0.364702
vt 0.718348 0.807999
vt 0.718469 0.813445
vt 0.870568 0.379427
vt 0.968885 0.650384
vt 0.976083 0.654796
vt 0.980398 0.645162
vt 0.112266 0.787988
vt 0.847355 0.302841
vt 0.305995 0.978940
vt 0.969074 0.354452
vt 0.838184 0.287179
vt 0.470179 0.340146
vt 0.460991 0.344631
vt 0.450546 0.339773
vt 0.450345 0.336100
vt 0.455439 0.339375
vt 0.494635 0.362408
vt 0.946854 0.025865
vt 0.970604 0.323643
vt 0.965520 0.323643
vt 0.967374 0.318052
vt 0.449776 0.734637
vt 0.446228 0.720976
vt 0.449776 0.711338
vt 0.972774 0.615713
vt 0.968885 0.611729
vt 0.518219 0.463028
vt 0.517768 0.457750
vt 0.521475 0.457777
vt 0.263692 0.937793
vt 0.263697 0.931160
vt 0.509934 0.455700
vt 0.516661 0.446488
vt 0.265947 0.921898
vt 0.385617 0.952936
vt 0.284634 0.860518
vt 0.446890 0.838111
vt 0.446243 0.825153
vt 0.450118 0.824666
vt 0.455635 0.885461
vt 0.981710 0.428943
vt 0.465873 0.886257
vt 0.190961 0.902588
vt 0.190961 0.893619
vt 0.193247 0.895895
vt 0.877941 0.622814
vt 0.961422 0.632014
vt 0.050137 0.863089
vt 0.882839 0.628468
vt 0.695719 0.541398
vt 0.005957 0.862247
vt 0.699106 0.520339
vt 0.858300 0.625911
vt 0.863414 0.611484
vt 0.865943 0.635449
vt 0.659545 0.788542
vt 0.556203 0.742936
vt 0.660579 0.766019
vt 0.399668 0.780593
vt 0.399668 0.750194
vt 0.404066 0.761447
vt 0.467041 0.771952
vt 0.663498 0.673382
vt 0.869908 0.404551
vt 0.865943 0.402051
vt 0.869021 0.395664
vt 0.616480 0.982790
vt 0.615238 0.991777
vt 0.611588 0.979090
vt 0.731149 0.407921
vt 0.924835 0.399784
vt 0.106245 0.979618
vt 0.108032 0.978742
vt 0.543798 0.822524
vt 0.665503 0.636711
vt 0.628978 0.560193
vt 0.989423 0.686715
vt 0.995210 0.689954
vt 0.991391 0.692465
vt 0.990508 0.359615
vt 0.996608 0.362320
vt 0.990774 0.365721
vt 0.052001 0.813964
vt 0.983946 0.525344
vt 0.055118 0.797060
vt 0.658999 0.849490
vt 0.662495 0.843979
vt 0.664680 0.848183
vt 0.050128 0.788252
vt 0.516461 0.810352
vt 0.655976 0.336602
vt 0.048828 0.773327
vt 0.266645 0.980686
vt 0.268557 0.975091
vt 0.276639 0.976908
vt 0.710829 0.149769
vt 0.617026 0.491974
vt 0.048571 0.746741
vt 0.703564 0.267685
vt 0.950066 0.227671
vt 0.708167 0.234974
vt 0.993920 0.300626
vt 0.704301 0.234863
vt 0.028342 0.637487
vt 0.347396 0.768927
vt 0.346800 0.747566
vt 0.977977 0.780837
vt 0.238404 0.883490
vt 0.798745 0.928409
vt 0.797093 0.923157
vt 0.239282 0.875528
vt 0.242105 0.831617
vt 0.901089 0.887164
vt 0.911658 0.890091
vt 0.145991 0.661427
vt 0.171490 0.060257
vt 0.180603 0.047939
vt 0.106779 0.619561
vt 0.999915 0.813639
vt 0.997077 0.808308
vt 0.999915 0.807298
vt 0.914864 0.050983
vt 0.169805 0.057661
vt 0.155021 0.059987
vt 0.162090 0.053493
vt 0.800654 0.305794
vt 0.799867 0.302894
vt 0.949385 0.858506
vt 0.180520 0.851349
vt 0.654256 0.994054
vt 0.660662 0.986119
vt 0.660662 0.996745
vt 0.952674 0.985973
vt 0.955776 0.989609
vt 0.952674 0.997015
vt 0.785402 0.921030
vt 0.968289 0.498938
vt 0.971374 0.502618
vt 0.785045 0.945189
vt 0.901350 0.666682
vt 0.907965 0.667993
vt 0.905665 0.728810
vt 0.973338 0.511003
vt 0.980728 0.506615
vt 0.903017 0.675110
vt 0.901215 0.722301
vt 0.893544 0.835928
vt 0.968660 0.455548
vt 0.162925 0.844087
vt 0.158047 0.842991
vt 0.866155 0.958997
vt 0.494778 0.968566
vt 0.491318 0.972562
vt 0.879164 0.241148
vt 0.846329 0.899706
vt 0.447036 0.369623
vt 0.453976 0.371969
vt 0.482762 0.360349
vt 0.476477 0.366639
vt 0.846098 0.881336
vt 0.973749 0.884199
vt 0.264073 0.975091
vt 0.266645 0.985539
vt 0.968857 0.883809
vt 0.193095 0.867719
vt 0.190903 0.875067
vt 0.460844 0.354251
vt 0.867642 0.375621
vt 0.875625 0.207398
vt 0.116235 0.789322
vt 0.529983 0.959437
vt 0.846038 0.867759
vt 0.317689 0.966059
vt 0.311880 0.980463
vt 0.844280 0.855279
vt 0.494256 0.377445
vt 0.491795 0.370526
vt 0.495873 0.374927
vt 0.932561 0.030317
vt 0.261704 0.967994
vt 0.260010 0.959061
vt 0.264567 0.953185
vt 0.494458 0.358804
vt 0.305995 0.958064
vt 0.309151 0.956646
vt 0.983653 0.629867
vt 0.835935 0.967300
vt 0.835210 0.970421
vt 0.282843 0.862432
vt 0.517398 0.444602
vt 0.292704 0.839011
vt 0.450118 0.839410
vt 0.297562 0.836576
vt 0.540322 0.895903
vt 0.542090 0.898695
vt 0.533779 0.903596
vt 0.528157 0.892336
vt 0.528884 0.896753
vt 0.521721 0.896205
vt 0.523550 0.890922
vt 0.462529 0.880899
vt 0.938101 0.616985
vt 0.440268 0.895318
vt 0.438976 0.868945
vt 0.442311 0.875708
vt 0.011195 0.866987
vt 0.691026 0.552870
vt 0.932396 0.551906
vt 0.947381 0.540950
vt 0.954147 0.551906
vt 0.954470 0.542845
vt 0.922819 0.626402
vt 0.000000 0.849400
vt 0.702381 0.500064
vt 0.854309 0.616155
vt 0.859097 0.611663
vt 0.856313 0.600796
vt 0.902456 0.501629
vt 0.900142 0.490905
vt 0.906545 0.476303
vt 0.706962 0.482355
vt 0.564272 0.677406
vt 0.564272 0.651258
vt 0.874697 0.394238
vt 0.112893 0.984798
vt 0.458753 0.692329
vt 0.634711 0.588138
vt 0.663966 0.626048
vt 0.993291 0.684572
vt 0.628738 0.559002
vt 0.987202 0.538107
vt 0.995530 0.681931
vt 0.060437 0.957822
vt 0.063983 0.952151
vt 0.063836 0.967794
vt 0.634333 0.538427
vt 0.521905 0.818094
vt 0.513564 0.813970
vt 0.711096 0.194655
vt 0.707834 0.183783
vt 0.936703 0.431955
vt 0.707012 0.362725
vt 0.049397 0.734452
vt 0.706094 0.124419
vt 0.703740 0.302571
vt 0.614099 0.452579
vt 0.058315 0.528298
vt 0.998297 0.295337
vt 0.648161 0.979160
vt 0.043423 0.657649
vt 0.980949 0.611729
vt 0.608725 0.385386
vt 0.594351 0.624884
vt 0.031806 0.633851
vt 0.038834 0.634284
vt 0.345731 0.830774
vt 0.344317 0.823913
vt 0.655976 0.376526
vt 0.659648 0.374555
vt 0.659053 0.380306
vt 0.930686 0.112910
vt 0.972513 0.785889
vt 0.972643 0.191270
vt 0.240598 0.902814
vt 0.969310 0.284145
vt 0.152223 0.691581
vt 0.145971 0.653829
vt 0.707823 0.869252
vt 0.714267 0.863839
vt 0.718473 0.868457
vt 0.790353 0.910963
vt 0.167271 0.048745
vt 0.075573 0.973694
vt 0.071901 0.974157
vt 0.075172 0.970465
vt 0.175576 0.826339
vt 0.172718 0.844663
vt 0.720782 0.975501
vt 0.991530 0.717844
vt 0.996945 0.712087
vt 0.996945 0.724513
vt 0.913760 0.734210
vt 0.966574 0.519375
vt 0.908800 0.722483
vt 0.941403 0.858628
vt 0.971301 0.474309
vt 0.977948 0.480593
vt 0.981411 0.493585
vt 0.879749 0.252589
vt 0.881387 0.245577
vt 0.870016 0.965583
vt 0.178863 0.024434
vt 0.177750 0.026966
vt 0.173234 0.025843
vt 0.178250 0.018390
vt 0.497494 0.973858
vt 0.499051 0.962836
vt 0.878794 0.234699
vt 0.140911 0.985080
vt 0.128805 0.980201
vt 0.826966 0.326163
vt 0.468234 0.371659
vt 0.394113 0.836361
vt 0.394138 0.831506
vt 0.397626 0.836361
vt 0.104451 0.022141
vt 0.123202 0.014726
vt 0.107830 0.027199
vt 0.832837 0.313436
vt 0.836499 0.320479
vt 0.723544 0.809937
vt 0.213611 0.768341
vt 0.212070 0.760801
vt 0.216809 0.760421
vt 0.723631 0.806430
vt 0.126626 0.781234
vt 0.143175 0.766437
vt 0.134940 0.783636
vt 0.464992 0.343947
vt 0.314358 0.982166
vt 0.466875 0.340350
vt 0.498369 0.362102
vt 0.843527 0.299099
vt 0.844647 0.305793
vt 0.836526 0.309186
vt 0.432404 0.997173
vt 0.428269 0.994558
vt 0.430906 0.991328
vt 0.257036 0.939140
vt 0.522758 0.450196
vt 0.280565 0.867863
vt 0.261462 0.921128
vt 0.262836 0.919854
vt 0.393945 0.950709
vt 0.285171 0.857881
vt 0.522931 0.424154
vt 0.428269 0.904376
vt 0.408390 0.885222
vt 0.961705 0.617889
vt 0.077193 0.875047
vt 0.073306 0.880835
vt 0.676177 0.565397
vt 0.682701 0.560872
vt 0.683258 0.576283
vt 0.885637 0.625163
vt 0.697743 0.524779
vt 0.988679 0.448200
vt 0.982711 0.436786
vt 0.988679 0.430520
vt 0.654256 0.802769
vt 0.858053 0.641272
vt 0.466384 0.787616
vt 0.831823 0.601585
vt 0.823983 0.574761
vt 0.832740 0.585344
vt 0.870769 0.441689
vt 0.878602 0.458321
vt 0.875715 0.487340
vt 0.458061 0.737274
vt 0.874707 0.428031
vt 0.729060 0.430976
vt 0.658521 0.697929
vt 0.928621 0.392846
vt 0.924189 0.393654
vt 0.875975 0.382656
vt 0.616187 0.971397
vt 0.112145 0.976482
vt 0.660797 0.664756
vt 0.227382 0.972405
vt 0.996891 0.372363
vt 0.981411 0.536344
vt 0.661990 0.616767
vt 0.649983 0.372497
vt 0.643058 0.372010
vt 0.640228 0.366373
vt 0.527818 0.820866
vt 0.637757 0.362710
vt 0.665051 0.852564
vt 0.978218 0.541348
vt 0.972696 0.538923
vt 0.974760 0.534196
vt 0.516369 0.815766
vt 0.702457 0.342878
vt 0.706495 0.098708
vt 0.047870 0.681545
vt 0.705012 0.072577
vt 0.701128 0.242673
vt 0.061644 0.894175
vt 0.652581 0.981423
vt 0.598585 0.628105
vt 0.347768 0.836357
vt 0.069627 0.453330
vt 0.934527 0.124701
vt 0.346988 0.719495
vt 0.976952 0.195024
vt 0.979274 0.949047
vt 0.973151 0.949635
vt 0.237122 0.868976
vt 0.890140 0.941187
vt 0.246644 0.859741
vt 0.893516 0.895310
vt 0.908497 0.891002
vt 0.256991 0.979225
vt 0.261595 0.986798
vt 0.256686 0.994004
vt 0.921678 0.054131
vt 0.146191 0.647425
vt 0.917303 0.042477
vt 0.923944 0.043157
vt 0.920652 0.734306
vt 0.104684 0.641294
vt 0.088304 0.968131
vt 0.715988 0.860491
vt 0.194755 0.035933
vt 0.071634 0.952777
vt 0.805191 0.300359
vt 0.177779 0.035600
vt 0.078329 0.972661
vt 0.174336 0.817085
vt 0.991509 0.974219
vt 0.985633 0.973352
vt 0.992099 0.970441
vt 0.905735 0.855092
vt 0.898963 0.848111
vt 0.905735 0.847396
vt 0.555568 0.996844
vt 0.559553 0.991242
vt 0.559553 0.998187
vt 0.983206 0.964251
vt 0.989019 0.963874
vt 0.986468 0.957318
vt 0.185483 0.032815
vt 0.184679 0.026890
vt 0.135289 0.982682
vt 0.982970 0.885759
vt 0.116662 0.796426
vt 0.122545 0.908890
vt 0.207933 0.766574
vt 0.556617 0.773997
vt 0.564272 0.779176
vt 0.841366 0.313841
vt 0.838317 0.308073
vt 0.844499 0.312803
vt 0.544477 0.848603
vt 0.542119 0.840175
vt 0.832398 0.967499
vt 0.833819 0.961263
vt 0.834951 0.968198
vt 0.830689 0.960238
vt 0.732633 0.747938
vt 0.738092 0.763344
vt 0.728757 0.757038
vt 0.930452 0.027338
vt 0.928575 0.031138
vt 0.999120 0.650923
vt 0.996886 0.648651
vt 0.999120 0.645825
vt 0.728763 0.992861
vt 0.730774 0.998377
vt 0.726914 0.998377
vt 0.538117 0.492208
vt 0.530176 0.474539
vt 0.433489 0.991791
vt 0.497496 0.358436
vt 0.725538 0.745713
vt 0.728880 0.745251
vt 0.257153 0.932865
vt 0.522383 0.443029
vt 0.915321 0.369825
vt 0.913247 0.369810
vt 0.914386 0.357229
vt 0.921228 0.356182
vt 0.919227 0.371574
vt 0.839127 0.965383
vt 0.253062 0.925394
vt 0.845870 0.967549
vt 0.845539 0.973420
vt 0.835051 0.965699
vt 0.922165 0.353518
vt 0.917173 0.346498
vt 0.921422 0.350948
vt 0.922059 0.340834
vt 0.925606 0.339743
vt 0.995747 0.948313
vt 0.989022 0.957318
vt 0.989022 0.942996
vt 0.477200 0.901937
vt 0.405000 0.901933
vt 0.831422 0.986671
vt 0.830851 0.982468
vt 0.834951 0.987616
vt 0.834951 0.979001
vt 0.050921 0.877215
vt 0.035929 0.874197
vt 0.919161 0.975558
vt 0.917734 0.621090
vt 0.875932 0.532907
vt 0.867276 0.534387
vt 0.865943 0.525879
vt 0.874889 0.520926
vt 0.872901 0.512814
vt 0.892516 0.528144
vt 0.898677 0.517999
vt 0.899179 0.536237
vt 0.838328 0.610456
vt 0.834634 0.622981
vt 0.846754 0.597066
vt 0.849919 0.585540
vt 0.861000 0.564316
vt 0.902369 0.463285
vt 0.828807 0.563053
vt 0.821748 0.534940
vt 0.461134 0.699959
vt 0.610699 0.970603
vt 0.738874 0.401941
vt 0.735044 0.401173
vt 0.633041 0.595073
vt 0.657645 0.661127
vt 0.452969 0.689709
vt 0.451239 0.680576
vt 0.245798 0.966695
vt 0.450118 0.663321
vt 0.658133 0.639130
vt 0.990198 0.679462
vt 0.991129 0.537220
vt 0.991546 0.543756
vt 0.985091 0.548481
vt 0.659384 0.858571
vt 0.276639 0.986670
vt 0.934296 0.438497
vt 0.703333 0.178614
vt 0.700539 0.363564
vt 0.057559 0.769744
vt 0.055811 0.755187
vt 0.627426 0.503342
vt 0.961917 0.227570
vt 0.544315 0.869976
vt 0.544315 0.880158
vt 0.542188 0.874410
vt 0.699091 0.026624
vt 0.702749 0.006734
vt 0.046024 0.630430
vt 0.703075 0.003922
vt 0.667547 0.368699
vt 0.709526 0.000000
vt 0.983704 0.591943
vt 0.991900 0.606412
vt 0.983704 0.611392
vt 0.963173 0.795300
vt 0.244846 0.877504
vt 0.981627 0.950549
vt 0.244073 0.868537
vt 0.240592 0.872249
vt 0.620029 0.998936
vt 0.616783 0.996424
vt 0.620293 0.994153
vt 0.970797 0.954096
vt 0.896880 0.937805
vt 0.171929 0.742399
vt 0.712593 0.875146
vt 0.794865 0.928819
vt 0.793206 0.917053
vt 0.921429 0.064561
vt 0.264046 0.980966
vt 0.142579 0.645124
vt 0.721440 0.857037
vt 0.101357 0.952061
vt 0.093441 0.950947
vt 0.716557 0.858004
vt 0.064109 0.945672
vt 0.067716 0.941059
vt 0.159094 0.050820
vt 0.165543 0.044738
vt 0.110049 0.638232
vt 0.106151 0.645866
vt 0.100204 0.941060
vt 0.084103 0.959715
vt 0.080352 0.957529
vt 0.992099 0.986680
vt 0.987819 0.986576
vt 0.719414 0.854988
vt 0.081778 0.972398
vt 0.081921 0.964493
vt 0.804136 0.293711
vt 0.998293 0.315497
vt 0.993209 0.314305
vt 0.997988 0.305913
vt 0.910974 0.725806
vt 0.168764 0.041361
vt 0.082938 0.967698
vt 0.168734 0.824877
vt 0.159954 0.831513
vt 0.173935 0.032302
vt 0.165874 0.026225
vt 0.168040 0.018746
vt 0.152432 0.832830
vt 0.157923 0.825446
vt 0.148579 0.828719
vt 0.482573 0.369509
vt 0.465050 0.378030
vt 0.502822 0.952156
vt 0.108155 0.033210
vt 0.120016 0.029385
vt 0.982377 0.892159
vt 0.130211 0.019974
vt 0.832153 0.327133
vt 0.840974 0.882450
vt 0.144357 0.816445
vt 0.135979 0.822954
vt 0.130395 0.812338
vt 0.309570 0.987963
vt 0.314191 0.984338
vt 0.536500 0.494562
vt 0.533749 0.490601
vt 0.519064 0.955853
vt 0.523669 0.958147
vt 0.731421 0.774158
vt 0.136194 0.799923
vt 0.124447 0.797926
vt 0.981562 0.358937
vt 0.255696 0.972127
vt 0.253975 0.965358
vt 0.724519 0.748800
vt 0.941298 0.019759
vt 0.428269 0.986950
vt 0.997264 0.260601
vt 0.999599 0.256232
vt 0.999599 0.262048
vt 0.526990 0.453463
vt 0.255573 0.918922
vt 0.837775 0.960238
vt 0.842280 0.961078
vt 0.526264 0.431735
vt 0.927932 0.332611
vt 0.286003 0.840868
vt 0.286433 0.836662
vt 0.461813 0.898225
vt 0.877767 0.617717
vt 0.081589 0.877617
vt 0.893461 0.620566
vt 0.688137 0.557714
vt 0.024221 0.874151
vt 0.932787 0.543148
vt 0.559057 0.768088
vt 0.863766 0.649578
vt 0.853812 0.643609
vt 0.991699 0.100320
vt 0.996729 0.092347
vt 0.702181 0.512412
vt 0.836874 0.636789
vt 0.830718 0.641373
vt 0.844807 0.633787
vt 0.844600 0.616018
vt 0.882316 0.503548
vt 0.889157 0.509781
vt 0.892180 0.491854
vt 0.883131 0.479348
vt 0.839904 0.577356
vt 0.856180 0.541401
vt 0.912553 0.436613
vt 0.860906 0.529270
vt 0.737988 0.414793
vt 0.879107 0.387163
vt 0.921846 0.391568
vt 0.107261 0.971464
vt 0.924906 0.386117
vt 0.249124 0.973051
vt 0.640830 0.584259
vt 0.039351 0.959573
vt 0.034065 0.959573
vt 0.034560 0.954263
vt 0.057752 0.814216
vt 0.053566 0.819307
vt 0.061340 0.807205
vt 0.991576 0.372423
vt 0.636002 0.547897
vt 0.632603 0.556275
vt 0.656277 0.623267
vt 0.634708 0.539905
vt 0.654256 0.857204
vt 0.272433 0.989221
vt 0.632066 0.516239
vt 0.704200 0.167374
vt 0.051526 0.706488
vt 0.622880 0.467360
vt 0.693319 0.276528
vt 0.699309 0.237171
vt 0.997368 0.045105
vt 0.997442 0.051466
vt 0.993022 0.051466
vt 0.700247 0.233735
vt 0.356881 0.722086
vt 0.985224 0.293206
vt 0.806409 0.939513
vt 0.973812 0.957788
vt 0.159967 0.725993
vt 0.250921 0.834968
vt 0.154447 0.707806
vt 0.888309 0.889299
vt 0.892026 0.905668
vt 0.147702 0.680335
vt 0.797093 0.942451
vt 0.132113 0.994541
vt 0.124448 0.992755
vt 0.918945 0.726606
vt 0.961564 0.519773
vt 0.964873 0.510960
vt 0.998194 0.322359
vt 0.993209 0.323424
vt 0.572031 0.977581
vt 0.578911 0.983296
vt 0.575245 0.988521
vt 0.812304 0.306863
vt 0.806628 0.311729
vt 0.908291 0.982449
vt 0.913861 0.983899
vt 0.912851 0.993075
vt 0.981627 0.978474
vt 0.084546 0.954061
vt 0.461624 0.989347
vt 0.465276 0.986313
vt 0.463856 0.990212
vt 0.567679 0.982391
vt 0.561163 0.981383
vt 0.563629 0.969292
vt 0.133596 0.643756
vt 0.141115 0.639357
vt 0.460360 0.981522
vt 0.567679 0.965515
vt 0.571188 0.966883
vt 0.569901 0.968887
vt 0.082938 0.959863
vt 0.168658 0.817387
vt 0.168705 0.034226
vt 0.163860 0.029134
vt 0.046181 0.980678
vt 0.040602 0.980712
vt 0.044643 0.972872
vt 0.991530 0.743735
vt 0.991530 0.724513
vt 0.997624 0.735069
vt 0.822092 0.327715
vt 0.825173 0.337665
vt 0.839560 0.894561
vt 0.868424 0.382656
vt 0.727773 0.818067
vt 0.722021 0.819924
vt 0.967961 0.889911
vt 0.922855 0.986178
vt 0.919957 0.976767
vt 0.728077 0.810460
vt 0.131174 0.010421
vt 0.141244 0.012563
vt 0.121565 0.921198
vt 0.112803 0.914028
vt 0.837183 0.877312
vt 0.532851 0.959306
vt 0.836003 0.865429
vt 0.112066 0.743178
vt 0.510757 0.376132
vt 0.498528 0.380225
vt 0.253873 0.953991
vt 0.582996 0.998236
vt 0.580855 0.995881
vt 0.582996 0.993672
vt 0.499901 0.357124
vt 0.516693 0.381822
vt 0.517613 0.377991
vt 0.520355 0.381822
vt 0.927931 0.376156
vt 0.927932 0.382598
vt 0.922600 0.375906
vt 0.926554 0.372192
vt 0.992586 0.541512
vt 0.997318 0.540357
vt 0.992107 0.545792
vt 0.251353 0.927870
vt 0.926999 0.358333
vt 0.997171 0.533483
vt 0.991955 0.528317
vt 0.280565 0.987763
vt 0.284522 0.976123
vt 0.289346 0.979303
vt 0.389688 0.946533
vt 0.294241 0.970716
vt 0.386331 0.940915
vt 0.515282 0.399093
vt 0.971966 0.443514
vt 0.691337 0.572247
vt 0.090428 0.882893
vt 0.900666 0.615322
vt 0.109385 0.874199
vt 0.103741 0.878537
vt 0.873309 0.541250
vt 0.870584 0.544885
vt 0.867311 0.540021
vt 0.855756 0.652377
vt 0.908067 0.615361
vt 0.895657 0.539531
vt 0.887469 0.531351
vt 0.892012 0.470882
vt 0.880496 0.421510
vt 0.882206 0.399319
vt 0.919112 0.425261
vt 0.916093 0.405838
vt 0.615678 0.965515
vt 0.312262 0.990246
vt 0.317689 0.995804
vt 0.311927 0.995046
vt 0.317689 0.987963
vt 0.637315 0.559136
vt 0.654751 0.631309
vt 0.995891 0.676016
vt 0.064109 0.811581
vt 0.647155 0.378886
vt 0.668370 0.870236
vt 0.664631 0.863523
vt 0.669954 0.866465
vt 0.059731 0.968837
vt 0.979466 0.550566
vt 0.975474 0.545996
vt 0.053169 0.968359
vt 0.053582 0.972872
vt 0.045308 0.967616
vt 0.968016 0.542278
vt 0.971302 0.535497
vt 0.706135 0.202237
vt 0.701063 0.195796
vt 0.699156 0.186278
vt 0.039351 0.967248
vt 0.043880 0.954345
vt 0.050612 0.955443
vt 0.704166 0.148619
vt 0.624086 0.489222
vt 0.058091 0.734822
vt 0.695139 0.306965
vt 0.056091 0.707059
vt 0.977475 0.082373
vt 0.048319 0.566219
vt 0.927974 0.240431
vt 0.616954 0.429497
vt 0.045738 0.630789
vt 0.669228 0.370339
vt 0.664806 0.375875
vt 0.659338 0.366739
vt 0.348711 0.794411
vt 0.974348 0.792730
vt 0.975587 0.184776
vt 0.248164 0.889006
vt 0.978208 0.962882
vt 0.245563 0.871485
vt 0.616783 0.989456
vt 0.998883 0.449534
vt 0.995415 0.444616
vt 0.998883 0.441239
vt 0.164756 0.736574
vt 0.148341 0.697273
vt 0.904697 0.901952
vt 0.722434 0.883396
vt 0.726545 0.864511
vt 0.263228 0.975881
vt 0.724331 0.853666
vt 0.992194 0.092234
vt 0.991699 0.085524
vt 0.997095 0.089226
vt 0.577015 0.969332
vt 0.969634 0.500744
vt 0.992713 0.080839
vt 0.997095 0.082037
vt 0.135267 0.648162
vt 0.555568 0.977771
vt 0.469858 0.982576
vt 0.462461 0.976664
vt 0.136922 0.636305
vt 0.469858 0.974693
vt 0.807807 0.290249
vt 0.812770 0.297827
vt 0.043335 0.987936
vt 0.045702 0.984438
vt 0.046181 0.988387
vt 0.154631 0.821140
vt 0.159901 0.817256
vt 0.741803 0.826131
vt 0.744034 0.818536
vt 0.744034 0.835546
vt 0.706923 0.382481
vt 0.700920 0.374396
vt 0.708133 0.365286
vt 0.871348 0.233249
vt 0.828749 0.335348
vt 0.834834 0.900548
vt 0.842958 0.907004
vt 0.115901 0.036249
vt 0.157308 0.764506
vt 0.146859 0.760421
vt 0.837767 0.890607
vt 0.153294 0.778625
vt 0.150667 0.021917
vt 0.154540 0.012286
vt 0.995415 0.437379
vt 0.995415 0.426792
vt 0.999371 0.436234
vt 0.735698 0.775761
vt 0.965726 0.890953
vt 0.211126 0.776438
vt 0.516524 0.961607
vt 0.112857 0.800676
vt 0.121531 0.740651
vt 0.541056 0.486733
vt 0.979719 0.371634
vt 0.969712 0.369520
vt 0.122846 0.730304
vt 0.501897 0.356339
vt 0.028247 0.021664
vt 0.023317 0.021847
vt 0.023150 0.018298
vt 0.947515 0.017254
vt 0.944508 0.022566
vt 0.253699 0.939938
vt 0.011845 0.025247
vt 0.000000 0.000289
vt 0.008674 0.010914
vt 0.254107 0.931338
vt 0.770121 0.372141
vt 0.769827 0.367418
vt 0.776401 0.369852
vt 0.529368 0.450163
vt 0.528543 0.440990
vt 0.392320 0.943078
vt 0.290766 0.963554
vt 0.362973 0.995278
vt 0.368856 0.989282
vt 0.369669 0.995278
vt 0.366271 0.981991
vt 0.283693 0.839045
vt 0.213719 0.998651
vt 0.213719 0.988811
vt 0.217797 0.992298
vt 0.527289 0.407906
vt 0.513854 0.902936
vt 0.494290 0.908740
vt 0.926471 0.616967
vt 0.832156 0.994651
vt 0.045846 0.885635
vt 0.887752 0.606529
vt 0.896769 0.615395
vt 0.854980 0.666682
vt 0.848136 0.658371
vt 0.701410 0.535325
vt 0.951978 0.530101
vt 0.833821 0.649869
vt 0.843403 0.645142
vt 0.839726 0.654437
vt 0.832592 0.644168
vt 0.843911 0.638343
vt 0.886727 0.527218
vt 0.887439 0.441826
vt 0.849713 0.545823
vt 0.843205 0.556946
vt 0.834109 0.541245
vt 0.897845 0.449095
vt 0.909631 0.418599
vt 0.828135 0.526217
vt 0.822780 0.515123
vt 0.853102 0.515945
vt 0.864733 0.504235
vt 0.993014 0.458348
vt 0.989426 0.476386
vt 0.984126 0.465617
vt 0.986971 0.455447
vt 0.743501 0.412726
vt 0.981411 0.462201
vt 0.988466 0.687604
vt 0.983449 0.684218
vt 0.989281 0.672178
vt 0.982487 0.673898
vt 0.744348 0.397876
vt 0.982665 0.449554
vt 0.985471 0.666682
vt 0.214453 0.814407
vt 0.214453 0.822945
vt 0.207488 0.821346
vt 0.207956 0.814861
vt 0.992218 0.672852
vt 0.639909 0.552689
vt 0.639144 0.555446
vt 0.973591 0.554513
vt 0.966702 0.549509
vt 0.961565 0.554368
vt 0.961565 0.546677
vt 0.732814 0.993836
vt 0.736022 0.992861
vt 0.736022 0.999448
vt 0.667682 0.860594
vt 0.706146 0.208899
vt 0.700631 0.207017
vt 0.053652 0.962410
vt 0.634038 0.527829
vt 0.697637 0.343727
vt 0.840561 0.847395
vt 0.835210 0.829705
vt 0.841196 0.835844
vt 0.621869 0.445033
vt 0.692493 0.248620
vt 0.052354 0.657327
vt 0.958846 0.235664
vt 0.695623 0.237902
vt 0.034004 0.959162
vt 0.030552 0.954333
vt 0.034004 0.954263
vt 0.357050 0.833750
vt 0.062452 0.464411
vt 0.358482 0.741167
vt 0.980492 0.293341
vt 0.247595 0.903565
vt 0.247120 0.884693
vt 0.981262 0.963031
vt 0.970502 0.959233
vt 0.247856 0.866812
vt 0.922861 0.700071
vt 0.922897 0.715452
vt 0.919264 0.700980
vt 0.995631 0.926927
vt 0.989022 0.927354
vt 0.989022 0.915718
vt 0.139904 0.661916
vt 0.915889 0.713878
vt 0.914098 0.701344
vt 0.905983 0.994546
vt 0.555568 0.991242
vt 0.559112 0.965515
vt 0.538317 0.382566
vt 0.535518 0.378770
vt 0.538317 0.378530
vt 0.995220 0.071178
vt 0.913307 0.980905
vt 0.905983 0.978968
vt 0.164206 0.043105
vt 0.161897 0.032627
vt 0.162307 0.813795
vt 0.157550 0.034063
vt 0.160154 0.030691
vt 0.039351 0.986784
vt 0.738375 0.779709
vt 0.743827 0.777606
vt 0.740393 0.780858
vt 0.834801 0.895751
vt 0.726768 0.831528
vt 0.567679 0.995551
vt 0.564266 0.999043
vt 0.564266 0.991242
vt 0.739103 0.774833
vt 0.141520 0.028144
vt 0.732799 0.815911
vt 0.154595 0.787356
vt 0.143455 0.795460
vt 0.541733 0.497556
vt 0.199293 0.775238
vt 0.836022 0.881395
vt 0.517453 0.969819
vt 0.527350 0.969948
vt 0.830689 0.974054
vt 0.863647 0.320129
vt 0.843403 0.321921
vt 0.849811 0.311327
vt 0.849893 0.304992
vt 0.923944 0.015648
vt 0.333433 0.995527
vt 0.331828 0.986522
vt 0.338682 0.986522
vt 0.016332 0.022007
vt 0.999774 0.800811
vt 0.999774 0.807298
vt 0.997077 0.804246
vt 0.636902 0.861119
vt 0.631518 0.848755
vt 0.635812 0.846203
vt 0.985918 0.043000
vt 0.982923 0.037606
vt 0.987785 0.037606
vt 0.528021 0.906356
vt 0.451871 0.897340
vt 0.924708 0.606230
vt 0.922920 0.608267
vt 0.077925 0.878393
vt 0.038839 0.876426
vt 0.994481 0.165194
vt 0.997440 0.162860
vt 0.997440 0.167527
vt 0.999496 0.372416
vt 0.996891 0.366770
vt 0.999496 0.362927
vt 0.696494 0.555969
vt 0.701708 0.547971
vt 0.833273 0.658900
vt 0.881066 0.536839
vt 0.890128 0.547001
vt 0.901909 0.422106
vt 0.890150 0.418978
vt 0.884193 0.409982
vt 0.742595 0.422537
vt 0.110092 0.668467
vt 0.110092 0.658318
vt 0.114280 0.665308
vt 0.112411 0.653755
vt 0.654256 0.638459
vt 0.994756 0.671630
vt 0.989625 0.550921
vt 0.991900 0.381409
vt 0.989281 0.670431
vt 0.640131 0.549745
vt 0.950119 0.839811
vt 0.953956 0.839398
vt 0.950119 0.845695
vt 0.654610 0.871369
vt 0.661218 0.867928
vt 0.996945 0.717117
vt 0.999972 0.718208
vt 0.699098 0.214252
vt 0.703207 0.209645
vt 0.704039 0.215899
vt 0.999079 0.953584
vt 0.995747 0.944531
vt 0.999079 0.942996
vt 0.636558 0.366937
vt 0.063983 0.971558
vt 0.140911 0.995357
vt 0.137441 0.991282
vt 0.626981 0.347345
vt 0.634813 0.520758
vt 0.049762 0.952425
vt 0.605203 0.990829
vt 0.610699 0.985230
vt 0.610699 0.997838
vt 0.930800 0.445564
vt 0.222282 0.822547
vt 0.220441 0.816045
vt 0.225306 0.818424
vt 0.698193 0.184051
vt 0.693479 0.326297
vt 0.697203 0.117132
vt 0.700147 0.088551
vt 0.974489 0.083714
vt 0.047989 0.541611
vt 0.614442 0.406362
vt 0.639785 0.997518
vt 0.635552 0.994460
vt 0.639828 0.989348
vt 0.634910 0.990557
vt 0.054768 0.500339
vt 0.660987 0.360016
vt 0.928123 0.123328
vt 0.978387 0.791561
vt 0.800404 0.940542
vt 0.162991 0.744993
vt 0.253469 0.855593
vt 0.250856 0.843916
vt 0.957551 0.154322
vt 0.956306 0.138572
vt 0.966751 0.148234
vt 0.145208 0.690935
vt 0.915331 0.897729
vt 0.138497 0.671723
vt 0.729178 0.875334
vt 0.995560 0.940472
vt 0.466387 0.988845
vt 0.173088 0.810528
vt 0.044068 0.991773
vt 0.849815 0.995124
vt 0.853878 0.993477
vt 0.853878 0.998221
vt 0.850041 0.988828
vt 0.112094 0.044131
vt 0.694990 0.365286
vt 0.831928 0.911385
vt 0.839988 0.919598
vt 0.164768 0.023722
vt 0.160627 0.028051
vt 0.157833 0.816507
vt 0.280551 0.994181
vt 0.277030 0.986138
vt 0.280551 0.983432
vt 0.128579 0.032969
vt 0.735525 0.783242
vt 0.998238 0.441239
vt 0.152281 0.800963
vt 0.834374 0.334826
vt 0.964850 0.894899
vt 0.736001 0.813165
vt 0.544348 0.494583
vt 0.112936 0.921016
vt 0.995631 0.927474
vt 0.999606 0.933239
vt 0.995631 0.940472
vt 0.846408 0.323450
vt 0.834214 0.979001
vt 0.823654 0.880317
vt 0.639937 0.885550
vt 0.640157 0.873861
vt 0.642977 0.884872
vt 0.511680 0.381092
vt 0.810830 0.677401
vt 0.810830 0.660787
vt 0.814100 0.670155
vt 0.726073 0.762099
vt 0.022824 0.033819
vt 0.632656 0.870544
vt 0.632706 0.862334
vt 0.855879 0.302852
vt 0.017846 0.013693
vt 0.015292 0.010394
vt 0.007602 0.000000
vt 0.635672 0.838348
vt 0.642554 0.839174
vt 0.894138 0.995933
vt 0.897170 0.991631
vt 0.769827 0.381720
vt 0.773221 0.375397
vt 0.280301 0.872093
vt 0.274982 0.882829
vt 0.274982 0.871887
vt 0.279938 0.906017
vt 0.274981 0.897407
vt 0.279904 0.895252
vt 0.414142 0.995260
vt 0.415017 0.987492
vt 0.420379 0.995260
vt 0.249124 0.922418
vt 0.997470 0.228787
vt 0.994269 0.222727
vt 0.997437 0.222713
vt 0.250598 0.918261
vt 0.997318 0.525344
vt 0.253136 0.912711
vt 0.487315 0.999853
vt 0.484326 0.996349
vt 0.487315 0.993590
vt 0.566207 0.647905
vt 0.564386 0.634465
vt 0.566207 0.633312
vt 0.029096 0.991765
vt 0.037030 0.979232
vt 0.037751 0.984937
vt 0.110357 0.733232
vt 0.110357 0.724958
vt 0.111784 0.730132
vt 0.519527 0.385255
vt 0.964619 0.609203
vt 0.882245 0.608438
vt 0.085966 0.882463
vt 0.871531 0.552753
vt 0.879205 0.547702
vt 0.841126 0.529007
vt 0.846786 0.526885
vt 0.833467 0.528783
vt 0.989281 0.701862
vt 0.988860 0.709575
vt 0.984012 0.703968
vt 0.223525 0.991673
vt 0.226350 0.997110
vt 0.737552 0.422962
vt 0.984071 0.697889
vt 0.439218 0.992685
vt 0.444217 0.987628
vt 0.444217 0.997132
vt 0.113047 0.680750
vt 0.659362 0.919186
vt 0.654256 0.909360
vt 0.662608 0.913335
vt 0.659814 0.885161
vt 0.697901 0.918620
vt 0.704333 0.903716
vt 0.703033 0.914552
vt 0.816477 0.492145
vt 0.814477 0.463144
vt 0.819391 0.463064
vt 0.699211 0.885944
vt 0.707823 0.884340
vt 0.654930 0.877633
vt 0.663145 0.883047
vt 0.862025 0.466323
vt 0.858575 0.464291
vt 0.865943 0.459548
vt 0.641138 0.377653
vt 0.999580 0.570421
vt 0.997102 0.564633
vt 0.660530 0.874446
vt 0.667101 0.870079
vt 0.667382 0.877204
vt 0.865382 0.450614
vt 0.860774 0.455390
vt 0.700715 0.217975
vt 0.638478 0.541233
vt 0.639260 0.376353
vt 0.788337 0.230069
vt 0.791760 0.236570
vt 0.310476 0.987963
vt 0.310476 0.997842
vt 0.305995 0.995490
vt 0.956919 0.846586
vt 0.059731 0.965949
vt 0.697062 0.195023
vt 0.639346 0.532603
vt 0.630494 0.358645
vt 0.045284 0.947924
vt 0.937732 0.445473
vt 0.634181 0.515901
vt 0.987190 0.241627
vt 0.987278 0.237847
vt 0.994551 0.241627
vt 0.634664 0.511490
vt 0.875145 0.855279
vt 0.868430 0.848208
vt 0.875355 0.843516
vt 0.991399 0.228787
vt 0.251234 0.806951
vt 0.257484 0.800186
vt 0.255800 0.822966
vt 0.866182 0.843686
vt 0.249517 0.799956
vt 0.845506 0.844540
vt 0.875501 0.823773
vt 0.866400 0.821624
vt 0.220885 0.798090
vt 0.223072 0.774269
vt 0.227087 0.791739
vt 0.042541 0.570769
vt 0.040568 0.563114
vt 0.990650 0.025296
vt 0.996189 0.024390
vt 0.996189 0.042765
vt 0.041123 0.558129
vt 0.693593 0.059481
vt 0.691550 0.241249
vt 0.053796 0.642790
vt 0.354001 0.824210
vt 0.696503 0.003703
vt 0.673321 0.365963
vt 0.980405 0.185564
vt 0.814307 0.947840
vt 0.256608 0.874563
vt 0.138985 0.675488
vt 0.919342 0.893444
vt 0.735557 0.868742
vt 0.995134 0.913070
vt 0.256686 0.975091
vt 0.134308 0.659503
vt 0.132778 0.654446
vt 0.140976 0.048601
vt 0.146904 0.043481
vt 0.154550 0.052837
vt 0.737419 0.849684
vt 0.729542 0.848733
vt 0.160859 0.047197
vt 0.179340 0.803788
vt 0.170289 0.796973
vt 0.172401 0.791546
vt 0.168869 0.802483
vt 0.580855 0.965515
vt 0.444217 0.989037
vt 0.449152 0.987629
vt 0.449152 0.997251
vt 0.176388 0.776075
vt 0.172407 0.780725
vt 0.171491 0.773389
vt 0.153959 0.038398
vt 0.999527 0.957319
vt 0.999527 0.965027
vt 0.997004 0.962616
vt 0.165715 0.807569
vt 0.450118 0.910137
vt 0.446826 0.915868
vt 0.446826 0.909764
vt 0.045126 0.996703
vt 0.039628 0.995390
vt 0.508715 0.996382
vt 0.502822 0.993199
vt 0.508715 0.987345
vt 0.831734 0.922967
vt 0.161266 0.779112
vt 0.162456 0.766195
vt 0.125499 0.042572
vt 0.162779 0.806331
vt 0.119729 0.033012
vt 0.728822 0.837022
vt 0.741803 0.838914
vt 0.828289 0.897947
vt 0.735659 0.785236
vt 0.999709 0.620886
vt 0.996987 0.616777
vt 0.999709 0.613501
vt 0.975454 0.903141
vt 0.966674 0.900191
vt 0.962986 0.900121
vt 0.739725 0.825903
vt 0.209210 0.787320
vt 0.208745 0.779667
vt 0.212733 0.775493
vt 0.546682 0.498339
vt 0.119904 0.925516
vt 0.532702 0.967221
vt 0.115184 0.803253
vt 0.534940 0.967596
vt 0.726057 0.770072
vt 0.634834 0.883997
vt 0.837478 0.859668
vt 0.017958 0.033062
vt 0.626333 0.857470
vt 0.945432 0.009830
vt 0.950945 0.013990
vt 0.625763 0.853342
vt 0.626480 0.846275
vt 0.450118 0.848770
vt 0.446183 0.852529
vt 0.446183 0.839410
vt 0.645201 0.827281
vt 0.637030 0.833022
vt 0.868906 0.988044
vt 0.868906 0.995097
vt 0.863485 0.990701
vt 0.781552 0.373368
vt 0.994269 0.213316
vt 0.998755 0.217277
vt 0.534116 0.442997
vt 0.249558 0.912636
vt 0.523829 0.439046
vt 0.773460 0.995727
vt 0.768767 0.997500
vt 0.768767 0.988571
vt 0.997353 0.606099
vt 0.997463 0.611392
vt 0.991899 0.606724
vt 0.505787 0.911134
vt 0.982711 0.443793
vt 0.466876 0.901222
vt 0.944372 0.601510
vt 0.402204 0.908399
vt 0.442076 0.904241
vt 0.052040 0.886447
vt 0.695238 0.583724
vt 0.685890 0.585393
vt 0.643829 0.915038
vt 0.646989 0.903357
vt 0.653642 0.920794
vt 0.642385 0.906803
vt 0.032288 0.880952
vt 0.698094 0.565842
vt 0.898467 0.610567
vt 0.092806 0.887603
vt 0.935432 0.531356
vt 0.839831 0.524953
vt 0.996767 0.153365
vt 0.992542 0.151344
vt 0.997323 0.144453
vt 0.986445 0.485510
vt 0.993014 0.488451
vt 0.991342 0.141186
vt 0.983410 0.476511
vt 0.862477 0.490238
vt 0.856485 0.499853
vt 0.691517 0.912375
vt 0.669970 0.880685
vt 0.854781 0.458951
vt 0.853879 0.455468
vt 0.306931 0.989109
vt 0.294241 0.998948
vt 0.290145 0.990005
vt 0.294241 0.987763
vt 0.641200 0.522664
vt 0.625079 0.352175
vt 0.056526 0.955455
vt 0.638160 0.518288
vt 0.047468 0.946556
vt 0.935491 0.447523
vt 0.686673 0.978697
vt 0.690581 0.973393
vt 0.691970 0.977596
vt 0.683382 0.974843
vt 0.692303 0.972450
vt 0.042701 0.938150
vt 0.695871 0.180543
vt 0.040929 0.937434
vt 0.227662 0.806001
vt 0.439218 0.987809
vt 0.433489 0.995925
vt 0.433489 0.987628
vt 0.634886 0.506328
vt 0.632662 0.498259
vt 0.864519 0.836125
vt 0.846383 0.835095
vt 0.253117 0.792367
vt 0.259453 0.780472
vt 0.827836 0.803134
vt 0.874194 0.789891
vt 0.222777 0.737411
vt 0.217250 0.735013
vt 0.059903 0.681855
vt 0.691920 0.037369
vt 0.602499 0.621989
vt 0.673423 0.353275
vt 0.361599 0.793976
vt 0.360323 0.764980
vt 0.258355 0.884426
vt 0.257851 0.879728
vt 0.972414 0.964614
vt 0.254370 0.869242
vt 0.168320 0.746542
vt 0.148764 0.725348
vt 0.963320 0.161086
vt 0.133501 0.664674
vt 0.130152 0.643825
vt 0.734825 0.847248
vt 0.588209 0.995223
vt 0.591683 0.985891
vt 0.595594 0.995223
vt 0.152770 0.034662
vt 0.138454 0.046228
vt 0.018473 0.995035
vt 0.023071 0.990913
vt 0.023071 0.997058
vt 0.170647 0.788712
vt 0.735904 0.840976
vt 0.447594 0.902672
vt 0.826047 0.916533
vt 0.825394 0.923489
vt 0.155005 0.782791
vt 0.132157 0.048681
vt 0.826521 0.901779
vt 0.985303 0.902171
vt 0.826392 0.344226
vt 0.838502 0.995240
vt 0.835051 0.998908
vt 0.835051 0.991660
vt 0.562048 0.998356
vt 0.563402 0.991242
vt 0.537983 0.479304
vt 0.554952 0.492155
vt 0.124447 0.758438
vt 0.513100 0.377667
vt 0.510180 0.357554
vt 0.502584 0.350399
vt 0.503210 0.347371
vt 0.954565 0.007517
vt 0.954286 0.011862
vt 0.960458 0.008115
vt 0.504368 0.338244
vt 0.513100 0.346027
vt 0.628849 0.840658
vt 0.862876 0.995493
vt 0.774607 0.379934
vt 0.275616 0.859681
vt 0.532080 0.427806
vt 0.280565 0.964575
vt 0.281900 0.956646
vt 0.026670 0.977346
vt 0.528486 0.395383
vt 0.526294 0.387366
vt 0.875465 0.606362
vt 0.049519 0.892132
vt 0.930800 0.538362
vt 0.103462 0.890753
vt 0.112398 0.881616
vt 0.878188 0.557883
vt 0.708241 0.544262
vt 0.703321 0.528766
vt 0.678776 0.949704
vt 0.670081 0.944672
vt 0.682954 0.944679
vt 0.991342 0.162797
vt 0.301059 0.994385
vt 0.305995 0.988909
vt 0.305995 0.996211
vt 0.829687 0.524422
vt 0.847382 0.521444
vt 0.823072 0.510850
vt 0.828529 0.511026
vt 0.664616 0.937005
vt 0.664423 0.925481
vt 0.825080 0.481791
vt 0.694148 0.928794
vt 0.850239 0.488125
vt 0.849612 0.461803
vt 0.991955 0.557428
vt 0.984921 0.551216
vt 0.641815 0.556470
vt 0.645228 0.549597
vt 0.696212 0.225583
vt 0.691460 0.197917
vt 0.942163 0.449554
vt 0.684791 0.986318
vt 0.276797 0.983432
vt 0.276797 0.973003
vt 0.280551 0.979689
vt 0.625312 0.999973
vt 0.625312 0.990682
vt 0.628442 0.992459
vt 0.046687 0.939032
vt 0.986512 0.264382
vt 0.991093 0.271854
vt 0.636987 0.510546
vt 0.689268 0.961677
vt 0.990956 0.263769
vt 0.687876 0.961697
vt 0.995728 0.702973
vt 0.995728 0.692465
vt 0.999102 0.693913
vt 0.041808 0.930701
vt 0.636996 0.501619
vt 0.781035 0.980801
vt 0.783015 0.975548
vt 0.783199 0.984770
vt 0.520355 0.381928
vt 0.520355 0.377991
vt 0.523736 0.380595
vt 0.039351 0.928804
vt 0.877659 0.986916
vt 0.878014 0.979020
vt 0.880156 0.980720
vt 0.636544 0.498584
vt 0.995891 0.689846
vt 0.998438 0.687078
vt 0.998438 0.692371
vt 0.633712 0.489012
vt 0.231991 0.798715
vt 0.111784 0.724958
vt 0.110248 0.719977
vt 0.231823 0.793911
vt 0.864681 0.831046
vt 0.861382 0.824211
vt 0.229165 0.767692
vt 0.866243 0.791654
vt 0.832282 0.799299
vt 0.690743 0.091184
vt 0.954153 0.241919
vt 0.687359 0.246030
vt 0.639828 0.983219
vt 0.634101 0.986261
vt 0.622175 0.415149
vt 0.044944 0.525454
vt 0.693262 0.006640
vt 0.051536 0.627703
vt 0.049178 0.490583
vt 0.056763 0.458388
vt 0.982745 0.180667
vt 0.254272 0.872110
vt 0.403006 0.780593
vt 0.404066 0.790312
vt 0.399236 0.791394
vt 0.259125 0.846226
vt 0.903635 0.909973
vt 0.941108 0.522743
vt 0.930800 0.514160
vt 0.937981 0.503834
vt 0.133661 0.683856
vt 0.126694 0.652370
vt 0.132417 0.052561
vt 0.115873 0.055337
vt 0.995154 0.382656
vt 0.999763 0.391277
vt 0.820730 0.344668
vt 0.541898 0.929287
vt 0.543748 0.921571
vt 0.547650 0.924470
vt 0.539518 0.924517
vt 0.539710 0.920347
vt 0.833021 0.339221
vt 0.838195 0.339963
vt 0.728455 0.787583
vt 0.737402 0.817416
vt 0.549847 0.498932
vt 0.831214 0.882382
vt 0.724519 0.783779
vt 0.818702 0.874820
vt 0.997004 0.957319
vt 0.995763 0.968112
vt 0.992099 0.960847
vt 0.022447 0.050361
vt 0.512990 0.367622
vt 0.968948 0.000464
vt 0.509009 0.336100
vt 0.625131 0.835137
vt 0.571752 0.852081
vt 0.568063 0.848219
vt 0.571292 0.845923
vt 0.279938 0.882829
vt 0.536211 0.435437
vt 0.997463 0.591237
vt 0.694754 0.591076
vt 0.071273 0.889881
vt 0.044062 0.902629
vt 0.636901 0.909862
vt 0.682586 0.921928
vt 0.687476 0.940721
vt 0.851342 0.512830
vt 0.673664 0.883428
vt 0.829805 0.460834
vt 0.830898 0.464159
vt 0.995891 0.666682
vt 0.999873 0.972728
vt 0.999873 0.979536
vt 0.997004 0.976958
vt 0.400574 0.980535
vt 0.411364 0.972758
vt 0.406954 0.986815
vt 0.399610 0.973829
vt 0.622187 0.369438
vt 0.059705 0.955958
vt 0.449258 0.959573
vt 0.446286 0.948564
vt 0.449956 0.948564
vt 0.694531 0.183609
vt 0.643524 0.516374
vt 0.989526 0.813807
vt 0.983665 0.803061
vt 0.987458 0.794356
vt 0.690713 0.173192
vt 0.693724 0.171919
vt 0.683382 0.958978
vt 0.786515 0.970774
vt 0.786515 0.991936
vt 0.991402 0.258754
vt 0.983665 0.785461
vt 0.990912 0.795661
vt 0.989549 0.783698
vt 0.988793 0.250876
vt 0.780762 0.973034
vt 0.783756 0.965609
vt 0.690506 0.958768
vt 0.984623 0.782179
vt 0.986312 0.777683
vt 0.637451 0.492225
vt 0.689841 0.954517
vt 0.687406 0.949703
vt 0.880999 0.975911
vt 0.233991 0.787330
vt 0.251145 0.794808
vt 0.249094 0.787498
vt 0.253886 0.769976
vt 0.845437 0.827345
vt 0.240461 0.782045
vt 0.234235 0.777072
vt 0.266681 0.732346
vt 0.267372 0.762538
vt 0.274982 0.730987
vt 0.821444 0.776484
vt 0.034941 0.571769
vt 0.968495 0.072590
vt 0.217915 0.704012
vt 0.627849 0.423186
vt 0.624077 0.399678
vt 0.619124 0.382877
vt 0.040845 0.518580
vt 0.609497 0.623791
vt 0.060210 0.644225
vt 0.952945 0.138572
vt 0.933218 0.137301
vt 0.923944 0.134039
vt 0.979696 0.802905
vt 0.970380 0.800784
vt 0.973368 0.295710
vt 0.256441 0.902420
vt 0.968269 0.968590
vt 0.999405 0.012389
vt 0.996849 0.009352
vt 0.999405 0.000000
vt 0.160111 0.749794
vt 0.258494 0.866908
vt 0.153089 0.734424
vt 0.956306 0.164779
vt 0.147931 0.716491
vt 0.999162 0.673349
vt 0.890845 0.914139
vt 0.140299 0.705970
vt 0.948770 0.508063
vt 0.493726 0.988842
vt 0.490601 0.991185
vt 0.487315 0.981867
vt 0.739707 0.856503
vt 0.466564 0.990212
vt 0.469858 0.994557
vt 0.466564 0.999521
vt 0.127390 0.640825
vt 0.547038 0.939154
vt 0.545375 0.931624
vt 0.551061 0.934078
vt 0.542464 0.935787
vt 0.987825 0.913070
vt 0.573836 0.356443
vt 0.588158 0.350745
vt 0.579834 0.357811
vt 0.535599 0.926944
vt 0.823875 0.353909
vt 0.509154 0.978132
vt 0.506838 0.974754
vt 0.510198 0.973289
vt 0.214842 0.791230
vt 0.212633 0.795290
vt 0.091448 0.035997
vt 0.094519 0.038651
vt 0.092537 0.043077
vt 0.534940 0.918841
vt 0.514502 0.972555
vt 0.828168 0.883489
vt 0.552275 0.497333
vt 0.963190 0.377423
vt 0.606582 0.872209
vt 0.616063 0.858433
vt 0.609721 0.880109
vt 0.944222 0.004686
vt 0.958709 0.000000
vt 0.625274 0.832787
vt 0.630541 0.836860
vt 0.632558 0.828230
vt 0.628453 0.828524
vt 0.638582 0.820533
vt 0.564911 0.840529
vt 0.560033 0.840703
vt 0.029509 0.969354
vt 0.539443 0.419555
vt 0.511088 0.918842
vt 0.922820 0.597617
vt 0.068293 0.897866
vt 0.075394 0.896414
vt 0.700360 0.578021
vt 0.086342 0.895674
vt 0.098994 0.891703
vt 0.870016 0.996073
vt 0.872931 0.989685
vt 0.876422 0.990266
vt 0.737293 0.892833
vt 0.728128 0.896102
vt 0.734292 0.885846
vt 0.704461 0.556305
vt 0.724832 0.884917
vt 0.720440 0.896504
vt 0.715585 0.883396
vt 0.763682 0.974131
vt 0.758547 0.977429
vt 0.754432 0.965609
vt 0.940706 0.522743
vt 0.673720 0.924610
vt 0.838405 0.497506
vt 0.842918 0.465374
vt 0.687156 0.887736
vt 0.691920 0.883314
vt 0.691042 0.880494
vt 0.696287 0.881575
vt 0.695734 0.878564
vt 0.637559 0.382153
vt 0.400049 0.963510
vt 0.652224 0.533392
vt 0.640046 0.497712
vt 0.690502 0.162003
vt 0.985224 0.252421
vt 0.641606 0.493989
vt 0.140911 0.945708
vt 0.146443 0.944102
vt 0.144134 0.952722
vt 0.171346 0.955188
vt 0.167082 0.950146
vt 0.171472 0.944459
vt 0.988701 0.241919
vt 0.639717 0.487082
vt 0.142079 0.939230
vt 0.633083 0.482210
vt 0.637330 0.479502
vt 0.877013 0.971579
vt 0.880999 0.970307
vt 0.148016 0.937976
vt 0.144349 0.931283
vt 0.634749 0.476890
vt 0.247565 0.783507
vt 0.857093 0.818183
vt 0.836473 0.794299
vt 0.872279 0.761662
vt 0.826851 0.772214
vt 0.823427 0.754533
vt 0.682303 0.253934
vt 0.786515 0.995407
vt 0.783238 0.998898
vt 0.608744 0.621880
vt 0.600290 0.617963
vt 0.057921 0.625811
vt 0.467728 0.382322
vt 0.463530 0.382322
vt 0.466360 0.378060
vt 0.690875 0.002830
vt 0.726914 0.992861
vt 0.731802 0.987068
vt 0.363000 0.823422
vt 0.368685 0.751765
vt 0.388442 0.992658
vt 0.379795 0.986490
vt 0.388442 0.978314
vt 0.362283 0.721145
vt 0.981710 0.299110
vt 0.967405 0.298891
vt 0.260231 0.888629
vt 0.259117 0.871405
vt 0.971775 0.969038
vt 0.257578 0.853829
vt 0.939545 0.497541
vt 0.133394 0.671359
vt 0.553443 0.976425
vt 0.547019 0.968919
vt 0.551673 0.970558
vt 0.547821 0.976223
vt 0.493959 0.978869
vt 0.547722 0.944198
vt 0.545495 0.944000
vt 0.128933 0.058872
vt 0.120817 0.056587
vt 0.103921 0.059371
vt 0.096311 0.055126
vt 0.097792 0.053315
vt 0.930800 0.458951
vt 0.936610 0.455036
vt 0.936571 0.461317
vt 0.993472 0.172571
vt 0.993060 0.175255
vt 0.987190 0.172253
vt 0.931914 0.451905
vt 0.987938 0.167713
vt 0.934980 0.449554
vt 0.594863 0.347507
vt 0.606839 0.336100
vt 0.606703 0.344673
vt 0.550200 0.922227
vt 0.502822 0.981884
vt 0.095612 0.045716
vt 0.186051 0.997378
vt 0.190294 0.992848
vt 0.190294 0.997874
vt 0.824062 0.899158
vt 0.564323 0.681531
vt 0.566207 0.676047
vt 0.566207 0.688453
vt 0.640751 0.903357
vt 0.644852 0.896810
vt 0.645201 0.891770
vt 0.200555 0.792027
vt 0.860267 0.328865
vt 0.844184 0.328339
vt 0.992850 0.977453
vt 0.026946 0.050235
vt 0.819421 0.861689
vt 0.114395 0.751410
vt 0.819417 0.858474
vt 0.605852 0.882148
vt 0.588101 0.868832
vt 0.600230 0.865539
vt 0.597385 0.874172
vt 0.579782 0.854511
vt 0.557404 0.832305
vt 0.644540 0.811749
vt 0.037751 0.959620
vt 0.971991 0.448292
vt 0.462967 0.903076
vt 0.450118 0.903701
vt 0.421246 0.919046
vt 0.399610 0.921536
vt 0.442216 0.892155
vt 0.446179 0.911443
vt 0.759125 0.990628
vt 0.754432 0.985229
vt 0.759685 0.982488
vt 0.679816 0.885901
vt 0.684797 0.884333
vt 0.681459 0.880230
vt 0.677479 0.867385
vt 0.835581 0.454089
vt 0.849183 0.445598
vt 0.690119 0.868912
vt 0.827940 0.442937
vt 0.685780 0.211020
vt 0.619089 0.357664
vt 0.613437 0.352491
vt 0.620456 0.344027
vt 0.167618 0.940001
vt 0.968068 0.655071
vt 0.964129 0.656708
vt 0.966006 0.650234
vt 0.158643 0.940910
vt 0.166308 0.936722
vt 0.159451 0.935620
vt 0.162303 0.931283
vt 0.856899 0.823026
vt 0.849065 0.826391
vt 0.849895 0.823630
vt 0.243400 0.765007
vt 0.848204 0.804487
vt 0.271211 0.701116
vt 0.284798 0.699522
vt 0.280565 0.662884
vt 0.294156 0.700037
vt 0.869319 0.735218
vt 0.877952 0.730217
vt 0.035594 0.549053
vt 0.679665 0.248856
vt 0.622467 0.382656
vt 0.685882 0.022268
vt 0.683541 0.006765
vt 0.989281 0.704553
vt 0.992035 0.692465
vt 0.995728 0.703479
vt 0.664367 0.355494
vt 0.689402 0.003646
vt 0.732445 0.982911
vt 0.966285 0.802896
vt 0.957751 0.801079
vt 0.979720 0.176851
vt 0.984289 0.176624
vt 0.964288 0.290087
vt 0.960616 0.299610
vt 0.399395 0.798357
vt 0.403819 0.795172
vt 0.265071 0.858605
vt 0.120597 0.126019
vt 0.119800 0.134632
vt 0.115274 0.128842
vt 0.133803 0.697523
vt 0.948180 0.522298
vt 0.550780 0.967336
vt 0.487315 0.975221
vt 0.495982 0.974693
vt 0.551725 0.961069
vt 0.813721 0.987495
vt 0.806655 0.995061
vt 0.806655 0.979819
vt 0.543013 0.956637
vt 0.547098 0.954186
vt 0.550873 0.954664
vt 0.547457 0.951012
vt 0.553716 0.940866
vt 0.106846 0.062488
vt 0.098731 0.062907
vt 0.152194 0.991666
vt 0.147081 0.986352
vt 0.150540 0.983202
vt 0.993845 0.183244
vt 0.987190 0.189208
vt 0.105970 0.055695
vt 0.462967 0.996600
vt 0.466564 0.998659
vt 0.104957 0.051879
vt 0.103317 0.041938
vt 0.606213 0.361316
vt 0.587618 0.360058
vt 0.901390 0.997441
vt 0.905025 0.992814
vt 0.905025 0.998722
vt 0.995415 0.413638
vt 0.999414 0.412179
vt 0.996681 0.419165
vt 0.508112 0.984242
vt 0.839803 0.351180
vt 0.733690 0.789452
vt 0.208941 0.800407
vt 0.519378 0.982482
vt 0.854841 0.335130
vt 0.843683 0.334801
vt 0.825634 0.884564
vt 0.110481 0.812101
vt 0.119044 0.930284
vt 0.580534 0.842933
vt 0.619230 0.830047
vt 0.575011 0.836892
vt 0.450059 0.791253
vt 0.448059 0.795829
vt 0.446646 0.785962
vt 0.171472 0.985295
vt 0.174480 0.983197
vt 0.182469 0.987825
vt 0.171472 0.975543
vt 0.560275 0.827390
vt 0.485803 0.913820
vt 0.474399 0.909770
vt 0.444078 0.915109
vt 0.709003 0.566796
vt 0.735550 0.902352
vt 0.630350 0.923335
vt 0.628849 0.912768
vt 0.877013 0.979994
vt 0.991402 0.280734
vt 0.991402 0.262048
vt 0.996938 0.276607
vt 0.157965 0.993980
vt 0.152230 0.997848
vt 0.152230 0.983202
vt 0.685570 0.186849
vt 0.140911 0.981102
vt 0.143204 0.964463
vt 0.150387 0.966159
vt 0.611953 0.335259
vt 0.147917 0.949690
vt 0.687693 0.161383
vt 0.961815 0.665967
vt 0.959294 0.664233
vt 0.960383 0.651143
vt 0.148977 0.932207
vt 0.965475 0.643831
vt 0.246320 0.747991
vt 0.234178 0.729463
vt 0.260245 0.726158
vt 0.227058 0.713336
vt 0.972841 0.071178
vt 0.028769 0.568321
vt 0.288355 0.662050
vt 0.997671 0.830832
vt 0.994085 0.827661
vt 0.999050 0.820685
vt 0.816744 0.742563
vt 0.816856 0.726230
vt 0.217250 0.656342
vt 0.222243 0.686261
vt 0.613559 0.623045
vt 0.614075 0.615484
vt 0.064109 0.619561
vt 0.450092 0.711338
vt 0.446228 0.693565
vt 0.450092 0.687993
vt 0.049402 0.464915
vt 0.164227 0.220112
vt 0.163215 0.210826
vt 0.170715 0.223063
vt 0.263662 0.893065
vt 0.803198 0.948809
vt 0.263109 0.874817
vt 0.977858 0.972228
vt 0.862876 0.988044
vt 0.862242 0.991922
vt 0.858117 0.988044
vt 0.900236 0.918720
vt 0.886910 0.926678
vt 0.542096 0.989452
vt 0.544114 0.981884
vt 0.551634 0.987771
vt 0.941528 0.487779
vt 0.940029 0.481460
vt 0.943533 0.485414
vt 0.945731 0.470991
vt 0.118560 0.071828
vt 0.119237 0.064847
vt 0.542054 0.950308
vt 0.115511 0.059747
vt 0.935702 0.986654
vt 0.941148 0.993029
vt 0.938187 0.995789
vt 0.109408 0.071049
vt 0.534940 0.951069
vt 0.147081 0.998092
vt 0.939073 0.468100
vt 0.940501 0.462660
vt 0.537848 0.939411
vt 0.605903 0.351950
vt 0.593538 0.362839
vt 0.999414 0.426792
vt 0.539784 0.938914
vt 0.454929 0.382446
vt 0.458812 0.378060
vt 0.459270 0.382446
vt 0.667918 0.956311
vt 0.659874 0.949703
vt 0.667823 0.950210
vt 0.736814 0.789263
vt 0.732401 0.795806
vt 0.557683 0.499356
vt 0.820530 0.886403
vt 0.818691 0.884345
vt 0.997004 0.979537
vt 0.531841 0.978531
vt 0.123096 0.932748
vt 0.970695 0.380736
vt 0.606737 0.856730
vt 0.619723 0.843647
vt 0.606805 0.838699
vt 0.616108 0.832865
vt 0.621813 0.825214
vt 0.626560 0.824902
vt 0.628381 0.820084
vt 0.450059 0.781988
vt 0.565988 0.837349
vt 0.569969 0.829947
vt 0.640184 0.802982
vt 0.457197 0.910964
vt 0.183864 0.990855
vt 0.190294 0.975112
vt 0.182469 0.979024
vt 0.647324 0.933831
vt 0.743089 0.914877
vt 0.619431 0.912583
vt 0.874688 0.970964
vt 0.873674 0.979901
vt 0.727144 0.904935
vt 0.223525 0.973051
vt 0.223525 0.988811
vt 0.218435 0.977184
vt 0.670702 0.861905
vt 0.411364 0.989693
vt 0.626053 0.378423
vt 0.408101 0.961756
vt 0.651775 0.526442
vt 0.151543 0.980586
vt 0.143350 0.983202
vt 0.680547 0.182975
vt 0.643463 0.480923
vt 0.959294 0.645343
vt 0.241130 0.726888
vt 0.840093 0.773220
vt 0.847565 0.769329
vt 0.030195 0.576516
vt 0.858847 0.772480
vt 0.830734 0.755755
vt 0.247126 0.362991
vt 0.240002 0.368524
vt 0.242588 0.357019
vt 0.863472 0.746607
vt 0.994085 0.817294
vt 0.877952 0.706832
vt 0.814477 0.706825
vt 0.819170 0.709897
vt 0.671427 0.346904
vt 0.368023 0.763495
vt 0.369947 0.730373
vt 0.976046 0.807798
vt 0.371269 0.727057
vt 0.366591 0.721214
vt 0.981347 0.169536
vt 0.261691 0.900311
vt 0.263405 0.909145
vt 0.972518 0.302829
vt 0.811432 0.948566
vt 0.971723 0.976660
vt 0.969155 0.972124
vt 0.399610 0.989693
vt 0.404342 0.989693
vt 0.400713 0.996868
vt 0.860928 0.992754
vt 0.157707 0.756306
vt 0.667439 0.995276
vt 0.660662 0.992692
vt 0.667439 0.986119
vt 0.939440 0.494222
vt 0.951494 0.498814
vt 0.999138 0.212478
vt 0.994269 0.205308
vt 0.999138 0.199887
vt 0.941913 0.986654
vt 0.112318 0.061613
vt 0.992786 0.192053
vt 0.519798 0.998885
vt 0.515415 0.998885
vt 0.518942 0.987345
vt 0.030564 0.074731
vt 0.031383 0.082957
vt 0.023678 0.076143
vt 0.392092 0.985352
vt 0.392901 0.979249
vt 0.398435 0.981996
vt 0.666012 0.964809
vt 0.657770 0.969738
vt 0.098352 0.064386
vt 0.089389 0.052127
vt 0.093282 0.048786
vt 0.759022 0.373298
vt 0.758788 0.366276
vt 0.764773 0.367741
vt 0.064109 0.979738
vt 0.068728 0.991554
vt 0.211970 0.800442
vt 0.190903 0.783274
vt 0.797766 0.236414
vt 0.791760 0.231863
vt 0.797766 0.230069
vt 0.964093 0.381891
vt 0.602354 0.860128
vt 0.596422 0.856985
vt 0.602640 0.844582
vt 0.613396 0.832098
vt 0.606580 0.833887
vt 0.280366 0.739732
vt 0.277017 0.742006
vt 0.280192 0.733601
vt 0.447120 0.777039
vt 0.630373 0.815810
vt 0.177893 0.975113
vt 0.116662 0.829452
vt 0.110279 0.818642
vt 0.116662 0.812101
vt 0.555568 0.815727
vt 0.541486 0.407161
vt 0.467009 0.909961
vt 0.496625 0.916287
vt 0.994515 0.635870
vt 0.996886 0.644633
vt 0.990210 0.651855
vt 0.404650 0.935320
vt 0.968885 0.598771
vt 0.885526 0.590543
vt 0.055402 0.897885
vt 0.638495 0.927123
vt 0.096498 0.903075
vt 0.106679 0.894621
vt 0.583101 0.374223
vt 0.592614 0.371489
vt 0.592614 0.381564
vt 0.650804 0.508960
vt 0.163412 0.961437
vt 0.158643 0.955599
vt 0.152915 0.942301
vt 0.850024 0.392481
vt 0.838881 0.389627
vt 0.839845 0.382655
vt 0.692396 0.802769
vt 0.684808 0.808985
vt 0.685312 0.804222
vt 0.253583 0.723978
vt 0.299124 0.681559
vt 0.224100 0.652186
vt 0.866956 0.695409
vt 0.872454 0.688850
vt 0.622061 0.621447
vt 0.995728 0.711982
vt 0.736022 0.981133
vt 0.660878 0.351565
vt 0.661123 0.340227
vt 0.754432 0.998849
vt 0.754432 0.990628
vt 0.758040 0.993626
vt 0.370931 0.785572
vt 0.186754 0.243588
vt 0.185823 0.251017
vt 0.174358 0.241371
vt 0.970430 0.809512
vt 0.965007 0.303139
vt 0.267086 0.879700
vt 0.768078 0.994827
vt 0.763682 0.998015
vt 0.763682 0.988571
vt 0.266199 0.868522
vt 0.148369 0.744116
vt 0.154499 0.760420
vt 0.269217 0.849840
vt 0.266533 0.844009
vt 0.957802 0.172236
vt 0.111149 0.130689
vt 0.822624 0.993705
vt 0.822589 0.981902
vt 0.830689 0.981902
vt 0.551634 0.976425
vt 0.111895 0.067937
vt 0.944542 0.466249
vt 0.027123 0.086425
vt 0.024294 0.081708
vt 0.663747 0.971427
vt 0.765173 0.373048
vt 0.654256 0.966541
vt 0.654256 0.949843
vt 0.088598 0.046866
vt 0.214148 0.805369
vt 0.729466 0.800861
vt 0.067686 0.978451
vt 0.510382 0.987345
vt 0.517638 0.985375
vt 0.566207 0.502247
vt 0.300932 0.961178
vt 0.294241 0.956861
vt 0.303102 0.956646
vt 0.597603 0.837551
vt 0.591932 0.837950
vt 0.601348 0.834753
vt 0.582013 0.828180
vt 0.449711 0.776466
vt 0.633702 0.808330
vt 0.560268 0.817320
vt 0.559730 0.781148
vt 0.567172 0.784601
vt 0.565597 0.792653
vt 0.934253 0.571360
vt 0.928108 0.584191
vt 0.651345 0.936976
vt 0.079077 0.909599
vt 0.679665 0.199682
vt 0.829781 0.441364
vt 0.824545 0.433630
vt 0.654256 0.519202
vt 0.169778 0.968533
vt 0.646333 0.830007
vt 0.650156 0.811313
vt 0.653323 0.822412
vt 0.645201 0.828678
vt 0.645853 0.807908
vt 0.155726 0.953026
vt 0.650435 0.496622
vt 0.645746 0.794131
vt 0.695179 0.805993
vt 0.278301 0.497333
vt 0.280565 0.487444
vt 0.280409 0.499709
vt 0.649811 0.789098
vt 0.653245 0.794608
vt 0.645598 0.757819
vt 0.648986 0.773408
vt 0.277389 0.478709
vt 0.280565 0.455176
vt 0.279327 0.449393
vt 0.653029 0.778256
vt 0.649375 0.750549
vt 0.301237 0.705358
vt 0.292861 0.704829
vt 0.305687 0.702039
vt 0.645201 0.751513
vt 0.852382 0.752237
vt 0.233580 0.693877
vt 0.996694 0.814879
vt 0.228353 0.670787
vt 0.997844 0.912997
vt 0.995238 0.910480
vt 0.997844 0.907764
vt 0.824996 0.712304
vt 0.620046 0.623721
vt 0.858935 0.683508
vt 0.199744 0.292313
vt 0.203505 0.280312
vt 0.216346 0.312159
vt 0.223912 0.630556
vt 0.862841 0.675669
vt 0.868773 0.671174
vt 0.679665 0.003193
vt 0.049146 0.259266
vt 0.051364 0.237739
vt 0.054713 0.253425
vt 0.159786 0.214744
vt 0.983665 0.809343
vt 0.259131 0.999080
vt 0.256686 0.996751
vt 0.259131 0.994004
vt 0.375610 0.727126
vt 0.987190 0.167713
vt 0.141241 0.181282
vt 0.136170 0.183068
vt 0.137821 0.177150
vt 0.135963 0.168413
vt 0.127587 0.173644
vt 0.972407 0.981208
vt 0.860740 0.996918
vt 0.965851 0.978699
vt 0.044489 0.172936
vt 0.047105 0.162467
vt 0.054087 0.169880
vt 0.117288 0.151976
vt 0.107407 0.141962
vt 0.881140 0.994226
vt 0.887549 0.984569
vt 0.887549 0.996016
vt 0.144700 0.721676
vt 0.124447 0.698595
vt 0.944189 0.838135
vt 0.944189 0.846941
vt 0.937797 0.840272
vt 0.113173 0.079035
vt 0.993022 0.058339
vt 0.995674 0.051466
vt 0.998254 0.055839
vt 0.023164 0.087807
vt 0.022764 0.092714
vt 0.089988 0.070547
vt 0.083864 0.060480
vt 0.088344 0.062636
vt 0.078809 0.066482
vt 0.818385 0.372077
vt 0.821515 0.361870
vt 0.825721 0.372728
vt 0.043677 0.083421
vt 0.036968 0.077899
vt 0.112736 0.834325
vt 0.116662 0.837161
vt 0.997593 0.126945
vt 0.997593 0.134429
vt 0.991685 0.128485
vt 0.833692 0.362354
vt 0.084931 0.056268
vt 0.993329 0.124087
vt 0.092326 0.066178
vt 0.088422 0.044621
vt 0.033526 0.058643
vt 0.029539 0.069618
vt 0.025393 0.063418
vt 0.031184 0.052737
vt 0.203534 0.799470
vt 0.020583 0.057701
vt 0.019405 0.064122
vt 0.018113 0.059601
vt 0.815392 0.247820
vt 0.817292 0.256389
vt 0.814998 0.269901
vt 0.814477 0.886483
vt 0.296432 0.977118
vt 0.301250 0.965387
vt 0.867642 0.322105
vt 0.743909 0.993436
vt 0.736022 0.992851
vt 0.743248 0.988444
vt 0.487315 0.988736
vt 0.479638 0.974693
vt 0.947592 0.996680
vt 0.941913 0.993863
vt 0.947592 0.986654
vt 0.275480 0.731782
vt 0.446228 0.650979
vt 0.449685 0.653503
vt 0.450118 0.662300
vt 0.614446 0.825028
vt 0.622617 0.815926
vt 0.572810 0.822024
vt 0.564331 0.826792
vt 0.626628 0.816573
vt 0.627155 0.807414
vt 0.634024 0.795316
vt 0.626916 0.795351
vt 0.624210 0.783334
vt 0.541652 0.400873
vt 0.465980 0.918842
vt 0.541562 0.393669
vt 0.616783 0.982405
vt 0.625312 0.978691
vt 0.622699 0.989456
vt 0.624767 0.966433
vt 0.616783 0.965638
vt 0.925478 0.583850
vt 0.446045 0.917707
vt 0.072098 0.906611
vt 0.708478 0.584612
vt 0.713789 0.579428
vt 0.086117 0.913368
vt 0.213719 0.982943
vt 0.616783 0.921947
vt 0.683332 0.862013
vt 0.838082 0.441235
vt 0.668450 0.845779
vt 0.675295 0.847935
vt 0.613353 0.366158
vt 0.845649 0.402766
vt 0.853006 0.416741
vt 0.279501 0.517821
vt 0.277658 0.489308
vt 0.277120 0.462069
vt 0.652543 0.770896
vt 0.652994 0.751225
vt 0.022265 0.582029
vt 0.022153 0.577843
vt 0.229983 0.366735
vt 0.232125 0.346637
vt 0.250333 0.695355
vt 0.838626 0.742972
vt 0.263019 0.692619
vt 0.295709 0.653493
vt 0.290857 0.656459
vt 0.856466 0.708951
vt 0.272800 0.696030
vt 0.289605 0.651082
vt 0.272504 0.691143
vt 0.194568 0.993107
vt 0.194568 0.999952
vt 0.191562 0.995751
vt 0.627008 0.625241
vt 0.626498 0.617310
vt 0.368202 0.836551
vt 0.064937 0.323855
vt 0.052024 0.334113
vt 0.054571 0.295121
vt 0.679302 0.346940
vt 0.663963 0.337228
vt 0.220068 0.630434
vt 0.225268 0.623787
vt 0.974114 0.838431
vt 0.971295 0.832373
vt 0.973965 0.829089
vt 0.182606 0.264878
vt 0.814419 0.660787
vt 0.810830 0.645992
vt 0.814419 0.645204
vt 0.450603 0.974693
vt 0.455246 0.975690
vt 0.450118 0.979452
vt 0.967797 0.811079
vt 0.961441 0.811344
vt 0.270644 0.905190
vt 0.976823 0.309582
vt 0.971976 0.309566
vt 0.960524 0.305609
vt 0.964904 0.308710
vt 0.126789 0.180264
vt 0.271359 0.886646
vt 0.052670 0.200363
vt 0.047820 0.194614
vt 0.055080 0.194494
vt 0.195971 0.999612
vt 0.195971 0.993107
vt 0.199150 0.995165
vt 0.968784 0.981747
vt 0.893618 0.932814
vt 0.026690 0.145275
vt 0.019962 0.144794
vt 0.023057 0.127835
vt 0.961564 0.503179
vt 0.958920 0.487545
vt 0.102060 0.076875
vt 0.101096 0.070388
vt 0.037265 0.088180
vt 0.076551 0.072226
vt 0.602334 0.368172
vt 0.991691 0.134113
vt 0.763262 0.381720
vt 0.769827 0.366276
vt 0.080248 0.058790
vt 0.071491 0.986582
vt 0.216809 0.814407
vt 0.816050 0.276709
vt 0.296668 0.979824
vt 0.296889 0.988375
vt 0.819258 0.248677
vt 0.817096 0.235837
vt 0.814412 0.239614
vt 0.528542 0.981277
vt 0.301682 0.974411
vt 0.305995 0.959053
vt 0.813950 0.229619
vt 0.819983 0.229789
vt 0.753193 0.236649
vt 0.753713 0.229884
vt 0.736022 0.980611
vt 0.601116 0.854572
vt 0.982923 0.066812
vt 0.991282 0.063877
vt 0.987156 0.071178
vt 0.279748 0.973003
vt 0.276797 0.965589
vt 0.985060 0.053713
vt 0.619353 0.825100
vt 0.279573 0.722957
vt 0.623963 0.810080
vt 0.453955 0.998425
vt 0.450118 0.991633
vt 0.453955 0.989131
vt 0.446286 0.948563
vt 0.446286 0.937868
vt 0.450118 0.944449
vt 0.231789 0.978808
vt 0.650333 0.989461
vt 0.653642 0.991341
vt 0.650333 0.999326
vt 0.445692 0.929758
vt 0.874616 0.591705
vt 0.707873 0.595939
vt 0.718180 0.907753
vt 0.715387 0.913940
vt 0.709689 0.896860
vt 0.848378 0.432854
vt 0.694542 0.851131
vt 0.696611 0.861599
vt 0.825726 0.426512
vt 0.857046 0.422710
vt 0.156869 0.970685
vt 0.996886 0.635870
vt 0.999906 0.637553
vt 0.996886 0.645825
vt 0.277516 0.512224
vt 0.832261 0.386227
vt 0.828489 0.402529
vt 0.687950 0.819209
vt 0.241741 0.672363
vt 0.215672 0.330558
vt 0.293972 0.648581
vt 0.833772 0.712414
vt 0.264383 0.684278
vt 0.267649 0.689781
vt 0.819674 0.708232
vt 0.827349 0.709639
vt 0.629751 0.624435
vt 0.234827 0.640326
vt 0.858556 0.689012
vt 0.064491 0.336052
vt 0.858481 0.675702
vt 0.674349 0.343334
vt 0.862320 0.666682
vt 0.230084 0.622958
vt 0.659275 0.343636
vt 0.655976 0.335259
vt 0.059982 0.276879
vt 0.063939 0.288127
vt 0.050181 0.271633
vt 0.064045 0.271071
vt 0.164250 0.237487
vt 0.152284 0.216380
vt 0.157699 0.212356
vt 0.981427 0.812651
vt 0.054727 0.237430
vt 0.057026 0.237138
vt 0.450466 0.982364
vt 0.993994 0.179915
vt 0.996833 0.176336
vt 0.998526 0.184886
vt 0.357718 0.989792
vt 0.362973 0.984532
vt 0.362973 0.998806
vt 0.273267 0.894199
vt 0.969226 0.984267
vt 0.975754 0.984000
vt 0.975754 0.996028
vt 0.274887 0.890498
vt 0.714759 0.371216
vt 0.714404 0.365848
vt 0.720635 0.365286
vt 0.720657 0.368455
vt 0.055341 0.200965
vt 0.061209 0.200186
vt 0.062339 0.191227
vt 0.067050 0.194860
vt 0.962986 0.984000
vt 0.058042 0.190373
vt 0.057857 0.179694
vt 0.051124 0.178606
vt 0.122182 0.170642
vt 0.113063 0.167172
vt 0.107923 0.156917
vt 0.059084 0.160660
vt 0.000000 0.984430
vt 0.005606 0.988820
vt 0.000000 0.998362
vt 0.098744 0.134551
vt 0.048569 0.155976
vt 0.041798 0.148670
vt 0.052187 0.151137
vt 0.143428 0.724891
vt 0.132478 0.721677
vt 0.130503 0.712850
vt 0.126988 0.091052
vt 0.118038 0.100246
vt 0.121033 0.086958
vt 0.110342 0.091878
vt 0.991938 0.199887
vt 0.093501 0.082328
vt 0.082227 0.079329
vt 0.051689 0.089329
vt 0.074001 0.077948
vt 0.660356 0.981162
vt 0.997525 0.141091
vt 0.044032 0.078742
vt 0.999135 0.241351
vt 0.994551 0.232048
vt 0.999135 0.228787
vt 0.028743 0.072733
vt 0.813950 0.282207
vt 0.020435 0.075543
vt 0.069126 0.975758
vt 0.409241 0.993048
vt 0.404342 0.996609
vt 0.593502 0.829825
vt 0.989971 0.057063
vt 0.615081 0.819691
vt 0.275100 0.720526
vt 0.576506 0.821514
vt 0.572913 0.814296
vt 0.564402 0.817773
vt 0.557845 0.803993
vt 0.502698 0.994700
vt 0.495982 0.982683
vt 0.502698 0.974693
vt 0.996886 0.660036
vt 0.575591 0.791086
vt 0.103815 0.975877
vt 0.096392 0.986769
vt 0.629341 0.933018
vt 0.835848 0.430692
vt 0.674322 0.837150
vt 0.694838 0.839400
vt 0.703472 0.842642
vt 0.700679 0.831281
vt 0.823595 0.413829
vt 0.831126 0.415983
vt 0.670930 0.828780
vt 0.677835 0.830902
vt 0.696972 0.824044
vt 0.121470 0.837370
vt 0.116662 0.831156
vt 0.122830 0.829770
vt 0.122632 0.836060
vt 0.835518 0.409986
vt 0.157965 0.963766
vt 0.680527 0.819180
vt 0.120495 0.810918
vt 0.123491 0.813134
vt 0.123283 0.803854
vt 0.124447 0.758927
vt 0.122991 0.772588
vt 0.120583 0.758438
vt 0.797766 0.236178
vt 0.797766 0.231130
vt 0.801119 0.233664
vt 0.801587 0.230069
vt 0.843799 0.710819
vt 0.996938 0.277755
vt 0.999736 0.272645
vt 0.999736 0.280734
vt 0.260239 0.685011
vt 0.257453 0.676335
vt 0.529697 0.382452
vt 0.526656 0.379997
vt 0.264530 0.679936
vt 0.810902 0.859624
vt 0.814436 0.866352
vt 0.260877 0.673543
vt 0.635597 0.628275
vt 0.633809 0.624969
vt 0.858104 0.694367
vt 0.814155 0.628646
vt 0.810830 0.626739
vt 0.814155 0.623420
vt 0.063248 0.342859
vt 0.375610 0.830388
vt 0.811335 0.619446
vt 0.813888 0.618093
vt 0.354681 0.589295
vt 0.353198 0.567186
vt 0.360719 0.572232
vt 0.338585 0.582746
vt 0.338719 0.578390
vt 0.345839 0.576825
vt 0.754305 0.998550
vt 0.750148 0.991478
vt 0.754305 0.988578
vt 0.849815 0.996193
vt 0.845870 0.998655
vt 0.358398 0.561450
vt 0.970306 0.823670
vt 0.326788 0.997925
vt 0.329012 0.992688
vt 0.330935 0.997925
vt 0.226722 0.620691
vt 0.234269 0.617740
vt 0.065108 0.257063
vt 0.134182 0.188009
vt 0.126679 0.188419
vt 0.934933 0.983933
vt 0.928299 0.990384
vt 0.929403 0.983591
vt 0.117648 0.173428
vt 0.069510 0.191800
vt 0.061222 0.168871
vt 0.139341 0.732886
vt 0.034010 0.135604
vt 0.014262 0.119796
vt 0.024995 0.111982
vt 0.100982 0.082263
vt 0.072085 0.086513
vt 0.032909 0.095383
vt 0.814477 0.382655
vt 0.820383 0.379523
vt 0.606839 0.371489
vt 0.658546 0.986119
vt 0.655049 0.981203
vt 0.070422 0.075142
vt 0.076483 0.063314
vt 0.607491 0.829804
vt 0.601537 0.828320
vt 0.606032 0.820484
vt 0.612266 0.824211
vt 0.993022 0.061150
vt 0.988540 0.051990
vt 0.619065 0.814822
vt 0.450107 0.647411
vt 0.982923 0.047204
vt 0.575119 0.814685
vt 0.619442 0.798677
vt 0.564714 0.807980
vt 0.285266 0.987763
vt 0.289806 0.995830
vt 0.285266 0.998096
vt 0.569749 0.799164
vt 0.605589 0.783483
vt 0.594168 0.785508
vt 0.603804 0.780540
vt 0.587084 0.779275
vt 0.065496 0.903814
vt 0.052532 0.912156
vt 0.733567 0.918679
vt 0.718703 0.566271
vt 0.722516 0.917069
vt 0.684651 0.848956
vt 0.278058 0.579209
vt 0.280367 0.560279
vt 0.280565 0.579616
vt 0.277839 0.555255
vt 0.277736 0.541081
vt 0.122978 0.791583
vt 0.280565 0.529023
vt 0.118667 0.772728
vt 0.277626 0.534498
vt 0.277672 0.517821
vt 0.317987 0.706257
vt 0.321090 0.703746
vt 0.116662 0.758442
vt 0.304996 0.651433
vt 0.362794 0.641930
vt 0.359328 0.635678
vt 0.365052 0.638975
vt 0.369359 0.632816
vt 0.366263 0.623502
vt 0.355644 0.623025
vt 0.280074 0.662840
vt 0.277164 0.654950
vt 0.280182 0.651675
vt 0.564595 0.665143
vt 0.566208 0.661507
vt 0.566208 0.676046
vt 0.847996 0.707031
vt 0.814436 0.854581
vt 0.253917 0.665411
vt 0.259670 0.667619
vt 0.276967 0.642186
vt 0.280182 0.631003
vt 0.158205 0.993947
vt 0.158400 0.989502
vt 0.161835 0.991296
vt 0.347198 0.601420
vt 0.849225 0.699973
vt 0.449773 0.824666
vt 0.447160 0.823119
vt 0.450118 0.819741
vt 0.997022 0.495165
vt 0.997295 0.488451
vt 0.999809 0.495165
vt 0.838277 0.706466
vt 0.633883 0.621755
vt 0.059748 0.926488
vt 0.061676 0.920415
vt 0.064054 0.927985
vt 0.371978 0.590127
vt 0.256619 0.662292
vt 0.852371 0.692021
vt 0.367770 0.580328
vt 0.373590 0.582796
vt 0.379795 0.998993
vt 0.379795 0.992658
vt 0.382928 0.993933
vt 0.338302 0.591410
vt 0.369546 0.576416
vt 0.813434 0.610857
vt 0.333822 0.579271
vt 0.842429 0.994898
vt 0.845870 0.999355
vt 0.366200 0.567412
vt 0.184956 0.290818
vt 0.238858 0.629232
vt 0.971061 0.840323
vt 0.960434 0.839301
vt 0.110254 0.758438
vt 0.110254 0.752012
vt 0.112066 0.757846
vt 0.237968 0.620505
vt 0.175732 0.270944
vt 0.145841 0.232670
vt 0.144437 0.214565
vt 0.151908 0.209344
vt 0.147005 0.211211
vt 0.146348 0.213031
vt 0.119837 0.995108
vt 0.121063 0.988608
vt 0.124275 0.988673
vt 0.971990 0.817050
vt 0.140998 0.209233
vt 0.119837 0.982892
vt 0.123567 0.979269
vt 0.450118 0.989131
vt 0.456556 0.986002
vt 0.131088 0.213020
vt 0.134239 0.208586
vt 0.138387 0.204642
vt 0.993845 0.171176
vt 0.460360 0.981243
vt 0.266402 0.912636
vt 0.274100 0.909343
vt 0.998526 0.167713
vt 0.274982 0.900378
vt 0.929735 0.994575
vt 0.116268 0.190772
vt 0.721606 0.374415
vt 0.719205 0.381335
vt 0.114450 0.180982
vt 0.123954 0.173186
vt 0.114627 0.176197
vt 0.814131 0.770673
vt 0.810813 0.770202
vt 0.814131 0.762780
vt 0.064638 0.180052
vt 0.100848 0.141951
vt 0.052493 0.143348
vt 0.111401 0.096338
vt 0.070779 0.098544
vt 0.067452 0.093337
vt 0.071913 0.092111
vt 0.097139 0.078551
vt 0.096110 0.086421
vt 0.057721 0.098250
vt 0.056807 0.087712
vt 0.060828 0.095842
vt 0.041722 0.100354
vt 0.994009 0.071178
vt 0.998254 0.068394
vt 0.067586 0.083262
vt 0.048378 0.077798
vt 0.913087 0.855279
vt 0.913087 0.847104
vt 0.919342 0.850102
vt 0.905735 0.855025
vt 0.912509 0.847396
vt 0.912513 0.855025
vt 0.340921 0.993557
vt 0.338768 0.991305
vt 0.340921 0.986523
vt 0.612288 0.809093
vt 0.200274 0.996450
vt 0.201818 0.990061
vt 0.206918 0.989567
vt 0.280366 0.716615
vt 0.203886 0.986985
vt 0.614331 0.789848
vt 0.559981 0.798218
vt 0.576515 0.797471
vt 0.572116 0.801730
vt 0.446179 0.925647
vt 0.721515 0.589238
vt 0.641484 0.944326
vt 0.842086 0.419031
vt 0.685372 0.838126
vt 0.117117 0.808641
vt 0.313626 0.668660
vt 0.228908 0.376834
vt 0.215405 0.378521
vt 0.376623 0.622029
vt 0.293649 0.639099
vt 0.382944 0.608642
vt 0.387007 0.608899
vt 0.299860 0.630234
vt 0.398279 0.592964
vt 0.397154 0.597983
vt 0.389526 0.590374
vt 0.378591 0.580417
vt 0.161835 0.998232
vt 0.394885 0.590138
vt 0.839298 1.000000
vt 0.839298 0.991661
vt 0.842429 0.996438
vt 0.542200 0.855100
vt 0.544477 0.859812
vt 0.398982 0.584194
vt 0.404066 0.587036
vt 0.639489 0.625559
vt 0.634424 0.617938
vt 0.275643 0.629905
vt 0.446196 0.819233
vt 0.871337 0.332611
vt 0.867642 0.329652
vt 0.871337 0.325008
vt 0.253863 0.657949
vt 0.447422 0.804481
vt 0.449831 0.812650
vt 0.190376 0.319307
vt 0.256521 0.658109
vt 0.251068 0.651406
vt 0.066795 0.350197
vt 0.056383 0.348180
vt 0.110180 0.651347
vt 0.114058 0.649427
vt 0.113089 0.653755
vt 0.110540 0.645605
vt 0.383259 0.999219
vt 0.450118 0.804114
vt 0.247271 0.640784
vt 0.332021 0.580707
vt 0.958481 0.844870
vt 0.957751 0.837597
vt 0.110743 0.636917
vt 0.110180 0.623773
vt 0.113710 0.631548
vt 0.965018 0.824436
vt 0.306829 0.581500
vt 0.305299 0.574093
vt 0.307105 0.577273
vt 0.967803 0.819238
vt 0.974114 0.818107
vt 0.309687 0.569705
vt 0.312082 0.571682
vt 0.970433 0.817050
vt 0.802158 0.993204
vt 0.798142 0.998231
vt 0.063015 0.236444
vt 0.064805 0.230134
vt 0.065938 0.233264
vt 0.057197 0.233539
vt 0.119599 0.213273
vt 0.539178 0.984045
vt 0.542096 0.994075
vt 0.538647 0.991395
vt 0.120995 0.208958
vt 0.068359 0.223370
vt 0.070768 0.224985
vt 0.542096 0.980394
vt 0.542050 0.985027
vt 0.150581 0.194432
vt 0.158342 0.198517
vt 0.151733 0.200185
vt 0.538565 0.976425
vt 0.157986 0.192023
vt 0.076618 0.214335
vt 0.071104 0.220342
vt 0.070039 0.215910
vt 0.983356 0.424694
vt 0.987274 0.429963
vt 0.982932 0.430520
vt 0.161835 0.975995
vt 0.158190 0.979356
vt 0.158190 0.968533
vt 0.988702 0.422814
vt 0.971777 0.317510
vt 0.966948 0.317869
vt 0.934933 0.995503
vt 0.112409 0.191859
vt 0.112167 0.189134
vt 0.069698 0.200234
vt 0.065045 0.205238
vt 0.102439 0.189231
vt 0.098915 0.183492
vt 0.109383 0.180263
vt 0.078450 0.194483
vt 0.079888 0.188877
vt 0.812359 0.781755
vt 0.105140 0.174915
vt 0.104802 0.167856
vt 0.077457 0.175951
vt 0.073051 0.160449
vt 0.087167 0.147343
vt 0.068572 0.148731
vt 0.881140 0.937805
vt 0.900461 0.933497
vt 0.082652 0.094191
vt 0.062469 0.088587
vt 0.450118 0.636100
vt 0.990078 0.043000
vt 0.615431 0.804474
vt 0.261644 0.996672
vt 0.259242 0.999427
vt 0.259242 0.994004
vt 0.570757 0.809725
vt 0.573486 0.811320
vt 0.870774 0.312241
vt 0.867642 0.304876
vt 0.870774 0.297457
vt 0.966082 0.583476
vt 0.882353 0.579483
vt 0.066244 0.911516
vt 0.092861 0.913034
vt 0.707823 0.927401
vt 0.707823 0.905656
vt 0.618336 0.932914
vt 0.012370 0.587477
vt 0.011100 0.593638
vt 0.237078 0.378490
vt 0.199460 0.922568
vt 0.193251 0.925222
vt 0.194595 0.917726
vt 0.275617 0.669314
vt 0.278983 0.669597
vt 0.276935 0.664911
vt 0.197386 0.888881
vt 0.194709 0.904923
vt 0.194627 0.888264
vt 0.403006 0.592160
vt 0.294478 0.627170
vt 0.301976 0.617791
vt 0.064054 0.915583
vt 0.297753 0.619250
vt 0.296801 0.615190
vt 0.299133 0.611397
vt 0.276567 0.617740
vt 0.310584 0.600592
vt 0.344327 0.602924
vt 0.320025 0.591657
vt 0.070279 0.339002
vt 0.114280 0.641646
vt 0.301223 0.602514
vt 0.301771 0.588851
vt 0.308096 0.582509
vt 0.318522 0.573304
vt 0.112062 0.622752
vt 0.114090 0.622595
vt 0.112747 0.619561
vt 0.075768 0.286455
vt 0.156750 0.248417
vt 0.077335 0.268136
vt 0.072586 0.242532
vt 0.077499 0.239299
vt 0.157102 0.203041
vt 0.111549 0.222753
vt 0.145491 0.203488
vt 0.109882 0.214442
vt 0.135538 0.198529
vt 0.107097 0.211474
vt 0.079871 0.217284
vt 0.051608 0.229622
vt 0.047950 0.224859
vt 0.053064 0.225757
vt 0.152022 0.186918
vt 0.146554 0.184316
vt 0.152866 0.181002
vt 0.987770 0.412727
vt 0.983573 0.407974
vt 0.986923 0.408941
vt 0.104415 0.191743
vt 0.709029 0.365286
vt 0.708133 0.372633
vt 0.094573 0.185957
vt 0.089154 0.188936
vt 0.083367 0.190051
vt 0.095255 0.176293
vt 0.092620 0.168850
vt 0.088699 0.158673
vt 0.985888 0.025274
vt 0.983352 0.011168
vt 0.987648 0.011743
vt 0.088161 0.168155
vt 0.081182 0.148084
vt 0.983656 0.000902
vt 0.082097 0.136199
vt 0.080886 0.143334
vt 0.564357 0.770880
vt 0.565962 0.767307
vt 0.566080 0.770880
vt 0.065627 0.144547
vt 0.064129 0.137740
vt 0.042683 0.137259
vt 0.039125 0.142036
vt 0.100442 0.095161
vt 0.073447 0.101104
vt 0.045217 0.111378
vt 0.032726 0.115021
vt 0.597311 0.816332
vt 0.747750 0.231876
vt 0.753193 0.226397
vt 0.746292 0.225664
vt 0.587167 0.826608
vt 0.581639 0.827151
vt 0.583422 0.817858
vt 0.591918 0.827441
vt 0.591458 0.816550
vt 0.595297 0.823125
vt 0.206100 0.981489
vt 0.200274 0.978911
vt 0.201827 0.973051
vt 0.606431 0.797375
vt 0.592789 0.792988
vt 0.583679 0.798839
vt 0.056794 0.912697
vt 0.381800 0.709767
vt 0.368826 0.687856
vt 0.391041 0.709833
vt 0.384735 0.684442
vt 0.401137 0.708965
vt 0.373363 0.669891
vt 0.226986 0.387639
vt 0.368096 0.642611
vt 0.359884 0.648206
vt 0.360849 0.643640
vt 0.357794 0.640820
vt 0.366696 0.637376
vt 0.034858 0.997790
vt 0.030873 0.996155
vt 0.034858 0.991765
vt 0.195480 0.928789
vt 0.200557 0.344215
vt 0.360058 0.637925
vt 0.200157 0.916016
vt 0.311143 0.646636
vt 0.343662 0.624428
vt 0.349257 0.616260
vt 0.274982 0.642460
vt 0.351911 0.656874
vt 0.330543 0.616328
vt 0.355907 0.627609
vt 0.350495 0.614488
vt 0.193251 0.873422
vt 0.311712 0.622786
vt 0.644955 0.623067
vt 0.073322 0.349745
vt 0.325890 0.626916
vt 0.074921 0.319289
vt 0.117459 0.303236
vt 0.116654 0.310978
vt 0.101594 0.302328
vt 0.077488 0.296466
vt 0.084131 0.303284
vt 0.089492 0.294018
vt 0.085946 0.285473
vt 0.162385 0.275172
vt 0.074856 0.250506
vt 0.126596 0.230019
vt 0.121020 0.224526
vt 0.087414 0.228442
vt 0.094226 0.221502
vt 0.089165 0.214902
vt 0.104741 0.220272
vt 0.118147 0.202453
vt 0.091359 0.212259
vt 0.534940 0.982978
vt 0.061488 0.222084
vt 0.059751 0.227354
vt 0.810830 0.726291
vt 0.814335 0.714192
vt 0.814335 0.728713
vt 0.138083 0.194064
vt 0.065338 0.221476
vt 0.063935 0.210901
vt 0.048488 0.219548
vt 0.142821 0.191995
vt 0.135133 0.189951
vt 0.140912 0.187976
vt 0.245928 0.999833
vt 0.245928 0.991614
vt 0.249118 0.994911
vt 0.129179 0.190128
vt 0.987426 0.401038
vt 0.982711 0.397461
vt 0.987464 0.398589
vt 0.564308 0.655778
vt 0.566208 0.647905
vt 0.076585 0.201172
vt 0.711619 0.378201
vt 0.083256 0.198480
vt 0.085450 0.193281
vt 0.082757 0.183050
vt 0.479638 0.999416
vt 0.476393 0.991693
vt 0.479638 0.989729
vt 0.983352 0.037098
vt 0.990650 0.031117
vt 0.987118 0.037582
vt 0.092251 0.178091
vt 0.990380 0.023751
vt 0.077607 0.162121
vt 0.985394 0.000000
vt 0.069046 0.140986
vt 0.068796 0.147765
vt 0.097446 0.125867
vt 0.108863 0.123372
vt 0.080207 0.127106
vt 0.105779 0.112080
vt 0.116583 0.115713
vt 0.087090 0.098819
vt 0.054985 0.109840
vt 0.060598 0.104367
vt 0.371648 0.982851
vt 0.375344 0.981991
vt 0.375232 0.993010
vt 0.584531 0.812306
vt 0.575987 0.815475
vt 0.605843 0.805889
vt 0.574987 0.806559
vt 0.929323 0.574660
vt 0.726060 0.581293
vt 0.392622 0.712748
vt 0.404066 0.712527
vt 0.060899 0.952151
vt 0.059731 0.943165
vt 0.064026 0.949407
vt 0.064026 0.942402
vt 0.390973 0.680239
vt 0.365738 0.707589
vt 0.328234 0.706793
vt 0.339098 0.702994
vt 0.321993 0.662026
vt 0.376899 0.647416
vt 0.386330 0.663123
vt 0.371300 0.632785
vt 0.376478 0.639541
vt 0.199023 0.909177
vt 0.338252 0.649967
vt 0.645201 0.625632
vt 0.127088 0.344223
vt 0.124219 0.340543
vt 0.125107 0.331965
vt 0.118190 0.316962
vt 0.110120 0.345230
vt 0.101106 0.312774
vt 0.089959 0.341225
vt 0.083368 0.343901
vt 0.085036 0.337101
vt 0.119802 0.310899
vt 0.645201 0.684527
vt 0.648834 0.683960
vt 0.646245 0.690051
vt 0.647988 0.677016
vt 0.106471 0.298012
vt 0.114466 0.295463
vt 0.093203 0.282166
vt 0.087890 0.265436
vt 0.140720 0.267237
vt 0.143181 0.255396
vt 0.148497 0.264223
vt 0.134634 0.255328
vt 0.110933 0.229742
vt 0.096912 0.230640
vt 0.099235 0.223024
vt 0.099278 0.214642
vt 0.095925 0.219691
vt 0.104872 0.207147
vt 0.096224 0.211303
vt 0.108819 0.203291
vt 0.057549 0.217094
vt 0.053278 0.212268
vt 0.046228 0.212853
vt 0.057813 0.208049
vt 0.111839 0.192859
vt 0.045049 0.208572
vt 0.080447 0.174895
vt 0.075007 0.161304
vt 0.072700 0.148737
vt 0.076303 0.132488
vt 0.409241 0.996907
vt 0.410451 0.989693
vt 0.413936 0.996907
vt 0.092245 0.121780
vt 0.062988 0.131200
vt 0.033081 0.124689
vt 0.369669 0.997004
vt 0.375344 0.997489
vt 0.998660 0.907268
vt 0.994289 0.896738
vt 0.998797 0.896029
vt 0.590216 0.808593
vt 0.872004 0.572860
vt 0.072128 0.918239
vt 0.066690 0.915355
vt 0.722571 0.597154
vt 0.717202 0.599152
vt 0.078831 0.920962
vt 0.648130 0.947912
vt 0.401089 0.697231
vt 0.060931 0.930472
vt 0.063710 0.928804
vt 0.336653 0.707057
vt 0.350979 0.705810
vt 0.353314 0.678065
vt 0.446810 0.591088
vt 0.447273 0.576805
vt 0.449974 0.590350
vt 0.217545 0.386636
vt 0.379561 0.646926
vt 0.135842 0.367442
vt 0.129606 0.362181
vt 0.131366 0.361171
vt 0.652185 0.719671
vt 0.647606 0.720970
vt 0.648086 0.714527
vt 0.127586 0.354592
vt 0.126304 0.350688
vt 0.198079 0.881600
vt 0.105287 0.348583
vt 0.193628 0.865132
vt 0.085970 0.354562
vt 0.084407 0.352233
vt 0.102618 0.355910
vt 0.648423 0.703117
vt 0.653795 0.704420
vt 0.164826 0.291902
vt 0.652914 0.676176
vt 0.133622 0.303597
vt 0.131356 0.299845
vt 0.131586 0.293339
vt 0.136291 0.285494
vt 0.142685 0.289052
vt 0.648211 0.670207
vt 0.652807 0.668219
vt 0.125035 0.272360
vt 0.111706 0.286607
vt 0.107236 0.271779
vt 0.101712 0.254691
vt 0.105542 0.259626
vt 0.650487 0.631956
vt 0.653156 0.629671
vt 0.650752 0.637738
vt 0.103783 0.253259
vt 0.088506 0.247249
vt 0.099830 0.235251
vt 0.115499 0.239545
vt 0.101484 0.229926
vt 0.280565 0.988853
vt 0.285266 0.991138
vt 0.280565 0.997777
vt 0.283536 0.987763
vt 0.091692 0.203798
vt 0.101589 0.199788
vt 0.101656 0.191777
vt 0.096519 0.199438
vt 0.093473 0.194272
vt 0.051240 0.207443
vt 0.983268 0.389885
vt 0.065252 0.126569
vt 0.042476 0.128347
vt 0.089532 0.116321
vt 0.100627 0.103673
vt 0.080420 0.111757
vt 0.075821 0.108456
vt 0.071220 0.107585
vt 0.995563 0.811574
vt 0.992033 0.806094
vt 0.997077 0.802399
vt 0.041733 0.117286
vt 0.994289 0.907763
vt 0.595673 0.804195
vt 0.598785 0.798091
vt 0.942957 0.557883
vt 0.716589 0.942341
vt 0.623748 0.960923
vt 0.723364 0.936093
vt 0.446394 0.927193
vt 0.449834 0.915868
vt 0.366326 0.709947
vt 0.352018 0.708928
vt 0.450118 0.609482
vt 0.003367 0.600794
vt 0.109453 0.359335
vt 0.649125 0.724571
vt 0.653072 0.690783
vt 0.135336 0.317302
vt 0.155740 0.314148
vt 0.132382 0.324172
vt 0.124261 0.291136
vt 0.164147 0.311928
vt 0.648494 0.662292
vt 0.117908 0.264088
vt 0.648629 0.648977
vt 0.653092 0.648397
vt 0.120326 0.255994
vt 0.654198 0.637757
vt 0.651441 0.615484
vt 0.105552 0.247052
vt 0.996849 0.024108
vt 0.996849 0.012389
vt 0.999510 0.018632
vt 0.074054 0.122604
vt 0.077473 0.118810
vt 0.059208 0.121171
vt 0.047532 0.120155
vt 0.082938 0.986964
vt 0.085601 0.980402
vt 0.090049 0.990704
vt 0.052517 0.118279
vt 0.063671 0.106165
vt 0.990913 0.813639
vt 0.444090 0.943844
vt 0.116581 0.940894
vt 0.112762 0.940894
vt 0.114508 0.932748
vt 0.167603 0.443815
vt 0.166093 0.441336
vt 0.175278 0.436336
vt 0.006937 0.601123
vt 0.212442 0.399546
vt 0.446880 0.561450
vt 0.450118 0.578716
vt 0.371035 0.625098
vt 0.654088 0.731147
vt 0.650487 0.730148
vt 0.155959 0.364059
vt 0.159348 0.341323
vt 0.163127 0.364757
vt 0.152076 0.344008
vt 0.144488 0.353967
vt 0.117330 0.301946
vt 0.121174 0.299178
vt 0.115468 0.293305
vt 0.111955 0.270641
vt 0.110368 0.271616
vt 0.107998 0.259990
vt 0.104624 0.250909
vt 0.069379 0.117533
vt 0.084839 0.994395
vt 0.090049 0.980388
vt 0.161835 0.997215
vt 0.161835 0.989791
vt 0.165686 0.993513
vt 0.166644 0.988643
vt 0.044401 0.114207
vt 0.066351 0.114377
vt 0.453955 0.993479
vt 0.459163 0.989131
vt 0.459163 0.995904
vt 0.997133 0.892711
vt 0.990913 0.800948
vt 0.069865 0.928559
vt 0.047815 0.920880
vt 0.637854 0.959867
vt 0.734266 0.932681
vt 0.630961 0.961146
vt 0.157639 0.449393
vt 0.178722 0.422817
vt 0.157400 0.430739
vt 0.151435 0.436654
vt 0.150384 0.423126
vt 0.163769 0.428193
vt 0.173149 0.418613
vt 0.005278 0.607414
vt 0.000436 0.619561
vt 0.000000 0.612040
vt 0.181516 0.412110
vt 0.154662 0.397105
vt 0.146626 0.415712
vt 0.170261 0.397967
vt 0.144842 0.397344
vt 0.203048 0.392147
vt 0.144132 0.375561
vt 0.137884 0.383650
vt 0.144047 0.403069
vt 0.137594 0.376473
vt 0.196656 0.361245
vt 0.150268 0.377631
vt 0.174092 0.377836
vt 0.652234 0.750549
vt 0.652077 0.743521
vt 0.654198 0.743792
vt 0.186350 0.342126
vt 0.167661 0.341805
vt 0.132707 0.350131
vt 0.133970 0.362567
vt 0.129202 0.349718
vt 0.125719 0.333031
vt 0.121723 0.318060
vt 0.061500 0.117974
vt 0.074198 0.110249
vt 0.086818 0.975877
vt 0.051879 0.114610
vt 0.049970 0.110925
vt 0.058455 0.107208
vt 0.075003 0.929936
vt 0.186743 0.425549
vt 0.191897 0.417786
vt 0.197469 0.416020
vt 0.202845 0.409522
vt 0.189920 0.403201
vt 0.184516 0.372912
vt 0.873373 0.566059
vt 0.741646 0.583933
vt 0.737002 0.590828
vt 0.414878 0.951718
vt 0.935238 0.564030
vt 0.729113 0.600883
vt 0.059731 0.928804
vt 0.086899 0.932193
vt 0.727240 0.941050
vt 0.616783 0.952842
vt 0.975503 0.839404
vt 0.986745 0.837268
vt 0.986753 0.844870
vt 0.880477 0.565155
vt 0.082515 0.937306
vt 0.439477 0.956579
vt 0.738720 0.596751
vt 0.074507 0.939682
vt 0.092046 0.939269
vt 0.089262 0.941060
vt 0.951556 0.558953
vt 0.957937 0.566102
vt 0.737506 0.600945
vt 0.431517 0.961756
vt 0.974809 0.830789
vt 0.978186 0.829882
vt 0.979117 0.821073
vt 0.986753 0.817142
vt 0.986188 0.825994
vt 0.717163 0.947368
vt 0.744348 0.589794
vt 0.865943 0.557883
vt 0.830689 0.971731
vt 0.826825 0.969371
vt 0.830061 0.962117
vt 0.822129 0.960238
vt 0.817857 0.964900
vt 0.814477 0.971318
vt 0.818918 0.972066
vt 0.815439 0.974140
vt 0.974114 0.821191
vt 0.817445 0.981902
vt 0.624998 0.965638
vt 0.828657 0.981902
s 1
usemtl Material.004
f 1/1/1 2/2/2 3/3/3
f 3/3/3 2/2/2 4/4/4
f 4/4/4 5/5/5 6/6/6
f 2/2/2 5/5/5 4/4/4
f 1/1/1 7/7/7 2/2/2
f 7/7/7 8/8/8 2/2/2
f 2/2/2 8/8/8 5/5/5
f 5/5/5 8/8/8 9/9/9
f 10/10/10 4/4/4 6/6/6
f 11/11/11 1/1/1 3/3/3
f 6/6/6 12/12/12 13/13/13
f 1/1/1 14/14/14 7/7/7
f 5/5/5 15/15/15 6/6/6
f 6/6/6 15/15/15 12/12/12
f 15/15/15 5/5/5 9/9/9
f 16/16/16 17/17/17 7/7/7
f 7/7/7 17/17/17 8/8/8
f 8/8/8 18/18/18 9/9/9
f 17/17/17 18/18/18 8/8/8
f 11/11/11 3/3/3 19/19/19
f 3/3/3 4/4/4 19/19/19
f 19/19/19 4/4/4 10/10/10
f 20/20/20 1/1/1 11/11/11
f 6/6/6 13/13/13 10/10/10
f 20/20/20 21/21/21 1/1/1
f 1/1/1 21/21/21 14/14/14
f 7/7/7 14/14/14 16/16/16
f 15/15/15 22/22/22 12/12/12
f 15/15/15 9/9/9 22/22/22
f 9/9/9 23/23/23 22/22/22
f 16/16/16 24/24/24 17/17/17
f 9/9/9 25/25/25 23/23/23
f 9/9/9 18/18/18 25/25/25
f 24/24/24 26/26/26 17/17/17
f 17/17/17 26/26/26 18/18/18
f 18/18/18 27/27/27 25/25/25
f 28/28/28 19/19/19 29/29/29
f 11/11/11 19/19/19 28/28/28
f 30/30/30 21/31/21 20/32/20
f 13/13/13 12/12/12 31/33/31
f 32/34/32 33/35/33 34/36/34
f 22/22/22 35/37/35 12/12/12
f 22/22/22 36/38/36 35/37/35
f 37/39/37 38/40/38 33/35/33
f 39/41/39 24/24/24 16/16/16
f 40/42/40 26/26/26 24/24/24
f 28/28/28 41/43/41 11/11/11
f 19/19/19 42/44/42 43/45/43
f 19/19/19 10/10/10 42/44/42
f 41/43/41 20/20/20 11/11/11
f 10/10/10 44/46/44 42/44/42
f 10/10/10 13/13/13 44/46/44
f 13/13/13 45/47/45 44/46/44
f 46/48/46 47/49/47 48/50/48
f 49/51/49 50/52/50 21/31/21
f 14/53/14 50/52/50 51/54/51
f 21/31/21 50/52/50 14/53/14
f 13/55/13 31/56/31 45/57/45
f 52/58/52 53/59/53 54/60/54
f 55/61/55 56/62/56 57/63/57
f 58/64/58 59/65/59 47/49/47
f 52/58/52 60/66/60 53/59/53
f 61/67/61 62/68/62 52/58/52
f 12/12/12 63/69/63 31/33/31
f 31/33/31 64/70/64 62/68/62
f 52/58/52 37/39/37 60/66/60
f 46/48/46 58/64/58 47/49/47
f 62/68/62 64/70/64 52/58/52
f 55/71/55 65/72/65 56/73/56
f 56/73/56 65/72/65 46/48/46
f 12/74/12 35/75/35 63/76/63
f 32/34/32 37/39/37 33/35/33
f 55/61/55 66/77/66 67/78/67
f 64/70/64 37/39/37 52/58/52
f 59/79/59 68/80/68 14/81/14
f 33/35/33 69/82/69 34/36/34
f 55/71/55 67/83/67 65/72/65
f 46/48/46 70/84/70 71/85/71
f 14/14/14 68/86/68 16/16/16
f 72/87/72 73/88/73 64/70/64
f 67/83/67 74/89/74 65/72/65
f 65/72/65 70/84/70 46/48/46
f 38/40/38 75/90/75 33/35/33
f 16/16/16 68/86/68 71/85/71
f 64/70/64 76/91/76 37/39/37
f 37/39/37 76/91/76 38/40/38
f 74/89/74 70/84/70 65/72/65
f 22/22/22 23/23/23 36/38/36
f 73/88/73 76/91/76 64/70/64
f 71/85/71 39/41/39 16/16/16
f 26/26/26 77/92/77 18/18/18
f 78/93/78 19/19/19 43/45/43
f 19/19/19 78/93/78 29/29/29
f 43/94/43 42/95/42 79/96/79
f 41/97/41 80/98/80 20/32/20
f 44/99/44 81/100/81 42/101/42
f 20/32/20 80/98/80 30/30/30
f 48/50/48 82/102/82 83/103/83
f 84/104/84 48/50/48 83/103/83
f 48/50/48 85/105/85 82/102/82
f 30/30/30 86/106/86 21/31/21
f 86/106/86 49/51/49 21/31/21
f 44/107/44 45/108/45 87/109/87
f 62/68/62 61/67/61 87/110/87
f 88/111/88 52/58/52 54/60/54
f 84/104/84 56/73/56 48/50/48
f 48/50/48 47/49/47 85/105/85
f 47/49/47 89/112/89 85/105/85
f 54/60/54 53/59/53 90/113/90
f 46/48/46 48/50/48 56/73/56
f 89/112/89 51/114/51 50/115/50
f 49/116/49 89/112/89 50/115/50
f 88/111/88 61/67/61 52/58/52
f 45/47/45 31/33/31 62/68/62
f 47/49/47 51/114/51 89/112/89
f 14/117/14 51/118/51 47/119/47
f 47/49/47 59/65/59 14/14/14
f 32/120/32 91/121/91 60/122/60
f 32/120/32 34/123/34 91/121/91
f 32/124/32 60/125/60 37/126/37
f 31/33/31 63/69/63 64/70/64
f 55/61/55 57/63/57 66/77/66
f 63/69/63 35/37/35 64/70/64
f 59/65/59 58/64/58 68/86/68
f 64/70/64 35/37/35 72/87/72
f 46/48/46 71/85/71 58/64/58
f 58/64/58 71/85/71 68/86/68
f 36/38/36 72/87/72 35/37/35
f 70/84/70 39/41/39 71/85/71
f 72/87/72 36/38/36 73/88/73
f 92/127/92 74/89/74 67/83/67
f 23/23/23 93/128/93 36/38/36
f 36/38/36 93/128/93 73/88/73
f 76/91/76 94/129/94 38/40/38
f 94/129/94 75/90/75 38/40/38
f 73/88/73 93/128/93 76/91/76
f 93/128/93 94/129/94 76/91/76
f 74/89/74 95/130/95 70/84/70
f 94/129/94 96/131/96 75/90/75
f 23/23/23 25/25/25 93/128/93
f 39/41/39 97/132/97 24/24/24
f 24/24/24 97/132/97 40/42/40
f 26/26/26 98/133/98 77/92/77
f 26/26/26 99/134/99 98/133/98
f 18/18/18 77/92/77 27/27/27
f 100/135/100 101/136/101 28/28/28
f 100/135/100 28/28/28 29/29/29
f 102/137/102 78/93/78 43/45/43
f 101/136/101 41/43/41 28/28/28
f 43/45/43 79/138/79 102/137/102
f 41/97/41 103/139/103 80/98/80
f 42/101/42 81/100/81 79/140/79
f 80/98/80 104/141/104 30/30/30
f 84/104/84 83/103/83 105/142/105
f 44/107/44 87/109/87 81/143/81
f 82/102/82 85/105/85 106/144/106
f 88/111/88 107/145/107 61/67/61
f 87/110/87 61/67/61 107/145/107
f 85/105/85 49/116/49 86/146/86
f 85/105/85 89/112/89 49/116/49
f 87/110/87 45/47/45 62/68/62
f 108/147/108 109/148/109 56/73/56
f 60/122/60 91/121/91 53/149/53
f 56/62/56 109/150/109 57/63/57
f 57/63/57 109/150/109 110/151/110
f 34/123/34 111/152/111 91/121/91
f 57/63/57 110/151/110 66/77/66
f 34/123/34 69/153/69 111/152/111
f 66/77/66 112/154/112 67/78/67
f 67/78/67 112/154/112 92/155/92
f 113/156/113 114/157/114 75/90/75
f 92/127/92 115/158/115 74/89/74
f 74/89/74 115/158/115 95/130/95
f 75/90/75 96/131/96 113/156/113
f 70/84/70 95/130/95 39/41/39
f 25/25/25 116/159/116 93/128/93
f 95/130/95 97/132/97 39/41/39
f 27/27/27 117/160/117 25/25/25
f 40/42/40 99/134/99 26/26/26
f 78/161/78 102/162/102 118/163/118
f 100/164/100 119/165/119 101/166/101
f 101/166/101 120/167/120 41/97/41
f 81/100/81 121/168/121 79/140/79
f 122/169/122 104/141/104 80/98/80
f 88/111/88 54/60/54 123/170/123
f 54/60/54 90/113/90 123/170/123
f 81/143/81 87/109/87 124/171/124
f 87/110/87 107/145/107 124/172/124
f 106/144/106 86/146/86 30/173/30
f 106/144/106 85/105/85 86/146/86
f 125/174/125 126/175/126 84/104/84
f 53/59/53 127/176/127 90/113/90
f 84/104/84 108/147/108 56/73/56
f 53/59/53 91/177/91 127/176/127
f 91/177/91 111/178/111 127/176/127
f 128/179/128 129/180/129 108/147/108
f 109/148/109 129/180/129 110/181/110
f 109/148/109 108/147/108 129/180/129
f 129/180/129 128/179/128 130/182/130
f 66/77/66 110/151/110 130/183/130
f 129/180/129 130/182/130 110/181/110
f 128/179/128 112/184/112 130/182/130
f 66/77/66 130/183/130 112/154/112
f 112/184/112 131/185/131 92/127/92
f 33/35/33 114/157/114 69/82/69
f 114/157/114 132/186/132 69/82/69
f 33/35/33 75/90/75 114/157/114
f 96/131/96 133/187/133 113/156/113
f 115/158/115 134/188/134 95/130/95
f 96/131/96 135/189/135 133/187/133
f 95/130/95 134/188/134 97/132/97
f 93/128/93 116/159/116 94/129/94
f 97/132/97 136/190/136 40/42/40
f 25/25/25 117/160/117 116/159/116
f 136/190/136 99/134/99 40/42/40
f 27/27/27 137/191/137 117/160/117
f 78/93/78 138/192/138 29/29/29
f 29/29/29 138/192/138 100/135/100
f 102/193/102 79/140/79 139/194/139
f 41/97/41 120/167/120 103/139/103
f 105/142/105 83/103/83 140/195/140
f 141/196/141 142/197/142 123/170/123
f 83/103/83 143/198/143 140/195/140
f 88/111/88 123/170/123 142/197/142
f 103/139/103 122/169/122 80/98/80
f 83/103/83 82/102/82 143/198/143
f 79/140/79 121/168/121 144/199/144
f 88/111/88 142/197/142 107/145/107
f 122/169/122 145/200/145 104/141/104
f 107/201/107 142/202/142 146/203/146
f 106/144/106 147/204/147 82/102/82
f 148/205/148 121/206/121 124/171/124
f 123/170/123 90/113/90 149/207/149
f 105/142/105 150/208/150 84/104/84
f 81/143/81 124/171/124 121/206/121
f 146/209/146 124/172/124 107/145/107
f 84/104/84 150/208/150 125/174/125
f 30/173/30 104/210/104 106/144/106
f 127/176/127 151/211/151 90/113/90
f 152/212/152 127/176/127 153/213/153
f 154/214/154 108/147/108 126/175/126
f 84/104/84 126/175/126 108/147/108
f 155/215/155 128/179/128 154/214/154
f 154/214/154 128/179/128 108/147/108
f 127/176/127 111/178/111 153/213/153
f 111/178/111 69/82/69 153/213/153
f 128/179/128 131/185/131 112/184/112
f 69/82/69 132/186/132 153/213/153
f 92/127/92 156/216/156 115/158/115
f 113/156/113 133/187/133 157/217/157
f 134/188/134 158/218/158 97/132/97
f 94/129/94 135/189/135 96/131/96
f 158/218/158 136/190/136 97/132/97
f 27/27/27 77/92/77 137/191/137
f 98/133/98 159/219/159 77/92/77
f 100/164/100 138/220/138 119/165/119
f 101/166/101 119/165/119 120/167/120
f 120/221/120 119/222/119 160/223/160
f 119/222/119 161/224/161 160/223/160
f 139/225/139 144/226/144 162/227/162
f 141/196/141 163/228/163 142/197/142
f 141/196/141 123/170/123 164/229/164
f 120/221/120 165/230/165 103/231/103
f 82/232/82 147/233/147 143/234/143
f 105/235/105 166/236/166 150/237/150
f 123/238/123 149/239/149 167/240/167
f 104/210/104 145/241/145 168/242/168
f 124/172/124 146/209/146 148/243/148
f 104/210/104 168/242/168 106/144/106
f 150/237/150 169/244/169 125/245/125
f 148/246/148 170/247/170 171/248/171
f 172/249/172 155/215/155 154/214/154
f 172/249/172 154/214/154 125/174/125
f 172/249/172 125/174/125 169/250/169
f 149/207/149 90/113/90 151/211/151
f 154/214/154 126/175/126 125/174/125
f 173/251/173 174/252/174 175/253/175
f 173/251/173 176/254/176 174/252/174
f 152/212/152 151/211/151 127/176/127
f 153/213/153 177/255/177 152/212/152
f 155/215/155 178/256/178 128/179/128
f 128/179/128 178/256/178 179/257/179
f 179/257/179 131/185/131 128/179/128
f 132/186/132 114/157/114 180/258/180
f 131/185/131 156/216/156 92/127/92
f 114/157/114 157/217/157 180/258/180
f 115/158/115 156/216/156 181/259/181
f 114/157/114 113/156/113 157/217/157
f 134/188/134 115/158/115 182/260/182
f 117/160/117 183/261/183 116/159/116
f 99/134/99 184/262/184 98/133/98
f 77/92/77 159/219/159 137/191/137
f 78/161/78 185/263/185 138/264/138
f 78/161/78 118/163/118 185/263/185
f 185/265/185 161/224/161 138/266/138
f 185/265/185 186/267/186 161/224/161
f 118/268/118 139/225/139 186/267/186
f 102/269/102 139/225/139 118/268/118
f 138/266/138 161/224/161 119/222/119
f 186/267/186 139/225/139 162/227/162
f 140/270/140 187/271/187 105/235/105
f 140/272/140 188/273/188 189/274/189
f 141/196/141 164/229/164 190/275/190
f 79/140/79 144/199/144 139/194/139
f 188/273/188 140/272/140 143/234/143
f 160/223/160 165/230/165 120/221/120
f 187/271/187 166/236/166 105/235/105
f 161/224/161 191/276/191 160/223/160
f 123/238/123 192/277/192 164/278/164
f 161/224/161 186/267/186 191/276/191
f 123/238/123 167/240/167 192/277/192
f 103/231/103 165/230/165 122/279/122
f 186/267/186 162/227/162 191/276/191
f 144/226/144 171/248/171 162/227/162
f 163/280/163 146/203/146 142/202/142
f 165/230/165 160/223/160 193/281/193
f 194/282/194 195/283/195 172/249/172
f 122/279/122 165/230/165 193/281/193
f 160/223/160 191/276/191 193/281/193
f 121/284/121 171/248/171 144/226/144
f 150/237/150 196/285/196 197/286/197
f 166/236/166 196/285/196 150/237/150
f 122/279/122 193/281/193 145/287/145
f 121/288/121 148/289/148 171/290/171
f 167/240/167 149/239/149 198/291/198
f 172/249/172 169/250/169 197/292/197
f 191/276/191 162/227/162 199/293/199
f 150/237/150 197/286/197 169/244/169
f 147/204/147 106/144/106 168/242/168
f 149/239/149 200/294/200 198/291/198
f 198/295/198 200/296/200 201/297/201
f 145/287/145 193/281/193 173/251/173
f 193/281/193 199/293/199 173/251/173
f 191/276/191 199/293/199 193/281/193
f 171/248/171 202/298/202 162/227/162
f 151/211/151 200/296/200 149/207/149
f 201/297/201 200/296/200 152/212/152
f 172/249/172 195/283/195 155/215/155
f 171/248/171 203/299/203 202/298/202
f 201/297/201 152/212/152 204/300/204
f 152/212/152 200/296/200 151/211/151
f 205/301/205 152/212/152 177/255/177
f 206/302/206 207/303/207 170/304/170
f 171/248/171 170/247/170 203/299/203
f 170/247/170 207/305/207 208/306/208
f 170/247/170 208/306/208 203/299/203
f 207/305/207 209/307/209 208/306/208
f 175/308/175 174/309/174 210/310/210
f 203/299/203 208/306/208 209/307/209
f 174/252/174 211/311/211 210/312/210
f 207/305/207 212/313/212 209/307/209
f 212/313/212 213/314/213 209/307/209
f 211/311/211 214/315/214 210/312/210
f 215/316/215 209/307/209 213/314/213
f 211/311/211 216/317/216 214/315/214
f 213/314/213 217/318/217 215/316/215
f 218/319/218 217/318/217 213/314/213
f 214/315/214 216/317/216 219/320/219
f 177/255/177 153/213/153 220/321/220
f 153/213/153 132/186/132 220/321/220
f 221/322/221 115/158/115 181/259/181
f 115/158/115 221/322/221 182/260/182
f 222/323/222 157/217/157 133/187/133
f 135/189/135 222/323/222 133/187/133
f 134/188/134 182/260/182 158/218/158
f 116/159/116 183/261/183 94/129/94
f 183/261/183 135/189/135 94/129/94
f 183/261/183 223/324/223 135/189/135
f 158/218/158 224/325/224 136/190/136
f 224/325/224 99/134/99 136/190/136
f 186/267/186 185/265/185 118/268/118
f 225/326/225 141/327/141 190/328/190
f 226/329/226 140/270/140 227/330/227
f 226/329/226 187/271/187 140/270/140
f 228/331/228 194/282/194 229/332/229
f 230/333/230 231/334/231 232/335/232
f 232/335/232 231/334/231 233/336/233
f 192/337/192 167/338/167 231/334/231
f 195/283/195 194/282/194 228/331/228
f 194/282/194 196/339/196 166/340/166
f 231/334/231 201/297/201 233/336/233
f 201/297/201 204/300/204 233/336/233
f 167/338/167 201/297/201 231/334/231
f 188/273/188 143/234/143 147/233/147
f 167/338/167 198/295/198 201/297/201
f 194/282/194 172/249/172 197/292/197
f 194/282/194 197/292/197 196/339/196
f 145/341/145 173/342/173 234/343/234
f 175/344/175 234/343/234 173/342/173
f 204/300/204 152/212/152 205/301/205
f 202/298/202 199/293/199 162/227/162
f 155/345/155 195/346/195 235/347/235
f 236/348/236 175/253/175 237/349/237
f 173/251/173 199/293/199 176/254/176
f 235/347/235 178/350/178 155/345/155
f 203/299/203 238/351/238 202/298/202
f 176/254/176 199/293/199 239/352/239
f 175/253/175 210/312/210 237/349/237
f 240/353/240 212/313/212 207/305/207
f 174/252/174 176/254/176 211/311/211
f 203/299/203 209/307/209 238/351/238
f 237/349/237 210/312/210 241/354/241
f 176/254/176 242/355/242 211/311/211
f 210/312/210 214/315/214 241/354/241
f 242/355/242 216/317/216 211/311/211
f 213/314/213 212/313/212 218/319/218
f 214/315/214 219/320/219 241/354/241
f 241/354/241 219/320/219 243/356/243
f 215/316/215 217/318/217 244/357/244
f 245/358/245 219/320/219 216/317/216
f 218/319/218 244/357/244 217/318/217
f 219/320/219 245/358/245 243/356/243
f 243/356/243 245/358/245 246/359/246
f 179/360/179 247/361/247 131/362/131
f 131/362/131 247/361/247 156/363/156
f 132/364/132 180/365/180 248/366/248
f 180/258/180 157/217/157 249/367/249
f 135/189/135 223/324/223 222/323/222
f 117/160/117 250/368/250 183/261/183
f 224/325/224 184/262/184 99/134/99
f 98/133/98 184/262/184 159/219/159
f 140/369/140 189/370/189 227/371/227
f 141/372/141 225/373/225 251/374/251
f 251/374/251 163/375/163 141/372/141
f 190/328/190 164/278/164 252/376/252
f 253/377/253 228/331/228 229/332/229
f 226/329/226 254/378/254 187/271/187
f 255/379/255 232/335/232 233/336/233
f 164/278/164 192/277/192 256/380/256
f 229/332/229 194/282/194 257/381/257
f 192/382/192 230/383/258 256/384/256
f 194/282/194 166/340/166 257/381/257
f 163/280/163 258/385/259 146/203/146
f 231/386/260 259/387/261 260/388/262
f 188/389/188 147/390/147 261/391/263
f 145/392/145 234/393/234 168/394/168
f 168/394/168 234/393/234 147/395/147
f 147/390/147 236/348/236 261/391/263
f 147/390/147 234/396/234 236/348/236
f 148/246/148 146/397/146 206/398/206
f 262/399/264 206/398/206 146/397/146
f 148/400/148 206/302/206 170/304/170
f 234/396/234 175/253/175 236/348/236
f 206/398/206 262/399/264 240/353/240
f 204/401/204 205/402/205 263/403/265
f 262/399/264 264/404/266 240/353/240
f 206/398/206 240/353/240 207/305/207
f 264/404/266 265/405/267 240/353/240
f 237/349/237 266/406/268 236/348/236
f 240/353/240 265/405/267 212/313/212
f 199/293/199 202/298/202 239/352/239
f 241/407/241 243/408/243 267/409/269
f 212/313/212 268/410/270 218/319/218
f 218/319/218 268/410/270 244/357/244
f 246/359/246 267/411/269 243/356/243
f 244/357/244 268/410/270 269/412/271
f 220/413/220 132/364/132 248/366/248
f 157/217/157 222/323/222 249/367/249
f 250/368/250 223/324/223 183/261/183
f 224/325/224 270/414/272 184/262/184
f 137/191/137 271/415/273 117/160/117
f 117/160/117 271/415/273 250/368/250
f 163/416/163 251/417/251 258/418/259
f 164/278/164 256/380/256 252/376/252
f 228/419/228 272/420/274 273/421/275
f 166/340/166 187/422/187 257/381/276
f 228/419/228 273/421/275 195/346/195
f 166/423/277 274/424/278 257/425/257
f 230/426/258 192/427/192 260/428/279
f 231/429/231 260/430/279 192/431/192
f 231/334/231 230/333/230 260/432/280
f 188/389/188 261/391/263 275/433/281
f 166/423/277 276/434/282 274/424/278
f 146/397/146 258/435/259 264/404/266
f 261/391/263 236/348/236 266/406/268
f 146/397/146 264/404/266 262/399/264
f 235/347/235 277/436/283 178/350/178
f 266/406/268 237/349/237 241/354/241
f 178/350/178 277/436/283 179/360/179
f 202/298/202 278/437/284 239/352/239
f 176/254/176 239/352/239 242/355/242
f 215/316/215 238/351/238 209/307/209
f 245/358/245 242/355/242 246/359/246
f 216/317/216 242/355/242 245/358/245
f 244/357/244 269/412/271 215/316/215
f 267/411/269 246/359/246 279/438/285
f 242/355/242 279/438/285 246/359/246
f 247/361/247 280/439/286 156/363/156
f 248/366/248 180/365/180 281/440/287
f 156/363/156 280/439/286 181/441/181
f 181/259/181 282/442/288 221/322/221
f 222/323/222 283/443/289 249/367/249
f 222/323/222 223/324/223 284/444/290
f 182/260/182 285/445/291 158/218/158
f 286/446/292 158/218/158 285/445/291
f 158/218/158 286/446/292 224/325/224
f 229/447/229 272/448/274 253/449/253
f 189/450/189 188/389/188 275/433/281
f 254/451/254 226/452/226 275/433/281
f 251/453/251 225/454/225 258/435/259
f 204/401/204 287/455/293 233/456/233
f 225/454/225 288/457/294 258/435/259
f 256/458/256 288/457/294 252/459/252
f 187/271/187 254/378/254 289/460/295
f 256/458/256 230/461/258 288/457/294
f 232/462/232 287/463/293 230/56/230
f 187/464/187 289/465/295 257/466/276
f 230/461/258 260/388/262 288/457/294
f 230/467/230 287/468/293 260/469/296
f 260/470/296 287/471/293 231/472/260
f 257/466/276 289/465/295 166/473/277
f 260/388/262 259/387/261 290/474/297
f 291/475/298 259/387/261 231/386/260
f 231/476/260 287/477/293 291/478/298
f 273/421/275 292/479/299 195/346/195
f 276/480/282 293/481/300 274/482/278
f 166/473/277 289/465/295 276/480/282
f 275/433/281 261/391/263 266/406/268
f 258/435/259 288/457/294 264/404/266
f 294/483/301 259/387/261 291/475/298
f 290/474/297 259/387/261 294/483/301
f 276/480/282 289/465/295 295/484/302
f 288/457/294 290/474/297 264/404/266
f 291/475/298 296/485/303 294/483/301
f 276/480/282 295/484/302 293/481/300
f 293/481/300 295/484/302 297/486/304
f 294/483/301 298/487/305 290/474/297
f 294/483/301 296/485/303 298/487/305
f 298/487/305 296/485/303 299/488/306
f 195/346/195 292/479/299 235/347/235
f 297/486/304 300/489/307 301/490/308
f 296/485/303 302/491/309 299/488/306
f 297/486/304 295/484/302 300/489/307
f 299/488/306 303/492/310 304/493/311
f 177/494/177 220/495/220 205/402/205
f 267/411/269 305/496/312 241/354/241
f 202/298/202 238/351/238 278/437/284
f 265/405/267 268/410/270 212/313/212
f 238/351/238 306/497/313 278/437/284
f 306/497/313 238/351/238 215/316/215
f 180/365/180 249/498/249 281/440/287
f 181/441/181 280/439/286 282/499/288
f 222/323/222 284/444/290 283/443/289
f 250/368/250 307/500/314 223/324/223
f 286/446/292 270/414/272 224/325/224
f 184/262/184 308/501/315 159/219/159
f 190/328/190 252/376/252 225/326/225
f 227/502/227 275/433/281 226/452/226
f 227/502/227 189/450/189 275/433/281
f 253/503/253 272/420/274 228/419/228
f 252/459/252 288/457/294 225/454/225
f 255/504/255 233/456/233 287/455/293
f 255/505/255 287/463/293 232/462/232
f 272/506/274 309/507/316 273/508/275
f 254/451/254 275/433/281 289/465/295
f 204/401/204 263/403/265 287/455/293
f 229/447/229 257/425/257 309/509/316
f 257/425/257 274/424/278 309/509/316
f 260/388/262 290/474/297 288/457/294
f 275/433/281 266/406/268 289/465/295
f 293/510/300 309/509/316 274/424/278
f 289/465/295 266/406/268 295/484/302
f 297/511/304 301/512/308 293/513/300
f 264/404/266 290/474/297 265/405/267
f 298/487/305 299/488/306 290/474/297
f 299/488/306 304/493/311 290/474/297
f 296/485/303 291/475/298 302/491/309
f 266/406/268 310/514/317 295/484/302
f 292/479/299 311/515/318 235/347/235
f 290/474/297 304/493/311 265/405/267
f 205/402/205 312/516/319 263/403/265
f 299/488/306 302/491/309 303/492/310
f 300/489/307 295/484/302 310/514/317
f 266/406/268 241/354/241 310/514/317
f 304/493/311 313/517/320 265/405/267
f 235/347/235 311/515/318 277/436/283
f 300/489/307 310/514/317 314/518/321
f 205/402/205 220/495/220 312/516/319
f 241/354/241 305/496/312 310/514/317
f 303/492/310 315/519/322 304/493/311
f 277/436/283 316/520/323 179/360/179
f 316/520/323 247/361/247 179/360/179
f 239/352/239 278/437/284 317/521/324
f 267/411/269 279/438/285 305/496/312
f 221/322/221 318/522/325 182/260/182
f 318/522/325 285/445/291 182/260/182
f 270/414/272 319/523/326 184/262/184
f 159/219/159 320/524/327 137/191/137
f 229/447/229 309/509/316 272/448/274
f 287/455/293 263/403/265 321/525/328
f 321/526/328 291/475/298 287/527/293
f 273/508/275 322/528/329 292/529/299
f 293/481/300 322/528/329 309/507/316
f 293/481/300 301/490/308 322/528/329
f 312/516/319 321/525/328 263/403/265
f 300/530/307 314/531/321 301/532/308
f 314/518/321 322/528/329 301/490/308
f 303/492/310 302/491/309 323/533/330
f 314/518/321 324/534/331 322/528/329
f 277/436/283 311/515/318 316/520/323
f 220/413/220 325/535/332 312/536/319
f 304/493/311 315/519/322 313/517/320
f 303/492/310 323/533/330 315/519/322
f 324/534/331 314/518/321 326/537/333
f 310/514/317 305/496/312 314/518/321
f 316/520/323 327/538/334 247/361/247
f 220/413/220 248/366/248 325/535/332
f 265/405/267 313/517/320 268/410/270
f 278/437/284 328/539/335 317/521/324
f 278/437/284 306/497/313 328/539/335
f 305/496/312 279/438/285 329/540/336
f 239/352/239 317/521/324 242/355/242
f 242/355/242 330/541/337 279/438/285
f 306/497/313 215/316/215 331/542/338
f 268/410/270 332/543/339 269/412/271
f 279/438/285 330/541/337 333/544/340
f 334/545/341 281/440/287 335/546/342
f 249/498/249 336/547/343 281/440/287
f 282/499/288 280/439/286 337/548/344
f 223/324/223 307/500/314 284/444/290
f 308/501/315 320/524/327 159/219/159
f 273/508/275 309/507/316 322/528/329
f 321/526/328 338/549/345 291/475/298
f 292/529/299 322/528/329 311/550/318
f 321/526/328 312/551/319 338/549/345
f 291/475/298 338/549/345 302/491/309
f 311/550/318 322/528/329 324/534/331
f 338/549/345 312/551/319 325/552/332
f 338/549/345 323/533/330 302/491/309
f 324/534/331 339/553/346 311/550/318
f 311/550/318 339/553/346 316/554/323
f 314/518/321 340/555/347 326/537/333
f 314/518/321 305/496/312 340/555/347
f 340/555/347 305/496/312 329/540/336
f 340/555/347 329/540/336 341/556/348
f 313/517/320 332/543/339 268/410/270
f 342/557/349 343/558/350 344/559/351
f 345/560/352 346/561/353 347/562/354
f 306/497/313 348/563/355 328/539/335
f 317/521/324 330/541/337 242/355/242
f 306/497/313 331/542/338 348/563/355
f 248/366/248 281/440/287 349/564/356
f 215/316/215 269/412/271 331/542/338
f 247/361/247 350/565/357 280/439/286
f 279/438/285 333/544/340 329/540/336
f 350/565/357 351/566/358 280/439/286
f 269/412/271 352/567/359 331/542/338
f 334/568/341 335/569/342 353/570/360
f 351/566/358 337/548/344 280/439/286
f 281/440/287 336/547/343 335/546/342
f 249/498/249 354/571/361 336/547/343
f 337/548/344 355/572/362 282/499/288
f 221/322/221 356/573/363 318/522/325
f 285/445/291 357/574/364 286/446/292
f 137/191/137 320/524/327 271/415/273
f 325/552/332 358/575/365 338/549/345
f 324/534/331 326/537/333 339/553/346
f 342/557/349 359/576/366 360/577/367
f 248/366/248 349/564/356 325/535/332
f 361/578/368 345/579/352 362/580/369
f 362/581/369 345/560/352 347/562/354
f 363/582/370 359/576/366 344/559/351
f 364/583/371 315/519/322 323/533/330
f 344/559/351 359/576/366 342/557/349
f 315/519/322 332/543/339 313/517/320
f 365/584/372 347/562/354 346/561/353
f 349/585/356 281/586/287 334/587/341
f 366/588/373 330/541/337 317/521/324
f 366/588/373 317/521/324 328/539/335
f 332/543/339 352/567/359 269/412/271
f 350/589/357 367/590/374 365/591/372
f 365/584/372 351/592/358 350/593/357
f 329/540/336 333/544/340 341/556/348
f 346/561/353 368/594/375 365/584/372
f 365/584/372 368/594/375 351/592/358
f 335/595/342 369/596/376 353/597/360
f 353/598/360 369/599/376 343/558/350
f 370/600/377 346/561/353 345/560/352
f 343/558/350 369/599/376 344/559/351
f 371/601/378 333/544/340 330/541/337
f 335/595/342 372/602/379 369/596/376
f 369/599/376 372/603/379 344/559/351
f 370/600/377 373/604/380 346/561/353
f 346/561/353 373/604/380 368/594/375
f 351/566/358 368/605/375 337/548/344
f 374/606/381 344/559/351 375/607/382
f 373/604/380 376/608/383 368/594/375
f 368/605/375 376/609/383 337/548/344
f 335/610/342 336/611/343 372/612/379
f 372/603/379 375/607/382 344/559/351
f 372/613/379 336/547/343 354/571/361
f 355/572/362 337/548/344 376/609/383
f 354/571/361 249/498/249 283/614/289
f 355/615/362 221/616/221 282/617/288
f 307/500/314 377/618/384 284/444/290
f 378/619/385 377/618/384 307/500/314
f 307/500/314 250/368/250 378/619/385
f 319/523/326 308/501/315 184/262/184
f 379/620/386 308/501/315 319/523/326
f 380/621/387 360/577/367 359/576/366
f 380/621/387 359/576/366 363/582/370
f 339/553/346 326/537/333 381/622/388
f 358/575/365 323/533/330 338/549/345
f 362/581/369 347/562/354 382/623/389
f 347/624/354 383/625/390 382/626/389
f 316/554/323 339/553/346 327/627/334
f 326/537/333 340/555/347 381/622/388
f 339/553/346 384/628/391 327/627/334
f 344/559/351 385/629/392 363/582/370
f 323/533/330 358/575/365 364/583/371
f 340/555/347 341/556/348 381/622/388
f 344/559/351 374/606/381 385/629/392
f 365/630/372 383/625/390 347/624/354
f 350/565/357 247/361/247 327/538/334
f 315/519/322 386/631/393 332/543/339
f 345/579/352 387/632/394 370/633/377
f 366/588/373 371/601/378 330/541/337
f 332/543/339 386/631/393 352/567/359
f 352/567/359 388/634/395 331/542/338
f 370/600/377 389/635/396 373/604/380
f 373/604/380 355/636/362 376/608/383
f 389/635/396 355/636/362 373/604/380
f 354/637/361 390/638/397 372/603/379
f 372/603/379 390/638/397 375/607/382
f 283/614/289 391/639/398 354/571/361
f 221/640/221 355/641/362 356/642/363
f 318/522/325 392/643/399 285/445/291
f 285/445/291 392/643/399 357/574/364
f 286/446/292 357/574/364 270/414/272
f 320/524/327 393/644/400 271/415/273
f 394/645/401 362/581/369 395/646/402
f 380/621/387 396/647/403 360/577/367
f 362/581/369 382/623/389 395/646/402
f 380/621/387 363/582/370 397/648/404
f 398/649/405 361/578/368 362/580/369
f 363/650/370 385/651/392 399/652/406
f 360/653/367 400/654/407 342/655/349
f 339/553/346 381/622/388 384/628/391
f 361/578/368 387/632/394 345/579/352
f 342/655/349 400/654/407 343/656/350
f 327/627/334 384/628/391 350/657/357
f 325/552/332 349/658/356 358/575/365
f 383/625/390 365/630/372 401/659/408
f 343/558/350 400/660/407 353/598/360
f 365/591/372 367/590/374 401/661/408
f 334/662/341 402/663/409 349/664/356
f 334/665/341 353/666/360 402/667/409
f 350/589/357 384/668/391 367/590/374
f 367/669/374 384/628/391 403/670/410
f 328/539/335 348/563/355 366/588/373
f 390/638/397 404/671/411 375/607/382
f 283/614/289 284/672/290 391/639/398
f 271/415/273 378/619/385 250/368/250
f 308/501/315 379/620/386 405/673/412
f 308/501/315 405/673/412 320/524/327
f 394/674/401 398/649/405 362/580/369
f 396/675/403 406/676/413 360/653/367
f 363/677/370 399/678/406 397/679/404
f 382/626/389 383/625/390 407/680/414
f 406/676/413 400/654/407 360/653/367
f 385/651/392 408/681/415 399/652/406
f 361/578/368 409/682/416 387/632/394
f 358/575/365 349/658/356 364/583/371
f 402/683/409 400/684/407 410/685/417
f 353/598/360 400/660/407 402/686/409
f 349/658/356 411/687/418 364/583/371
f 349/658/356 402/688/409 411/687/418
f 367/689/374 403/690/410 401/659/408
f 315/519/322 364/583/371 386/631/393
f 402/688/409 412/691/419 411/687/418
f 402/688/409 410/692/417 412/691/419
f 403/690/410 413/693/420 401/659/408
f 381/622/388 341/556/348 414/694/421
f 412/695/419 410/696/417 415/697/422
f 412/691/419 415/698/422 411/687/418
f 333/544/340 416/699/423 341/556/348
f 386/631/393 417/700/424 352/567/359
f 371/601/378 416/699/423 333/544/340
f 352/567/359 417/700/424 388/634/395
f 375/607/382 404/671/411 374/606/381
f 370/633/377 418/701/425 389/702/396
f 390/703/397 419/704/426 404/705/411
f 354/637/361 419/706/426 390/638/397
f 354/637/361 391/707/398 419/706/426
f 355/636/362 389/635/396 356/573/363
f 319/523/326 420/708/427 379/620/386
f 421/709/428 396/647/403 380/621/387
f 394/710/401 395/711/402 422/712/429
f 406/713/413 423/714/430 400/715/407
f 409/682/416 424/716/431 387/632/394
f 383/625/390 401/659/408 425/717/432
f 385/718/392 374/719/381 426/720/433
f 424/716/431 370/633/377 387/632/394
f 413/693/420 427/721/434 401/659/408
f 384/628/391 381/622/388 403/670/410
f 364/583/371 428/722/435 386/631/393
f 364/583/371 411/687/418 428/722/435
f 403/690/410 429/723/436 413/693/420
f 403/670/410 381/622/388 429/724/436
f 411/687/418 415/698/422 430/725/437
f 348/563/355 431/726/438 366/588/373
f 366/588/373 431/726/438 371/601/378
f 374/719/381 404/705/411 432/727/439
f 389/635/396 433/728/440 356/573/363
f 318/729/325 356/730/363 392/731/399
f 271/415/273 393/644/400 378/619/385
f 320/524/327 405/673/412 393/644/400
f 396/675/403 421/732/428 406/676/413
f 382/626/389 407/680/414 395/711/402
f 398/649/405 434/733/441 361/578/368
f 407/734/414 383/735/390 435/736/442
f 423/737/430 410/685/417 400/684/407
f 408/738/415 385/739/392 436/740/443
f 409/682/416 437/741/444 424/716/431
f 383/625/390 425/717/432 435/742/442
f 385/718/392 426/720/433 436/743/443
f 401/659/408 427/721/434 425/717/432
f 410/696/417 438/744/445 415/697/422
f 374/719/381 439/745/446 426/720/433
f 429/724/436 381/622/388 440/746/447
f 381/622/388 414/694/421 440/746/447
f 428/722/435 417/700/424 386/631/393
f 430/747/437 441/748/448 442/749/449
f 430/725/437 442/750/449 428/722/435
f 442/749/449 441/748/448 443/751/450
f 388/634/395 444/752/451 331/542/338
f 442/750/449 443/753/450 428/722/435
f 404/705/411 419/704/426 445/754/452
f 389/755/396 418/756/425 446/757/453
f 389/635/396 446/758/453 433/728/440
f 391/707/398 447/759/454 419/706/426
f 433/728/440 392/643/399 356/573/363
f 392/643/399 433/728/440 448/760/455
f 270/414/272 449/761/456 319/523/326
f 393/644/400 450/762/457 378/619/385
f 397/763/404 421/764/428 380/765/387
f 407/680/414 422/712/429 395/711/402
f 397/766/404 399/767/406 451/768/458
f 406/713/413 451/768/458 423/714/430
f 410/692/417 423/714/430 452/769/459
f 409/770/416 453/771/460 437/772/444
f 410/696/417 452/773/459 438/744/445
f 424/716/431 454/774/461 370/633/377
f 426/720/433 439/745/446 436/743/443
f 454/774/461 455/775/462 370/633/377
f 374/719/381 432/727/439 439/745/446
f 370/633/377 455/775/462 418/701/425
f 413/693/420 429/723/436 427/721/434
f 430/747/437 415/697/422 441/748/448
f 440/776/447 427/777/434 429/778/436
f 411/687/418 430/725/437 428/722/435
f 440/746/447 456/779/463 427/780/434
f 440/746/447 457/781/464 456/779/463
f 341/556/348 416/699/423 414/694/421
f 348/563/355 444/752/451 431/726/438
f 348/563/355 331/542/338 444/752/451
f 404/705/411 458/782/465 432/727/439
f 445/754/452 458/782/465 404/705/411
f 419/704/426 447/783/454 445/754/452
f 284/672/290 459/784/466 391/639/398
f 284/444/290 377/618/384 459/785/466
f 357/574/364 449/761/456 270/414/272
f 378/619/385 450/762/457 377/618/384
f 394/674/401 422/786/429 398/649/405
f 397/766/404 451/768/458 421/787/428
f 398/649/405 422/786/429 434/733/441
f 421/787/428 451/768/458 406/713/413
f 407/734/414 434/788/441 422/789/429
f 407/734/414 435/736/442 434/788/441
f 435/736/442 361/790/368 434/788/441
f 361/790/368 435/736/442 453/771/460
f 361/790/368 453/771/460 409/770/416
f 399/767/406 423/714/430 451/768/458
f 399/767/406 408/791/415 423/714/430
f 423/714/430 408/791/415 452/769/459
f 435/736/442 425/792/432 453/771/460
f 453/771/460 460/793/467 437/772/444
f 453/771/460 425/792/432 460/793/467
f 408/791/415 436/794/443 452/769/459
f 425/792/432 461/795/468 460/793/467
f 427/796/434 461/795/468 425/792/432
f 415/697/422 438/744/445 441/748/448
f 440/746/447 414/694/421 457/781/464
f 441/748/448 438/744/445 443/751/450
f 456/797/463 462/798/469 427/799/434
f 457/800/464 462/798/469 456/797/463
f 457/781/464 414/694/421 463/801/470
f 371/601/378 431/726/438 416/699/423
f 464/802/471 465/803/472 418/701/425
f 391/707/398 459/804/466 447/759/454
f 392/643/399 466/805/473 357/574/364
f 405/673/412 379/620/386 467/806/474
f 424/716/431 437/741/444 454/774/461
f 460/793/467 454/807/461 437/772/444
f 452/769/459 436/794/443 439/808/446
f 452/769/459 439/808/446 438/809/445
f 455/775/462 464/802/471 418/701/425
f 427/799/434 462/798/469 461/810/468
f 457/800/464 463/811/470 462/798/469
f 443/751/450 438/744/445 468/812/475
f 428/722/435 469/813/476 417/700/424
f 388/634/395 417/700/424 469/813/476
f 443/753/450 468/814/475 428/722/435
f 444/752/451 470/815/477 431/726/438
f 469/813/476 471/816/478 388/634/395
f 418/701/425 465/803/472 446/817/453
f 446/817/453 465/803/472 472/818/479
f 446/819/453 473/820/480 433/821/440
f 392/643/399 448/760/455 474/822/481
f 474/822/481 466/805/473 392/643/399
f 357/574/364 466/805/473 449/761/456
f 319/523/326 449/761/456 475/823/482
f 319/523/326 475/823/482 420/708/427
f 405/673/412 476/824/483 393/644/400
f 420/708/427 477/825/484 379/620/386
f 405/673/412 467/806/474 476/824/483
f 379/620/386 478/826/485 467/806/474
f 460/793/467 461/795/468 454/807/461
f 454/807/461 479/827/486 455/828/462
f 454/807/461 461/795/468 479/827/486
f 438/809/445 439/808/446 480/829/487
f 439/808/446 432/830/439 480/829/487
f 461/795/468 462/831/469 479/827/486
f 463/801/470 414/694/421 481/832/488
f 469/813/476 428/722/435 468/814/475
f 481/832/488 414/694/421 416/699/423
f 431/726/438 482/833/489 416/699/423
f 472/834/479 473/820/480 446/819/453
f 473/820/480 448/835/455 433/821/440
f 477/825/484 478/826/485 379/620/386
f 479/827/486 483/836/490 455/828/462
f 455/828/462 483/836/490 464/837/471
f 462/798/469 484/838/491 479/839/486
f 484/838/491 462/798/469 463/811/470
f 416/699/423 485/840/492 481/832/488
f 469/813/476 468/814/475 486/841/493
f 487/842/494 481/832/488 485/840/492
f 416/699/423 482/833/489 485/840/492
f 445/754/452 488/843/495 458/782/465
f 445/754/452 447/783/454 488/843/495
f 447/783/454 489/844/496 488/843/495
f 450/762/457 490/845/497 377/618/384
f 467/806/474 478/826/485 491/846/498
f 479/827/486 484/847/491 483/836/490
f 492/848/499 468/812/475 438/744/445
f 458/782/465 493/849/500 432/727/439
f 471/816/478 469/813/476 494/850/501
f 485/840/492 482/833/489 495/851/502
f 431/726/438 470/815/477 482/833/489
f 388/634/395 471/816/478 444/752/451
f 472/834/479 496/852/503 473/820/480
f 447/783/454 459/853/466 489/844/496
f 459/853/466 497/854/504 489/844/496
f 450/762/457 393/644/400 498/855/505
f 420/708/427 475/823/482 477/825/484
f 393/644/400 476/824/483 498/855/505
f 478/826/485 477/825/484 499/856/506
f 478/826/485 499/856/506 491/846/498
f 467/806/474 491/846/498 476/824/483
f 500/857/507 501/858/508 502/859/509
f 500/857/507 503/860/510 501/858/508
f 438/809/445 480/829/487 492/861/499
f 480/829/487 432/830/439 493/862/500
f 464/837/471 483/836/490 465/863/472
f 465/863/472 483/836/490 504/864/511
f 493/849/500 458/782/465 505/865/512
f 465/803/472 504/866/511 472/818/479
f 488/843/495 506/867/513 458/782/465
f 377/618/384 507/868/514 459/785/466
f 508/869/515 466/805/473 509/870/516
f 377/871/384 490/872/497 510/873/517
f 508/869/515 449/761/456 466/805/473
f 450/762/457 498/855/505 490/845/497
f 475/823/482 511/874/518 477/825/484
f 512/875/519 499/856/506 477/825/484
f 491/846/498 513/876/520 476/824/483
f 499/856/506 514/877/521 491/846/498
f 499/856/506 515/878/522 514/877/521
f 516/879/523 502/859/509 517/880/524
f 517/880/524 502/859/509 518/881/525
f 502/859/509 501/858/508 518/881/525
f 501/858/508 519/882/526 518/881/525
f 520/883/527 521/884/528 500/885/507
f 500/857/507 521/886/528 503/860/510
f 518/881/525 522/887/529 523/888/530
f 521/886/528 524/889/531 503/860/510
f 501/858/508 525/890/532 519/882/526
f 503/860/510 525/890/532 501/858/508
f 519/882/526 525/890/532 526/891/533
f 503/860/510 527/892/534 525/890/532
f 523/888/530 522/887/529 528/893/535
f 523/888/530 528/893/535 529/894/536
f 480/829/487 493/862/500 492/861/499
f 463/811/470 530/712/537 484/838/491
f 468/814/475 492/861/499 486/841/493
f 531/895/538 530/896/537 463/801/470
f 486/841/493 532/897/539 469/813/476
f 463/801/470 481/832/488 531/895/538
f 469/813/476 532/897/539 494/850/501
f 471/816/478 533/898/540 444/752/451
f 458/782/465 506/867/513 505/865/512
f 470/815/477 534/899/541 535/900/542
f 472/818/479 536/901/543 496/902/503
f 473/820/480 537/903/544 448/835/455
f 474/822/481 509/870/516 466/805/473
f 377/618/384 510/904/517 507/868/514
f 508/869/515 475/823/482 449/761/456
f 508/869/515 538/905/545 475/823/482
f 511/874/518 512/875/519 477/825/484
f 499/856/506 512/875/519 515/878/522
f 502/906/509 516/907/523 539/908/546
f 500/909/507 539/910/546 520/911/527
f 500/912/507 502/906/509 539/908/546
f 520/883/527 540/913/547 521/884/528
f 518/881/525 523/888/530 517/880/524
f 517/880/524 523/888/530 541/914/548
f 519/882/526 542/915/549 518/881/525
f 518/881/525 542/915/549 522/887/529
f 541/914/548 523/888/530 543/916/550
f 523/888/530 529/894/536 543/916/550
f 519/882/526 526/891/533 542/915/549
f 542/915/549 544/917/551 522/887/529
f 543/918/550 529/919/536 545/920/552
f 527/892/534 546/921/553 525/890/532
f 529/894/536 528/893/535 547/922/554
f 525/890/532 548/923/555 526/891/533
f 548/923/555 549/924/556 526/891/533
f 546/921/553 548/923/555 525/890/532
f 526/891/533 549/924/556 542/915/549
f 522/887/529 544/917/551 528/893/535
f 549/924/556 544/917/551 542/915/549
f 528/893/535 550/925/557 547/922/554
f 544/917/551 551/926/558 528/893/535
f 528/893/535 551/926/558 550/925/557
f 544/917/551 549/924/556 552/927/559
f 552/927/559 551/926/558 544/917/551
f 549/924/556 548/923/555 552/927/559
f 552/927/559 553/928/560 551/926/558
f 548/923/555 554/929/561 552/927/559
f 484/847/491 555/930/562 483/836/490
f 483/836/490 555/930/562 504/864/511
f 494/931/501 532/932/539 556/933/563
f 481/934/488 557/935/564 531/936/538
f 481/934/488 487/937/494 557/935/564
f 485/938/492 558/939/565 487/937/494
f 494/850/501 559/940/566 471/816/478
f 494/850/501 560/941/567 559/940/566
f 494/942/501 561/943/568 560/944/567
f 556/933/563 561/945/568 494/931/501
f 471/816/478 559/940/566 562/946/569
f 470/815/477 444/752/451 534/899/541
f 470/815/477 535/900/542 482/833/489
f 444/752/451 563/947/570 534/899/541
f 533/898/540 563/947/570 444/752/451
f 496/852/503 537/903/544 473/820/480
f 448/835/455 537/903/544 474/948/481
f 459/853/466 507/949/514 497/854/504
f 498/855/505 564/950/571 490/845/497
f 476/824/483 565/951/572 498/855/505
f 476/824/483 513/876/520 565/951/572
f 491/846/498 566/952/573 513/876/520
f 514/877/521 566/952/573 491/846/498
f 515/878/522 567/953/574 514/877/521
f 517/954/524 568/955/575 516/956/523
f 517/954/524 541/957/548 569/958/576
f 503/860/510 524/889/531 570/959/577
f 547/922/554 550/925/557 571/960/578
f 548/923/555 546/921/553 572/961/579
f 548/923/555 572/961/579 554/929/561
f 552/927/559 573/962/580 553/928/560
f 554/929/561 573/962/580 552/927/559
f 554/929/561 574/963/581 573/962/580
f 492/861/499 493/862/500 575/964/582
f 484/847/491 530/965/537 555/930/562
f 576/966/583 577/967/584 578/968/585
f 579/969/586 580/970/587 581/971/588
f 493/862/500 505/972/512 575/964/582
f 557/973/564 582/974/589 576/966/583
f 581/971/588 580/970/587 583/975/590
f 581/971/588 583/975/590 561/976/568
f 576/966/583 582/974/589 577/967/584
f 531/977/538 584/978/591 530/979/537
f 487/937/494 582/980/589 557/935/564
f 560/981/567 561/976/568 583/975/590
f 486/841/493 585/982/592 532/897/539
f 492/861/499 585/982/592 486/841/493
f 557/935/564 586/983/593 531/936/538
f 558/939/565 582/980/589 487/937/494
f 558/984/565 577/967/584 582/974/589
f 559/763/566 580/985/587 562/986/569
f 560/987/567 580/988/587 559/989/566
f 560/981/567 583/975/590 580/970/587
f 532/932/539 587/990/594 556/933/563
f 558/939/565 588/991/595 589/992/596
f 485/938/492 588/991/595 558/939/565
f 485/840/492 495/851/502 588/993/595
f 471/816/478 590/994/597 533/898/540
f 471/816/478 562/946/569 590/994/597
f 533/995/540 591/996/598 563/997/570
f 482/998/489 592/999/599 495/1000/502
f 592/1001/599 482/1002/489 593/1003/600
f 590/1004/597 594/1005/601 533/1006/540
f 488/843/495 489/844/496 595/1007/602
f 538/905/545 511/874/518 475/823/482
f 498/855/505 596/1008/603 564/950/571
f 498/855/505 565/951/572 596/1008/603
f 512/875/519 511/874/518 597/1009/604
f 512/875/519 567/953/574 515/878/522
f 513/876/520 566/952/573 598/1010/605
f 517/954/524 569/958/576 568/955/575
f 599/1011/606 540/1012/547 520/1013/527
f 600/1014/607 570/959/577 524/889/531
f 503/860/510 570/959/577 527/892/534
f 547/1015/554 601/1016/608 529/919/536
f 547/1015/554 571/1017/578 601/1016/608
f 602/1018/609 603/1019/610 571/1017/578
f 550/925/557 602/1020/609 571/960/578
f 551/926/558 604/1021/611 550/925/557
f 605/1022/612 572/961/579 546/921/553
f 551/926/558 553/928/560 606/1023/613
f 606/1023/613 604/1021/611 551/926/558
f 572/961/579 574/963/581 554/929/561
f 553/928/560 573/962/580 607/1024/614
f 553/928/560 607/1024/614 608/1025/615
f 574/963/581 609/1026/616 573/962/580
f 573/962/580 609/1026/616 607/1024/614
f 610/1027/617 578/968/585 611/1028/618
f 610/1027/617 576/966/583 578/968/585
f 612/1029/619 586/1030/593 576/966/583
f 557/1031/564 576/1032/583 586/1033/593
f 578/968/585 577/967/584 613/1034/620
f 614/1035/621 580/970/587 579/969/586
f 615/1036/622 580/970/587 614/1035/621
f 616/1037/623 617/1038/624 561/976/568
f 585/982/592 492/861/499 575/964/582
f 613/1034/620 577/967/584 589/1039/596
f 561/945/568 556/933/563 616/1040/623
f 584/1041/591 531/1042/538 586/1043/593
f 614/1035/621 618/1044/625 615/1036/622
f 616/1040/623 556/933/563 587/990/594
f 585/1045/592 587/990/594 532/932/539
f 558/939/565 589/992/596 577/1046/584
f 615/1047/622 562/1048/569 580/1049/587
f 619/1050/626 620/1051/627 618/1052/625
f 588/991/595 621/1053/628 589/992/596
f 588/469/595 622/1054/629 621/1055/628
f 623/1056/630 621/1057/628 592/1001/599
f 618/1058/625 620/1059/627 594/1060/601
f 590/1061/597 618/1062/625 594/1063/601
f 590/1064/597 615/1065/622 618/1066/625
f 562/1067/569 615/1065/622 590/1064/597
f 588/1068/595 495/1069/502 622/1070/629
f 592/1071/599 622/1070/629 495/1069/502
f 592/1072/599 621/1055/628 622/1054/629
f 620/1073/627 591/996/598 533/995/540
f 619/1074/626 591/996/598 620/1073/627
f 533/1006/540 594/1005/601 620/1075/627
f 534/899/541 624/1076/631 535/900/542
f 593/1077/600 482/833/489 535/900/542
f 624/1078/631 625/1079/632 535/1080/542
f 626/1081/633 624/1082/631 534/1083/541
f 627/1084/634 511/874/518 538/905/545
f 628/1085/635 564/950/571 596/1008/603
f 596/1008/603 565/951/572 629/1086/636
f 565/951/572 513/876/520 630/1087/637
f 629/1086/636 565/951/572 630/1087/637
f 597/1009/604 567/953/574 512/875/519
f 513/876/520 598/1010/605 630/1087/637
f 514/877/521 631/1088/638 566/952/573
f 566/952/573 631/1088/638 632/1089/639
f 567/953/574 631/1088/638 514/877/521
f 539/1090/546 516/1091/523 568/1092/575
f 520/1093/527 539/1094/546 599/1095/606
f 539/1090/546 633/1096/640 599/1011/606
f 540/913/547 524/1097/531 521/884/528
f 541/957/548 543/918/550 634/1098/641
f 635/1099/642 600/1100/607 524/1101/531
f 543/918/550 545/920/552 634/1098/641
f 636/1102/643 571/1017/578 603/1019/610
f 550/925/557 604/1021/611 602/1020/609
f 605/1022/612 637/1103/644 572/961/579
f 637/1103/644 574/963/581 572/961/579
f 553/928/560 608/1025/615 606/1023/613
f 638/1104/645 639/1105/646 574/963/581
f 574/963/581 639/1105/646 609/1026/616
f 639/1105/646 640/1106/647 609/1026/616
f 609/1026/616 641/1107/648 607/1024/614
f 609/1026/616 640/1106/647 641/1107/648
f 640/1106/647 642/1108/649 643/1109/650
f 611/1028/618 578/968/585 644/1110/651
f 645/1111/652 581/971/588 617/1038/624
f 610/1027/617 612/1029/619 576/966/583
f 646/1112/653 614/1035/621 647/1113/654
f 581/971/588 561/976/568 617/1038/624
f 613/1034/620 621/1114/628 646/1112/653
f 612/1029/619 648/1115/655 586/1030/593
f 589/1039/596 621/1114/628 613/1034/620
f 648/1116/655 584/1041/591 586/1043/593
f 621/1114/628 623/1117/630 646/1112/653
f 646/1112/653 649/1118/656 618/1044/625
f 646/1112/653 618/1044/625 614/1035/621
f 585/982/592 575/964/582 650/1119/657
f 555/930/562 530/965/537 651/1120/658
f 530/979/537 584/978/591 652/1121/659
f 555/930/562 651/1120/658 504/864/511
f 618/1044/625 649/1118/656 619/1122/626
f 623/1117/630 653/1123/660 654/1124/661
f 623/1117/630 654/1124/661 646/1112/653
f 646/1112/653 626/1125/633 649/1118/656
f 646/1112/653 654/1124/661 626/1125/633
f 651/1126/658 472/818/479 504/866/511
f 592/1001/599 593/1003/600 623/1056/630
f 623/1056/630 593/1003/600 653/1127/660
f 654/1124/661 653/1123/660 625/1128/632
f 649/1129/656 591/1130/598 619/1131/626
f 472/818/479 651/1126/658 536/901/543
f 593/1003/600 535/1080/542 653/1127/660
f 653/1127/660 535/1080/542 625/1079/632
f 654/1124/661 625/1128/632 655/1132/662
f 654/1124/661 655/1132/662 626/1125/633
f 626/1133/633 534/1134/541 563/1135/570
f 626/1136/633 563/1137/570 591/1138/598
f 626/1139/633 591/1140/598 649/1141/656
f 624/1082/631 626/1081/633 655/1142/662
f 624/1078/631 656/1143/663 625/1079/632
f 655/1142/662 656/1144/663 624/1082/631
f 497/854/504 507/949/514 657/1145/664
f 474/948/481 658/1146/665 509/1147/516
f 507/949/514 659/1148/666 657/1145/664
f 538/905/545 660/1149/667 627/1084/634
f 566/952/573 632/1089/639 598/1010/605
f 569/1150/576 661/1151/668 568/1092/575
f 569/1150/576 634/1152/641 661/1151/668
f 541/957/548 634/1098/641 569/958/576
f 539/1090/546 568/1092/575 633/1096/640
f 540/1012/547 599/1011/606 662/1153/669
f 524/1154/531 663/1155/670 635/1156/642
f 540/913/547 663/1157/670 524/1097/531
f 663/1158/670 540/1012/547 662/1153/669
f 568/1092/575 661/1151/668 633/1096/640
f 599/1011/606 664/1159/671 662/1153/669
f 634/1152/641 665/1160/672 661/1151/668
f 634/1098/641 545/920/552 665/1161/672
f 599/1011/606 633/1096/640 664/1159/671
f 662/1153/669 664/1159/671 666/1162/673
f 600/1014/607 667/1163/674 570/959/577
f 545/920/552 529/919/536 665/1161/672
f 570/959/577 668/1164/675 527/892/534
f 661/1151/668 669/1165/676 633/1096/640
f 661/1151/668 665/1160/672 670/1166/677
f 529/919/536 601/1016/608 665/1161/672
f 668/1164/675 671/1167/678 527/892/534
f 633/1096/640 669/1165/676 664/1159/671
f 661/1151/668 670/1166/677 669/1165/676
f 671/1167/678 546/921/553 527/892/534
f 571/1017/578 636/1102/643 601/1016/608
f 546/921/553 671/1167/678 605/1022/612
f 670/1166/677 672/1168/679 669/1165/676
f 603/1019/610 602/1018/609 673/1169/680
f 604/1021/611 674/1170/681 602/1020/609
f 604/1021/611 606/1023/613 674/1170/681
f 606/1023/613 675/1171/682 674/1170/681
f 637/1103/644 638/1104/645 574/963/581
f 607/1024/614 676/1172/683 608/1025/615
f 607/1024/614 641/1107/648 676/1172/683
f 639/1105/646 677/1173/684 640/1106/647
f 677/1173/684 642/1108/649 640/1106/647
f 640/1106/647 643/1109/650 641/1107/648
f 581/971/588 678/1174/685 579/969/586
f 647/1113/654 679/1175/686 680/1176/687
f 578/968/585 613/1034/620 681/1177/688
f 647/1113/654 613/1034/620 646/1112/653
f 679/1178/686 614/1179/621 579/1180/586
f 614/1035/621 679/1175/686 647/1113/654
f 616/789/623 587/1181/594 682/1182/689
f 530/965/537 652/1183/659 683/1184/690
f 652/1185/659 584/1041/591 648/1116/655
f 587/990/594 650/1186/657 684/1187/691
f 585/1045/592 650/1186/657 587/990/594
f 575/964/582 505/972/512 685/1188/692
f 505/865/512 506/867/513 685/1189/692
f 625/1128/632 656/1190/663 655/1132/662
f 686/1191/693 496/902/503 536/901/543
f 496/852/503 687/1192/694 537/903/544
f 537/903/544 658/1146/665 474/948/481
f 510/1193/517 659/1148/666 507/949/514
f 508/869/515 660/1149/667 538/905/545
f 564/1194/571 510/873/517 490/872/497
f 564/950/571 628/1085/635 510/904/517
f 596/1008/603 629/1086/636 688/1195/695
f 511/874/518 627/1084/634 597/1009/604
f 597/1009/604 689/1196/696 567/953/574
f 567/953/574 689/1196/696 690/1197/697
f 567/953/574 690/1197/697 631/1088/638
f 662/1153/669 666/1162/673 663/1158/670
f 570/959/577 667/1163/674 668/1164/675
f 665/1160/672 636/1198/643 670/1166/677
f 601/1016/608 636/1102/643 665/1161/672
f 636/1198/643 691/1199/698 670/1166/677
f 669/1165/676 672/1168/679 692/1200/699
f 670/1166/677 693/1201/700 672/1168/679
f 669/1165/676 692/1200/699 664/1159/671
f 602/1020/609 674/1170/681 694/1202/701
f 670/1166/677 691/1199/698 693/1201/700
f 606/1023/613 608/1025/615 675/1171/682
f 638/1104/645 677/1173/684 639/1105/646
f 695/1203/702 644/1110/651 681/1177/688
f 581/971/588 645/1111/652 678/1174/685
f 644/1110/651 578/968/585 681/1177/688
f 696/1204/703 648/1205/655 612/1206/619
f 616/1207/623 682/1208/689 617/1209/624
f 587/1210/594 684/1211/691 682/1212/689
f 506/1213/513 697/1214/704 685/1215/692
f 506/867/513 488/843/495 697/1216/704
f 488/843/495 595/1007/602 697/1216/704
f 497/854/504 698/1217/705 489/844/496
f 508/1218/515 699/1219/706 660/1220/667
f 628/1221/635 700/1222/707 510/1223/517
f 628/1085/635 701/1224/708 700/1225/707
f 688/1195/695 701/1224/708 628/1085/635
f 688/1195/695 628/1085/635 596/1008/603
f 598/1010/605 702/1226/709 630/1087/637
f 630/1087/637 702/1226/709 629/1086/636
f 632/1089/639 702/1226/709 598/1010/605
f 631/1088/638 703/1227/710 632/1089/639
f 636/1198/643 603/1228/610 691/1199/698
f 664/1159/671 704/1229/711 666/1162/673
f 673/1230/680 705/1231/712 603/1228/610
f 602/1018/609 694/1232/701 673/1169/680
f 671/1167/678 706/1233/713 605/1022/612
f 664/1159/671 692/1200/699 704/1229/711
f 704/1229/711 692/1200/699 707/1234/714
f 605/1022/612 706/1233/713 637/1103/644
f 672/1168/679 708/1235/715 692/1200/699
f 692/1200/699 708/1235/715 707/1234/714
f 672/1168/679 693/1201/700 709/1236/716
f 637/1103/644 706/1233/713 710/1237/717
f 672/1168/679 709/1236/716 708/1235/715
f 693/1201/700 691/1199/698 711/1238/718
f 711/1238/718 712/1239/719 693/1201/700
f 637/1103/644 710/1237/717 638/1104/645
f 713/1240/720 677/1173/684 638/1104/645
f 608/1025/615 676/1172/683 714/1241/721
f 677/1173/684 715/1242/722 642/1108/649
f 641/1107/648 716/1243/723 676/1172/683
f 642/1108/649 717/1244/724 643/1109/650
f 642/1108/649 718/1245/725 717/1244/724
f 643/1109/650 717/1244/724 641/1107/648
f 678/1174/685 645/1111/652 719/1246/726
f 681/1177/688 613/1034/620 720/1247/727
f 678/1248/685 679/1178/686 579/1180/586
f 680/1176/687 679/1175/686 678/1174/685
f 647/1113/654 720/1247/727 613/1034/620
f 610/1249/617 721/1250/728 612/1206/619
f 645/1251/652 617/1209/624 722/1252/729
f 721/1250/728 696/1204/703 612/1206/619
f 617/1209/624 682/1208/689 722/1252/729
f 648/1253/655 723/1254/730 652/1255/659
f 723/1254/730 724/1256/731 652/1255/659
f 684/1257/691 725/1258/732 682/1259/689
f 726/1260/733 725/1261/732 684/1187/691
f 530/965/537 683/1184/690 651/1120/658
f 652/1262/659 724/1263/731 683/1264/690
f 650/1186/657 726/1260/733 684/1187/691
f 650/1119/657 575/964/582 726/1265/733
f 575/964/582 685/1188/692 726/1265/733
f 651/1126/658 727/1266/734 536/901/543
f 686/1191/693 687/1267/694 496/902/503
f 687/1192/694 658/1146/665 537/903/544
f 497/854/504 657/1145/664 698/1217/705
f 508/869/515 728/1268/735 699/1269/706
f 510/1270/517 700/1271/707 659/1272/666
f 627/1084/634 729/1273/736 597/1009/604
f 597/1009/604 729/1273/736 689/1196/696
f 629/1086/636 702/1226/709 730/1274/737
f 689/1196/696 729/1273/736 731/1275/738
f 632/1089/639 732/1276/739 702/1226/709
f 690/1197/697 733/1277/740 631/1088/638
f 734/1278/741 735/1279/742 736/1280/743
f 737/1281/744 738/1282/745 739/1283/746
f 738/1282/745 740/1284/747 739/1283/746
f 734/1278/741 741/1285/748 735/1279/742
f 742/1286/749 743/1287/750 737/1281/744
f 737/1281/744 743/1287/750 738/1282/745
f 741/1285/748 744/1288/751 735/1279/742
f 600/1100/607 635/1099/642 745/1289/752
f 635/1290/642 663/1158/670 745/1291/752
f 600/1292/607 745/1293/752 746/1294/753
f 746/1295/753 747/1296/754 600/1297/607
f 600/1014/607 747/1298/754 667/1163/674
f 663/1158/670 666/1162/673 745/1291/752
f 666/1162/673 748/1299/755 745/1291/752
f 666/1162/673 704/1229/711 748/1299/755
f 603/1228/610 749/1300/756 691/1199/698
f 749/1300/756 711/1238/718 691/1199/698
f 674/1170/681 675/1171/682 750/1301/757
f 693/1201/700 712/1239/719 709/1236/716
f 710/1237/717 713/1240/720 638/1104/645
f 713/1240/720 751/1302/758 677/1173/684
f 642/1108/649 715/1242/722 718/1245/725
f 717/1244/724 716/1243/723 641/1107/648
f 678/1174/685 719/1246/726 752/1303/759
f 752/1303/759 753/1304/760 678/1174/685
f 678/1174/685 753/1304/760 680/1176/687
f 754/1305/761 611/1028/618 644/1110/651
f 754/1305/761 610/1027/617 611/1028/618
f 722/1252/729 682/1208/689 755/1306/762
f 648/1205/655 696/1204/703 723/1307/730
f 725/1258/732 756/1308/763 682/1259/689
f 723/1254/730 757/1309/764 724/1256/731
f 724/1263/731 758/1310/765 683/1264/690
f 726/1311/733 759/1312/766 725/1313/732
f 651/1314/658 683/1264/690 758/1310/765
f 759/1315/766 726/1316/733 685/1317/692
f 651/1314/658 758/1310/765 760/1318/767
f 685/1215/692 697/1214/704 761/1319/768
f 727/1266/734 686/1191/693 536/901/543
f 489/844/496 698/1217/705 595/1007/602
f 509/870/516 728/1268/735 508/869/515
f 660/1149/667 762/1320/769 627/1084/634
f 688/1195/695 629/1086/636 730/1274/737
f 631/1088/638 733/1277/740 703/1227/710
f 763/1321/770 734/1278/741 764/1322/771
f 736/1280/743 764/1322/771 734/1278/741
f 765/1323/772 766/1324/773 734/1278/741
f 765/1323/772 734/1278/741 763/1321/770
f 739/1283/746 740/1284/747 767/1325/774
f 736/1280/743 735/1279/742 768/1326/775
f 766/1324/773 769/1327/776 734/1278/741
f 734/1278/741 769/1327/776 741/1285/748
f 735/1279/742 770/1328/777 768/1326/775
f 738/1282/745 743/1287/750 740/1284/747
f 735/1279/742 744/1288/751 770/1328/777
f 771/1329/778 772/1330/779 773/1331/780
f 745/1291/752 748/1299/755 774/1332/781
f 775/1333/782 671/1167/678 668/1164/675
f 776/1334/783 706/1233/713 671/1167/678
f 748/1299/755 704/1229/711 777/1335/784
f 603/1228/610 705/1231/712 749/1300/756
f 704/1229/711 707/1234/714 777/1335/784
f 749/1300/756 778/1336/785 711/1238/718
f 709/1236/716 779/1337/786 708/1235/715
f 707/1234/714 780/1338/787 781/1339/788
f 708/1235/715 780/1338/787 707/1234/714
f 779/1337/786 780/1338/787 708/1235/715
f 711/1238/718 782/1340/789 712/1239/719
f 608/1025/615 714/1241/721 675/1171/682
f 751/1302/758 715/1242/722 677/1173/684
f 676/1172/683 783/1341/790 714/1241/721
f 676/1172/683 716/1243/723 783/1341/790
f 718/1245/725 784/1342/791 717/1244/724
f 784/1342/791 718/1245/725 785/1343/792
f 681/1177/688 786/1344/793 695/1203/702
f 786/1344/793 681/1177/688 720/1247/727
f 644/1110/651 695/1203/702 754/1305/761
f 787/1345/794 610/1027/617 754/1305/761
f 722/1252/729 788/1346/795 645/1251/652
f 721/1347/728 789/1348/796 696/1349/703
f 696/1204/703 789/1350/796 723/1307/730
f 682/1351/689 756/1352/763 755/1353/762
f 724/1256/731 757/1309/764 758/1354/765
f 685/1355/692 761/1356/768 725/1357/732
f 685/1358/692 725/1359/732 759/1360/766
f 697/1214/704 790/1361/797 761/1319/768
f 760/1362/767 791/1363/798 727/1364/734
f 651/1365/658 760/1362/767 727/1364/734
f 595/1007/602 792/1366/799 697/1216/704
f 687/1192/694 793/1367/800 658/1146/665
f 793/1367/800 794/1368/801 658/1146/665
f 658/1146/665 794/1368/801 509/1147/516
f 627/1084/634 762/1320/769 729/1273/736
f 729/1273/736 795/1369/802 731/1275/738
f 731/1275/738 690/1197/697 689/1196/696
f 632/1089/639 703/1227/710 732/1276/739
f 690/1370/697 796/1371/803 733/1372/740
f 764/1322/771 736/1280/743 797/1373/804
f 737/1281/744 739/1283/746 798/1374/805
f 799/1375/806 742/1286/749 737/1281/744
f 739/1283/746 767/1325/774 800/1376/807
f 769/1377/776 801/1378/808 741/1379/748
f 744/1380/751 802/1381/809 770/1382/777
f 803/1383/810 804/1384/811 772/1330/779
f 803/1383/810 772/1330/779 771/1329/778
f 804/1384/811 805/1385/812 772/1330/779
f 668/1164/675 667/1163/674 775/1333/782
f 774/1332/781 748/1299/755 806/1386/813
f 775/1333/782 776/1334/783 671/1167/678
f 748/1299/755 777/1335/784 806/1386/813
f 673/1169/680 807/1387/814 705/1388/712
f 776/1334/783 808/1389/815 706/1233/713
f 705/1231/712 807/1390/814 749/1300/756
f 694/1202/701 809/1391/816 810/1392/817
f 749/1300/756 807/1390/814 778/1336/785
f 694/1202/701 674/1170/681 809/1391/816
f 674/1170/681 750/1301/757 809/1391/816
f 707/1234/714 811/1393/818 777/1335/784
f 778/1336/785 782/1340/789 711/1238/718
f 779/1337/786 709/1236/716 812/1394/819
f 781/1339/788 811/1393/818 707/1234/714
f 709/1236/716 813/1395/820 812/1394/819
f 712/1239/719 813/1395/820 709/1236/716
f 712/1239/719 814/1396/821 813/1395/820
f 782/1340/789 814/1396/821 712/1239/719
f 675/1171/682 714/1241/721 815/1397/822
f 715/1242/722 816/1398/823 718/1245/725
f 816/1398/823 785/1343/792 718/1245/725
f 752/1303/759 817/1399/824 818/1400/825
f 720/1247/727 819/1401/826 786/1344/793
f 647/1113/654 820/1402/827 720/1247/727
f 645/1111/652 821/1403/828 719/1246/726
f 610/1249/617 787/1404/794 721/1250/728
f 722/1405/729 755/1406/762 822/1407/829
f 823/1408/830 789/1348/796 721/1347/728
f 723/1307/730 824/1409/831 757/1410/764
f 756/1352/763 822/1411/829 755/1353/762
f 756/1308/763 725/1258/732 825/1412/832
f 757/1309/764 826/1413/833 758/1354/765
f 725/1258/732 761/1414/768 825/1412/832
f 761/1415/768 827/1416/834 825/1417/832
f 758/1310/765 826/1418/833 760/1318/767
f 761/1419/768 790/1420/797 827/1421/834
f 697/1214/704 828/1422/835 790/1361/797
f 697/1214/704 792/1423/799 828/1422/835
f 792/1366/799 595/1007/602 829/1424/836
f 686/1191/693 830/1425/837 687/1267/694
f 659/1148/666 831/1426/838 657/1145/664
f 509/1147/516 794/1368/801 728/1427/735
f 659/1148/666 700/1428/707 831/1426/838
f 701/1429/708 832/1430/839 700/1428/707
f 688/1431/695 833/1432/840 701/1429/708
f 688/1431/695 730/1433/737 833/1432/840
f 762/1320/769 834/1434/841 729/1273/736
f 732/1276/739 835/1435/842 702/1226/709
f 702/1226/709 835/1435/842 730/1274/737
f 733/1277/740 836/1436/843 703/1227/710
f 799/1375/806 737/1281/744 798/1374/805
f 797/1373/804 736/1280/743 768/1326/775
f 799/1375/806 837/1437/844 742/1286/749
f 765/1323/772 838/1438/845 766/1324/773
f 740/1284/747 839/1439/846 767/1325/774
f 768/1326/775 770/1328/777 840/1440/847
f 742/1286/749 841/1441/848 743/1287/750
f 741/1379/748 801/1378/808 744/1442/751
f 801/1443/808 842/1444/849 744/1445/751
f 771/1329/778 843/1446/850 840/1440/847
f 770/1382/777 802/1381/809 803/1447/810
f 770/1382/777 803/1447/810 840/1448/847
f 771/1329/778 840/1440/847 803/1383/810
f 844/1449/851 845/1450/852 846/1451/853
f 846/1451/853 845/1450/852 847/1452/854
f 746/1294/753 745/1293/752 774/1453/781
f 694/1232/701 807/1387/814 673/1169/680
f 694/1232/701 810/1454/817 807/1387/814
f 778/1336/785 848/1455/855 782/1340/789
f 706/1233/713 849/1456/856 710/1237/717
f 780/1338/787 779/1337/786 850/1457/857
f 779/1337/786 812/1394/819 850/1457/857
f 675/1171/682 815/1397/822 750/1301/757
f 849/1456/856 713/1240/720 710/1237/717
f 849/1456/856 851/1458/858 713/1240/720
f 751/1302/758 713/1240/720 852/1459/859
f 716/1243/723 853/1460/860 783/1341/790
f 785/1343/792 854/1461/861 784/1342/791
f 854/1461/861 855/1462/862 784/1342/791
f 717/1244/724 784/1342/791 716/1243/723
f 716/1243/723 784/1342/791 856/1463/863
f 857/1464/864 695/1203/702 858/1465/865
f 695/1203/702 786/1344/793 858/1465/865
f 818/1400/825 753/1304/760 752/1303/759
f 752/1303/759 719/1246/726 817/1399/824
f 817/1399/824 719/1246/726 859/1466/866
f 857/1464/864 754/1305/761 695/1203/702
f 753/1304/760 647/1113/654 680/1176/687
f 719/1246/726 821/1403/828 859/1466/866
f 822/1407/829 860/1467/867 722/1405/729
f 789/1350/796 824/1409/831 723/1307/730
f 756/1352/763 861/1468/868 862/1469/869
f 863/1470/870 826/1413/833 864/1471/871
f 864/1471/871 826/1413/833 757/1309/764
f 756/1308/763 825/1412/832 861/1472/868
f 861/1472/868 865/1473/872 866/1474/873
f 825/1412/832 867/1475/874 861/1472/868
f 868/1476/875 866/1474/873 865/1473/872
f 861/1472/868 867/1475/874 865/1473/872
f 826/1477/833 869/1478/876 760/1479/767
f 827/1480/834 790/1481/797 870/1482/877
f 760/1479/767 869/1478/876 791/1483/798
f 827/1484/834 870/1485/877 867/1475/874
f 871/1486/878 872/1487/879 826/1413/833
f 826/1413/833 872/1487/879 869/1488/876
f 870/1482/877 790/1481/797 828/1489/835
f 827/1484/834 867/1475/874 825/1412/832
f 869/1490/876 872/1491/879 791/1492/798
f 791/1492/798 872/1491/879 727/1493/734
f 872/1494/879 873/944/880 727/1495/734
f 865/1473/872 867/1475/874 874/1496/881
f 873/1497/880 875/1498/882 727/1266/734
f 875/1498/882 686/1191/693 727/1266/734
f 875/1498/882 830/1425/837 686/1191/693
f 792/1499/799 829/1500/836 876/1501/883
f 877/1502/884 687/1267/694 830/1425/837
f 699/1219/706 762/1503/769 660/1220/667
f 834/1434/841 795/1369/802 729/1273/736
f 796/1371/803 690/1370/697 731/1504/738
f 764/1322/771 797/1373/804 878/1505/885
f 739/1283/746 800/1376/807 798/1374/805
f 767/1325/774 879/1506/886 800/1376/807
f 880/1507/887 768/1326/775 840/1440/847
f 837/1437/844 881/1508/888 742/1286/749
f 882/1509/889 769/1510/776 766/1511/773
f 881/1508/888 841/1441/848 742/1286/749
f 883/1512/890 884/1513/891 743/1514/750
f 883/1515/890 743/1516/750 841/1517/848
f 743/1514/750 884/1513/891 740/1518/747
f 744/1380/751 842/1519/849 802/1381/809
f 841/1441/848 844/1449/851 846/1451/853
f 885/1520/892 841/1441/848 846/1451/853
f 771/1329/778 773/1331/780 886/1521/893
f 887/1522/894 773/1331/780 772/1330/779
f 887/1522/894 772/1330/779 805/1385/812
f 807/1387/814 810/1454/817 888/1523/895
f 888/1523/895 810/1454/817 889/1524/896
f 807/1390/814 888/1525/895 778/1336/785
f 810/1526/817 809/1527/816 889/1528/896
f 889/1529/896 809/1530/816 890/1531/897
f 848/1455/855 778/1336/785 888/1525/895
f 891/1532/898 849/1456/856 706/1233/713
f 891/1532/898 706/1233/713 808/1389/815
f 777/1335/784 811/1393/818 892/1533/899
f 781/1339/788 780/1338/787 893/1534/900
f 893/1534/900 780/1338/787 850/1457/857
f 782/1340/789 894/1535/901 814/1396/821
f 713/1240/720 851/1458/858 852/1459/859
f 852/1459/859 895/1536/902 751/1302/758
f 751/1302/758 895/1536/902 715/1242/722
f 714/1241/721 783/1341/790 896/1537/903
f 895/1536/902 816/1398/823 715/1242/722
f 856/1463/863 853/1460/860 716/1243/723
f 856/1463/863 784/1342/791 855/1462/862
f 818/1400/825 820/1402/827 753/1304/760
f 819/1401/826 720/1247/727 820/1402/827
f 820/1402/827 647/1113/654 753/1304/760
f 821/1538/828 788/1539/795 897/1540/904
f 821/1541/828 645/1251/652 788/1346/795
f 823/1542/830 721/1250/728 898/1543/905
f 788/1544/795 722/1545/729 897/1546/904
f 822/1411/829 756/1352/763 899/1547/906
f 900/1548/907 861/1549/868 901/1550/908
f 866/1474/873 902/1551/909 901/1552/908
f 900/1553/907 862/1554/869 861/1555/868
f 861/1472/868 866/1474/873 901/1552/908
f 903/1556/910 863/1470/870 864/1471/871
f 904/1557/911 863/1470/870 903/1556/910
f 904/1557/911 905/1558/912 863/1470/870
f 904/1557/911 906/1559/913 905/1558/912
f 866/1474/873 907/1560/914 902/1551/909
f 866/1474/873 908/1561/915 907/1560/914
f 905/1558/912 909/1562/916 863/1470/870
f 863/1470/870 871/1486/878 826/1413/833
f 866/1474/873 868/1476/875 908/1561/915
f 909/1562/916 871/1486/878 863/1470/870
f 865/1473/872 908/1561/915 868/1476/875
f 870/1485/877 828/1563/835 910/1564/917
f 865/1473/872 874/1496/881 908/1561/915
f 872/1487/879 911/1565/918 873/1566/880
f 873/1497/880 911/1567/918 875/1498/882
f 828/1563/835 792/1499/799 910/1564/917
f 870/1485/877 910/1564/917 867/1475/874
f 871/1486/878 912/1568/919 872/1487/879
f 911/1565/918 872/1487/879 912/1568/919
f 875/1569/882 911/1570/918 830/1571/837
f 792/1499/799 876/1501/883 910/1564/917
f 910/1564/917 876/1501/883 867/1475/874
f 876/1501/883 913/1572/920 867/1475/874
f 867/1475/874 913/1572/920 874/1496/881
f 912/1568/919 877/1573/884 911/1565/918
f 911/1574/918 877/1575/884 830/1576/837
f 829/1424/836 595/1007/602 698/1217/705
f 794/1368/801 914/1577/921 728/1427/735
f 762/1578/769 915/1579/922 834/1580/841
f 916/1581/923 733/1372/740 796/1371/803
f 916/1581/923 836/1582/843 733/1372/740
f 917/1583/924 763/1321/770 764/1322/771
f 917/1583/924 764/1322/771 878/1505/885
f 918/1584/925 798/1374/805 919/1585/926
f 918/1584/925 799/1375/806 798/1374/805
f 920/1586/927 799/1375/806 918/1584/925
f 798/1374/805 800/1376/807 921/1587/928
f 922/1588/929 765/1323/772 763/1321/770
f 922/1588/929 838/1438/845 765/1323/772
f 878/1505/885 797/1373/804 923/1589/930
f 799/1375/806 924/1590/931 837/1437/844
f 797/1373/804 768/1326/775 923/1589/930
f 923/1589/930 768/1326/775 880/1507/887
f 924/1590/931 925/1591/932 837/1437/844
f 925/1591/932 881/1508/888 837/1437/844
f 879/1506/886 767/1325/774 839/1439/846
f 880/1507/887 840/1440/847 926/1592/933
f 882/1509/889 927/1593/934 769/1510/776
f 801/1594/808 928/1595/935 842/1519/849
f 842/1519/849 928/1595/935 929/1596/936
f 842/1519/849 929/1596/936 802/1381/809
f 840/1440/847 843/1446/850 926/1592/933
f 881/1508/888 844/1449/851 841/1441/848
f 883/1597/890 841/1441/848 885/1520/892
f 803/1598/810 930/1599/937 804/1600/811
f 771/1329/778 886/1521/893 843/1446/850
f 886/1601/893 773/1602/780 931/1603/938
f 932/1604/939 847/1452/854 845/1450/852
f 773/1602/780 887/1605/894 931/1603/938
f 933/1606/940 667/1163/674 747/1298/754
f 774/1332/781 806/1386/813 934/1607/941
f 806/1386/813 935/1608/942 934/1607/941
f 775/1333/782 936/1609/943 776/1334/783
f 776/1334/783 937/1610/944 808/1389/815
f 806/1386/813 892/1533/899 935/1608/942
f 777/1335/784 892/1533/899 806/1386/813
f 750/1301/757 938/1611/945 809/1391/816
f 812/1612/819 939/1613/946 850/1614/857
f 782/1340/789 848/1455/855 940/1615/947
f 813/1616/820 941/1617/948 812/1612/819
f 782/1340/789 940/1615/947 894/1535/901
f 814/1396/821 894/1535/901 813/1395/820
f 849/1456/856 891/1532/898 851/1458/858
f 815/1397/822 714/1241/721 942/1618/949
f 852/1459/859 943/1619/950 895/1536/902
f 714/1241/721 896/1537/903 942/1618/949
f 783/1341/790 853/1460/860 896/1537/903
f 816/1398/823 944/1620/951 785/1343/792
f 787/1404/794 898/1543/905 721/1250/728
f 897/1546/904 722/1545/729 860/1621/867
f 823/1542/830 945/1622/952 789/1350/796
f 860/1467/867 822/1407/829 899/1623/906
f 789/1350/796 945/1622/952 824/1409/831
f 902/1624/909 946/1625/953 901/1626/908
f 947/1627/954 948/1628/955 824/1629/831
f 899/1623/906 862/1554/869 860/1467/867
f 862/1554/869 900/1553/907 949/1630/956
f 899/1547/906 756/1352/763 862/1469/869
f 824/1409/831 864/1631/871 757/1410/764
f 906/1559/913 950/1632/957 905/1558/912
f 905/1558/912 950/1632/957 909/1562/916
f 907/1560/914 908/1561/915 951/1633/958
f 907/1560/914 951/1633/958 952/1634/959
f 909/1562/916 953/1635/960 871/1486/878
f 953/1635/960 954/1636/961 871/1486/878
f 908/1561/915 874/1496/881 955/1637/962
f 871/1486/878 954/1636/961 912/1568/919
f 874/1496/881 956/1638/963 955/1637/962
f 954/1636/961 957/1639/964 912/1568/919
f 957/1639/964 958/1640/965 912/1568/919
f 958/1640/965 877/1573/884 912/1568/919
f 829/1500/836 959/1641/966 876/1501/883
f 876/1501/883 959/1641/966 913/1572/920
f 913/1572/920 960/1642/967 874/1496/881
f 874/1496/881 960/1642/967 956/1638/963
f 877/1502/884 961/1643/968 687/1267/694
f 961/1643/968 793/1644/800 687/1267/694
f 793/1367/800 962/1645/969 794/1368/801
f 794/1646/801 962/1647/969 963/1648/970
f 963/1648/970 914/1649/921 794/1646/801
f 728/1650/735 914/1649/921 699/1219/706
f 700/1428/707 832/1430/839 831/1426/838
f 701/1429/708 833/1432/840 964/1651/971
f 795/1369/802 965/1652/972 731/1275/738
f 703/1653/710 966/1654/973 732/1655/739
f 731/1275/738 965/1652/972 796/1656/803
f 967/1657/974 917/1583/924 968/1658/975
f 968/1658/975 917/1583/924 878/1505/885
f 917/1583/924 969/1659/976 763/1321/770
f 919/1585/926 798/1374/805 921/1587/928
f 969/1659/976 922/1588/929 763/1321/770
f 970/1660/977 878/1505/885 923/1589/930
f 924/1590/931 799/1375/806 920/1586/927
f 971/1661/978 925/1591/932 924/1590/931
f 800/1376/807 879/1506/886 972/1662/979
f 838/1663/845 973/1664/980 766/1511/773
f 973/1664/980 882/1509/889 766/1511/773
f 883/1665/890 974/1666/981 975/1667/982
f 883/1512/890 975/1668/982 884/1513/891
f 884/1513/891 975/1668/982 976/1669/983
f 884/1513/891 977/1670/984 740/1518/747
f 740/1518/747 977/1670/984 839/1671/846
f 928/1595/935 978/1672/985 929/1596/936
f 883/1665/890 885/1673/892 974/1666/981
f 769/1377/776 927/1674/934 801/1378/808
f 844/1675/851 979/1676/986 980/1677/987
f 844/1449/851 980/1678/987 845/1450/852
f 930/1599/937 981/1679/988 804/1600/811
f 846/1680/853 847/1681/854 982/1682/989
f 847/1681/854 983/1683/990 982/1682/989
f 845/1450/852 980/1678/987 932/1604/939
f 805/1385/812 984/1684/991 887/1522/894
f 746/1294/753 985/1685/992 986/1686/993
f 746/1294/753 774/1453/781 985/1685/992
f 746/1295/753 986/1687/993 747/1296/754
f 667/1163/674 936/1609/943 775/1333/782
f 985/1688/992 774/1332/781 934/1607/941
f 776/1334/783 936/1609/943 937/1610/944
f 935/1608/942 892/1533/899 987/1689/994
f 892/1533/899 811/1393/818 988/1690/995
f 781/1339/788 989/1691/996 811/1393/818
f 781/1339/788 893/1534/900 989/1691/996
f 813/1616/820 990/1692/997 941/1617/948
f 894/1535/901 991/1693/998 813/1395/820
f 750/1301/757 992/1694/999 938/1611/945
f 750/1695/757 815/1696/822 992/1697/999
f 993/1698/1000 816/1398/823 895/1536/902
f 785/1343/792 944/1620/951 854/1461/861
f 854/1461/861 994/1699/1001 855/1462/862
f 994/1699/1001 995/1700/1002 855/1462/862
f 856/1463/863 855/1462/862 996/1701/1003
f 786/1344/793 819/1401/826 997/1702/1004
f 998/1703/1005 820/1402/827 818/1400/825
f 999/1704/1006 857/1464/864 858/1465/865
f 821/1403/828 1000/1705/1007 859/1466/866
f 1001/1706/1008 787/1345/794 754/1305/761
f 857/1464/864 1001/1706/1008 754/1305/761
f 898/1543/905 1002/1707/1009 823/1542/830
f 1002/1707/1009 945/1622/952 823/1542/830
f 947/1627/954 824/1629/831 945/1708/952
f 860/1621/867 949/1709/956 1003/1710/1010
f 949/1630/956 900/1553/907 1004/1711/1011
f 904/1712/911 903/1713/910 1005/1714/1012
f 1005/1715/1012 948/1628/955 947/1627/954
f 862/1554/869 949/1630/956 860/1467/867
f 901/1626/908 946/1625/953 1004/1716/1011
f 901/1550/908 1004/1717/1011 900/1548/907
f 824/1629/831 948/1628/955 864/1718/871
f 864/1719/871 948/1720/955 903/1713/910
f 902/1624/909 907/1721/914 946/1625/953
f 1006/1722/1013 950/1632/957 906/1559/913
f 950/1632/957 953/1635/960 909/1562/916
f 908/1561/915 955/1637/962 951/1633/958
f 877/1573/884 958/1640/965 961/1723/968
f 829/1500/836 1007/1724/1014 959/1641/966
f 829/1424/836 698/1217/705 1007/1725/1014
f 698/1217/705 1008/1726/1015 1007/1725/1014
f 698/1217/705 1009/1727/1016 1008/1726/1015
f 698/1217/705 657/1145/664 1009/1727/1016
f 657/1145/664 831/1426/838 1010/1728/1017
f 831/1426/838 832/1430/839 1011/1729/1018
f 699/1219/706 914/1649/921 1012/1730/1019
f 701/1429/708 964/1651/971 832/1430/839
f 730/1433/737 835/1731/842 1013/1732/1020
f 919/1585/926 1014/1733/1021 918/1584/925
f 1015/1734/1022 878/1505/885 970/1660/977
f 970/1660/977 923/1589/930 1016/1735/1023
f 924/1590/931 920/1586/927 1017/1736/1024
f 1018/1737/1025 921/1587/928 800/1376/807
f 923/1589/930 880/1507/887 1019/1738/1026
f 972/1662/979 1018/1737/1025 800/1376/807
f 1020/1739/1027 1019/1740/1026 880/1741/887
f 1020/1739/1027 880/1741/887 926/1742/933
f 879/1506/886 839/1439/846 1021/1743/1028
f 1022/1744/1029 976/1745/983 975/1746/982
f 976/1747/983 977/1748/984 884/1749/891
f 977/1670/984 1023/1750/1030 839/1671/846
f 1024/1751/1031 978/1672/985 928/1595/935
f 978/1672/985 1025/1752/1032 929/1596/936
f 1025/1753/1032 1026/1754/1033 929/1755/936
f 1026/1756/1033 802/1381/809 929/1596/936
f 1026/1756/1033 803/1447/810 802/1381/809
f 979/1676/986 844/1675/851 1027/1757/1034
f 881/1758/888 1027/1757/1034 844/1675/851
f 1028/1759/1035 801/1760/808 927/1761/934
f 928/1762/935 801/1760/808 1028/1759/1035
f 926/1763/933 843/1764/850 1029/1765/1036
f 930/1599/937 803/1598/810 1026/1766/1033
f 1025/1753/1032 978/1767/985 1030/1768/1037
f 885/1769/892 846/1770/853 1031/1771/1038
f 927/1772/934 1032/1773/1039 1033/1774/1040
f 927/1772/934 1033/1774/1040 1034/1775/1041
f 1035/1776/1042 1034/1775/1041 1033/1774/1040
f 846/1680/853 982/1682/989 1031/1777/1038
f 981/1679/988 1036/1778/1043 804/1600/811
f 1037/1779/1044 1038/1780/1045 1039/1781/1046
f 1032/1773/1039 1040/1782/1047 1033/1774/1040
f 1041/1783/1048 804/1784/811 1036/1785/1043
f 1041/1786/1048 805/1787/812 804/1788/811
f 983/1683/990 847/1681/854 1042/1789/1049
f 1042/1790/1049 847/1452/854 932/1604/939
f 986/1687/993 933/1791/940 747/1296/754
f 933/1606/940 936/1609/943 667/1163/674
f 1043/1792/1050 808/1389/815 937/1610/944
f 1044/1793/1051 848/1455/855 888/1525/895
f 987/1689/994 892/1533/899 1045/1794/1052
f 1046/1795/1053 809/1796/816 938/1797/945
f 1045/1798/1052 892/1799/899 1047/1800/1054
f 1048/1801/1055 940/1802/947 848/1803/855
f 988/1804/995 1047/1805/1054 892/1806/899
f 1049/1807/1056 939/1613/946 812/1612/819
f 1050/1808/1057 893/1809/900 850/1614/857
f 1051/1810/1058 812/1612/819 941/1617/948
f 1052/1811/1059 894/1535/901 940/1615/947
f 1053/1812/1060 988/1690/995 811/1393/818
f 811/1393/818 989/1691/996 1053/1812/1060
f 989/1813/996 893/1809/900 1050/1808/1057
f 990/1692/997 813/1616/820 991/1814/998
f 996/1701/1003 853/1460/860 856/1463/863
f 996/1701/1003 855/1462/862 995/1700/1002
f 1054/1815/1061 995/1700/1002 994/1699/1001
f 1054/1815/1061 1055/1816/1062 1056/1817/1063
f 1057/1818/1064 819/1401/826 820/1402/827
f 998/1703/1005 818/1400/825 1058/1819/1065
f 1057/1818/1064 997/1702/1004 819/1401/826
f 786/1344/793 997/1702/1004 858/1465/865
f 818/1400/825 817/1399/824 1058/1819/1065
f 1059/1820/1066 904/1821/911 1005/1822/1012
f 948/1720/955 1005/1714/1012 903/1713/910
f 1059/1820/1066 906/1823/913 904/1821/911
f 946/1625/953 907/1721/914 1060/1824/1067
f 1060/1825/1067 907/1560/914 1061/1826/1068
f 1061/1827/1068 907/1828/914 952/1829/959
f 1062/1830/1069 1006/1831/1013 906/1823/913
f 1006/1722/1013 1063/1832/1070 950/1632/957
f 954/1636/961 1064/1833/1071 957/1639/964
f 1007/1725/1014 1065/1834/1072 959/1835/966
f 1065/1834/1072 1007/1725/1014 1066/1836/1073
f 1007/1725/1014 1008/1726/1015 1066/1836/1073
f 959/1641/966 1067/1837/1074 913/1572/920
f 1065/1838/1072 1067/1837/1074 959/1641/966
f 1067/1837/1074 960/1642/967 913/1572/920
f 1010/1728/1017 1009/1727/1016 657/1145/664
f 833/1432/840 730/1433/737 1013/1732/1020
f 1068/1839/1075 965/1840/972 795/1841/802
f 1069/1842/1076 732/1276/739 966/1843/973
f 1069/1842/1076 835/1435/842 732/1276/739
f 703/1653/710 836/1844/843 966/1654/973
f 1070/1845/1077 967/1657/974 1071/1846/1078
f 968/1658/975 1071/1846/1078 967/1657/974
f 1071/1846/1078 968/1658/975 1072/1847/1079
f 919/1848/926 1073/1849/1080 1014/1850/1021
f 920/1851/927 1074/1852/1081 1075/1853/1082
f 918/1584/925 1074/1854/1081 920/1586/927
f 918/1584/925 1014/1733/1021 1074/1854/1081
f 921/1855/928 1073/1849/1080 919/1848/926
f 969/1659/976 917/1583/924 1076/1856/1083
f 967/1657/974 1076/1856/1083 917/1583/924
f 968/1658/975 878/1505/885 1015/1734/1022
f 921/1855/928 1077/1857/1084 1073/1849/1080
f 1078/1858/1085 1017/1859/1024 920/1851/927
f 1077/1860/1084 921/1587/928 1079/1861/1086
f 969/1659/976 1080/1862/1087 922/1588/929
f 1018/1737/1025 1079/1861/1086 921/1587/928
f 1080/1862/1087 1081/1863/1088 922/1588/929
f 922/1864/929 1081/1865/1088 838/1663/845
f 838/1663/845 1081/1865/1088 1082/1866/1089
f 971/1867/978 1083/1868/1090 925/1869/932
f 881/1758/888 925/1869/932 1027/1757/1034
f 1022/1744/1029 975/1746/982 974/1870/981
f 976/1745/983 1084/1871/1091 977/1872/984
f 1028/1873/1035 1024/1751/1031 928/1595/935
f 1023/1874/1030 1085/1875/1092 839/1876/846
f 1085/1877/1092 1021/1878/1028 839/1879/846
f 974/1666/981 885/1673/892 1031/1880/1038
f 1022/1744/1029 1086/1881/1093 1087/1882/1094
f 1087/1882/1094 976/1745/983 1022/1744/1029
f 1085/1883/1092 1038/1780/1045 1021/1884/1028
f 1038/1780/1045 1088/1885/1095 1021/1884/1028
f 1089/1886/1096 1032/1773/1039 927/1772/934
f 927/1772/934 1034/1775/1041 1028/1887/1035
f 1026/1754/1033 1025/1753/1032 930/1888/937
f 1024/1889/1031 1090/1890/1097 978/1767/985
f 1038/1780/1045 1091/1891/1098 1088/1885/1095
f 1025/1753/1032 1030/1768/1037 981/1892/988
f 1025/1753/1032 981/1892/988 930/1888/937
f 976/1745/983 1087/1882/1094 1084/1871/1091
f 978/1767/985 1090/1890/1097 1030/1768/1037
f 1031/1893/1038 982/1894/989 1092/1895/1099
f 1086/1881/1093 1093/1896/1100 1087/1882/1094
f 1086/1881/1093 1092/1895/1099 1093/1896/1100
f 1091/1891/1098 1038/1780/1045 1037/1779/1044
f 1090/1890/1097 1035/1776/1042 1094/1897/1101
f 1090/1890/1097 1094/1897/1101 1030/1768/1037
f 1030/1768/1037 1094/1897/1101 1036/1898/1043
f 1030/1768/1037 1036/1898/1043 981/1892/988
f 1092/1899/1099 982/1900/989 1095/1901/1102
f 1092/1895/1099 1095/1902/1102 1093/1896/1100
f 982/1903/989 983/1904/990 1095/1905/1102
f 1093/1896/1100 1096/1906/1103 1087/1882/1094
f 1035/1907/1042 1040/1908/1047 1097/1909/1104
f 1033/1774/1040 1040/1782/1047 1035/1776/1042
f 1035/1776/1042 1098/1910/1105 1094/1897/1101
f 1094/1897/1101 1099/1911/1106 1036/1898/1043
f 984/1912/991 1100/1913/1107 887/1914/894
f 934/1607/941 935/1608/942 1101/1915/1108
f 889/1524/896 1102/1916/1109 888/1523/895
f 809/1796/816 1046/1795/1053 890/1917/897
f 808/1389/815 1043/1792/1050 891/1532/898
f 1103/1918/1110 1104/1919/1111 1105/1920/1112
f 848/1803/855 1044/1921/1051 1048/1801/1055
f 1106/1922/1113 1107/1923/1114 1108/1924/1115
f 1104/1919/1111 1109/1925/1116 1110/1926/1117
f 1104/1919/1111 1110/1926/1117 1111/1927/1118
f 940/1802/947 1048/1801/1055 1112/1928/1119
f 1107/1923/1114 1113/1929/1120 1108/1924/1115
f 1107/1923/1114 1114/1930/1121 1113/1929/1120
f 1108/1924/1115 1113/1929/1120 1115/1931/1122
f 939/1613/946 1116/1932/1123 850/1614/857
f 812/1612/819 1051/1810/1058 1049/1807/1056
f 1111/1927/1118 1117/1933/1124 1104/1919/1111
f 1104/1919/1111 1118/1934/1125 1105/1920/1112
f 940/1802/947 1112/1928/1119 1052/1935/1059
f 1050/1808/1057 850/1614/857 1119/1936/1126
f 988/1937/995 1120/1938/1127 1121/1939/1128
f 1051/1810/1058 941/1617/948 1122/1940/1129
f 941/1617/948 990/1692/997 1122/1940/1129
f 988/1937/995 1053/1941/1060 1120/1938/1127
f 1053/1942/1060 989/1813/996 1123/1943/1130
f 1122/1940/1129 990/1692/997 1124/1944/1131
f 991/1814/998 1125/1945/1132 990/1692/997
f 990/1692/997 1125/1945/1132 1124/1944/1131
f 894/1946/901 1126/1947/1133 991/1814/998
f 991/1814/998 1126/1947/1133 1125/1945/1132
f 1052/1948/1059 1126/1947/1133 894/1946/901
f 1127/1949/1134 851/1458/858 891/1532/898
f 815/1696/822 942/1950/949 1128/1951/1135
f 895/1536/902 1129/1952/1136 993/1698/1000
f 853/1460/860 1130/1953/1137 896/1537/903
f 996/1701/1003 1131/1954/1138 853/1460/860
f 816/1398/823 993/1698/1000 944/1620/951
f 944/1620/951 1132/1955/1139 994/1699/1001
f 944/1620/951 994/1699/1001 854/1461/861
f 994/1699/1001 1133/1956/1140 1054/1815/1061
f 995/1700/1002 1054/1815/1061 1134/1957/1141
f 995/1700/1002 1134/1957/1141 996/1701/1003
f 1054/1815/1061 1133/1956/1140 1055/1816/1062
f 1054/1815/1061 1056/1817/1063 1134/1957/1141
f 1055/1816/1062 1133/1956/1140 1135/1958/1142
f 1134/1957/1141 1056/1817/1063 1136/1959/1143
f 1135/1958/1142 1137/1960/1144 1055/1816/1062
f 1136/1959/1143 1056/1817/1063 1138/1961/1145
f 1055/1816/1062 1137/1960/1144 1056/1817/1063
f 1056/1817/1063 1139/1962/1146 1138/1961/1145
f 1135/1958/1142 1140/1963/1147 1137/1960/1144
f 1137/1960/1144 1139/1962/1146 1056/1817/1063
f 1137/1960/1144 1140/1963/1147 1141/1964/1148
f 1137/1960/1144 1142/1965/1149 1139/1962/1146
f 1137/1960/1144 1141/1964/1148 1142/1965/1149
f 1140/1963/1147 1143/1966/1150 1141/1964/1148
f 1141/1964/1148 1143/1966/1150 1144/1967/1151
f 1141/1964/1148 1144/1967/1151 1142/1965/1149
f 1145/1968/1152 1146/1969/1153 1143/1966/1150
f 1143/1966/1150 1146/1969/1153 1147/1970/1154
f 1143/1966/1150 1147/1970/1154 1144/1967/1151
f 1144/1967/1151 1147/1970/1154 1148/1971/1155
f 1058/1819/1065 817/1399/824 1149/1972/1156
f 1057/1818/1064 820/1402/827 998/1703/1005
f 857/1973/864 1150/1974/1157 1001/1975/1008
f 859/1976/866 1000/1977/1007 1151/1978/1158
f 1001/1975/1008 1152/1979/1159 787/1404/794
f 787/1404/794 1152/1979/1159 898/1543/905
f 821/1980/828 897/1546/904 1153/1981/1160
f 1154/1982/1161 897/1546/904 860/1621/867
f 1155/1983/1162 1005/1984/1012 947/1985/954
f 949/1709/956 1004/1716/1011 1156/1986/1163
f 1156/1986/1163 1004/1716/1011 1157/1987/1164
f 1158/1988/1165 1005/1989/1012 1155/1990/1162
f 1004/1095/1011 946/1991/953 1157/1992/1164
f 946/1625/953 1159/1993/1166 1157/1987/1164
f 1158/1988/1165 1059/1994/1066 1005/1989/1012
f 1160/1995/1167 1059/1994/1066 1161/1996/1168
f 946/1625/953 1060/1824/1067 1159/1993/1166
f 1159/1997/1166 1060/1825/1067 1162/1998/1169
f 1059/1994/1066 1160/1995/1167 1062/1999/1069
f 906/1823/913 1059/1820/1066 1062/1830/1069
f 1162/1998/1169 1060/1825/1067 1163/2000/1170
f 1060/1825/1067 1061/1826/1068 1163/2000/1170
f 1062/1830/1069 1164/2001/1171 1006/1831/1013
f 1006/1722/1013 1164/2002/1171 1063/1832/1070
f 950/1632/957 1165/2003/1172 953/1635/960
f 952/1634/959 951/1633/958 1166/2004/1173
f 955/1637/962 1167/2005/1174 951/1633/958
f 1168/2006/1175 954/1636/961 953/1635/960
f 955/1637/962 1169/2007/1176 1167/2005/1174
f 955/1637/962 956/1638/963 1169/2007/1176
f 961/2008/968 1170/2009/1177 793/2010/800
f 1066/1836/1073 1171/2011/1178 1065/1834/1072
f 956/1638/963 960/1642/967 1172/2012/1179
f 1064/2013/1071 1173/2014/1180 957/2015/964
f 1170/2016/1177 1174/2017/1181 793/2018/800
f 1174/2017/1181 962/1647/969 793/2018/800
f 1175/2019/1182 914/1649/921 963/1648/970
f 699/1219/706 1012/1730/1019 762/1503/769
f 1012/1730/1019 915/2020/922 762/1503/769
f 965/1840/972 1176/2021/1183 796/1371/803
f 796/1371/803 1176/2021/1183 916/1581/923
f 916/1581/923 1177/2022/1184 836/1582/843
f 1178/2023/1185 1074/1854/1081 1014/1733/1021
f 1014/1733/1021 1073/2024/1080 1179/2025/1186
f 1076/1856/1083 967/1657/974 1070/1845/1077
f 1179/2025/1186 1073/2024/1080 1180/2026/1187
f 968/1658/975 1015/1734/1022 1072/1847/1079
f 1077/1857/1084 1180/2027/1187 1073/1849/1080
f 1076/2028/1083 1181/2029/1188 969/2030/976
f 970/2031/977 1182/2032/1189 1015/2033/1022
f 1183/2034/1190 1080/2035/1087 969/2030/976
f 1079/2036/1086 1018/2037/1025 1184/2038/1191
f 1017/1736/1024 971/1661/978 924/1590/931
f 1018/2037/1025 972/2039/979 1184/2038/1191
f 1082/1866/1089 973/1664/980 838/1663/845
f 1019/2040/1026 1185/2041/1192 1186/2042/1193
f 1019/1740/1026 1020/1739/1027 1185/2043/1192
f 1083/1868/1090 1187/2044/1194 925/1869/932
f 925/1869/932 1187/2044/1194 1027/1757/1034
f 1084/1871/1091 1023/2045/1030 977/1872/984
f 882/2046/889 1089/1886/1096 927/1772/934
f 1024/1751/1031 1028/1873/1035 1188/2047/1195
f 974/1870/981 1031/1893/1038 1022/1744/1029
f 1028/2048/1035 1034/2049/1041 1188/2050/1195
f 1038/1780/1045 1085/1883/1092 1189/2051/1196
f 1031/1893/1038 1086/1881/1093 1022/1744/1029
f 843/2052/850 1190/2053/1197 1029/2054/1036
f 1031/1893/1038 1092/1895/1099 1086/1881/1093
f 1087/1882/1094 1191/2055/1198 1084/1871/1091
f 1035/1776/1042 1192/2056/1199 1034/1775/1041
f 1024/1889/1031 1192/2056/1199 1090/1890/1097
f 1035/1776/1042 1090/1890/1097 1192/2056/1199
f 1087/1882/1094 1189/2051/1196 1191/2055/1198
f 1038/1780/1045 1189/2051/1196 1039/1781/1046
f 979/1676/986 1193/2057/1200 980/1677/987
f 1087/1882/1094 1194/2058/1201 1189/2051/1196
f 1087/1882/1094 1096/1906/1103 1194/2058/1201
f 1039/1781/1046 1189/2051/1196 1194/2058/1201
f 983/2059/990 1195/2060/1202 1095/2061/1102
f 1095/1902/1102 1195/2062/1202 1093/1896/1100
f 983/2063/990 1196/2064/1203 1195/2065/1202
f 983/1683/990 1042/1789/1049 1196/2066/1203
f 1093/1896/1100 1197/2067/1204 1096/1906/1103
f 1198/2068/1205 1040/1782/1047 1032/1773/1039
f 1094/1897/1101 1098/1910/1105 1099/1911/1106
f 1099/1911/1106 1041/2069/1048 1036/1898/1043
f 1195/2062/1202 1197/2067/1204 1093/1896/1100
f 985/1685/992 1199/2070/1206 986/1686/993
f 1200/2071/1207 1201/2072/1208 1202/2073/1209
f 1199/2074/1206 985/1688/992 934/1607/941
f 1203/2075/1210 1204/2076/1211 1200/2071/1207
f 1205/2077/1212 1204/2076/1211 1203/2075/1210
f 1200/2071/1207 1204/2076/1211 1201/2072/1208
f 1206/2078/1213 936/1609/943 933/1606/940
f 1207/2079/1214 1208/2080/1215 1209/2081/1216
f 1209/2081/1216 1208/2080/1215 1210/2082/1217
f 1202/2073/1209 1201/2072/1208 1211/2083/1218
f 1210/2082/1217 1212/2084/1219 1213/2085/1220
f 1207/2079/1214 1214/2086/1221 1208/2080/1215
f 1210/2082/1217 1208/2080/1215 1212/2084/1219
f 1204/2076/1211 1215/2087/1222 1201/2072/1208
f 1212/2084/1219 1216/2088/1223 1213/2085/1220
f 1208/2080/1215 1217/2089/1224 1212/2084/1219
f 1215/2087/1222 1211/2083/1218 1201/2072/1208
f 1204/2076/1211 1218/2090/1225 1215/2087/1222
f 1101/1915/1108 935/1608/942 1219/2091/1226
f 1208/2080/1215 1214/2086/1221 1220/2092/1227
f 1208/2080/1215 1220/2092/1227 1217/2089/1224
f 1211/2083/1218 1215/2087/1222 1221/2093/1228
f 1212/2084/1219 1217/2089/1224 1216/2088/1223
f 1220/2092/1227 1222/2094/1229 1217/2089/1224
f 1223/2095/1230 1043/1792/1050 937/1610/944
f 1218/2090/1225 1224/2096/1231 1215/2087/1222
f 1215/2087/1222 1224/2096/1231 1221/2093/1228
f 935/1608/942 987/1689/994 1219/2091/1226
f 1102/1916/1109 889/1524/896 890/2097/897
f 888/1525/895 1102/2098/1109 1044/1793/1051
f 1219/2091/1226 987/1689/994 1225/2099/1232
f 1222/2094/1229 1220/2092/1227 1106/1922/1113
f 1222/2094/1229 1106/1922/1113 1226/2100/1233
f 1227/2101/1234 1222/2094/1229 1226/2100/1233
f 1228/2102/1235 1229/2103/1236 1221/2093/1228
f 1224/2096/1231 1109/1925/1116 1103/1918/1110
f 1224/2096/1231 1103/1918/1110 1221/2093/1228
f 1221/2093/1228 1103/1918/1110 1228/2102/1235
f 1230/2104/1237 987/2105/994 1231/2106/1238
f 987/1689/994 1045/1794/1052 1231/2107/1238
f 1220/2092/1227 1232/2108/1239 1106/1922/1113
f 1106/1922/1113 1108/1924/1115 1226/2100/1233
f 1104/1919/1111 1103/1918/1110 1109/1925/1116
f 1105/1920/1112 1228/2102/1235 1103/1918/1110
f 1231/2109/1238 1045/1798/1052 1233/2110/1240
f 1233/2111/1240 1107/1923/1114 1232/2108/1239
f 1232/2108/1239 1107/1923/1114 1106/1922/1113
f 1226/2100/1233 1108/1924/1115 1234/2112/1241
f 1235/2113/1242 1048/1801/1055 1044/1921/1051
f 1045/1798/1052 1047/1800/1054 1233/2110/1240
f 1233/2111/1240 1047/2114/1054 1107/1923/1114
f 1112/2115/1119 1228/2102/1235 1105/1920/1112
f 1235/2113/1242 1112/1928/1119 1048/1801/1055
f 1127/1949/1134 891/1532/898 1043/1792/1050
f 1236/2116/1243 1234/2112/1241 1108/1924/1115
f 1236/2116/1243 1108/1924/1115 1115/1931/1122
f 1112/2115/1119 1105/1920/1112 1237/2117/1244
f 1238/2118/1245 1116/1932/1123 939/1613/946
f 1239/2119/1246 1237/2117/1244 1105/1920/1112
f 1121/1939/1128 1047/2120/1054 988/1937/995
f 1107/1923/1114 1047/2114/1054 1121/2121/1128
f 1107/1923/1114 1121/2121/1128 1114/1930/1121
f 1116/1932/1123 1119/1936/1126 850/1614/857
f 1117/1933/1124 1118/1934/1125 1104/1919/1111
f 1113/1929/1120 1114/1930/1121 1123/2122/1130
f 1113/1929/1120 1123/2122/1130 1115/1931/1122
f 1115/1931/1122 1123/2122/1130 1240/2123/1247
f 989/1813/996 1050/1808/1057 1240/2124/1247
f 1240/2124/1247 1050/1808/1057 1241/2125/1248
f 1241/2125/1248 1050/1808/1057 1119/1936/1126
f 1124/2126/1131 1117/1933/1124 1122/2127/1129
f 1117/1933/1124 1124/2126/1131 1118/1934/1125
f 1239/2119/1246 1105/1920/1112 1118/1934/1125
f 1242/2128/1249 1121/1939/1128 1120/1938/1127
f 989/1813/996 1240/2124/1247 1123/1943/1130
f 1242/2128/1249 1120/1938/1127 1053/1941/1060
f 1114/2129/1121 1242/2130/1249 1053/2131/1060
f 1123/1943/1130 1114/2132/1121 1053/1942/1060
f 1125/2133/1132 1118/1934/1125 1124/2126/1131
f 1239/2119/1246 1118/1934/1125 1125/2133/1132
f 1239/2119/1246 1125/2133/1132 1126/2134/1133
f 1127/1949/1134 943/1619/950 852/1459/859
f 1129/1952/1136 895/1536/902 943/1619/950
f 1243/2135/1250 896/2136/903 1130/2137/1137
f 1244/2138/1251 944/1620/951 993/1698/1000
f 994/1699/1001 1132/1955/1139 1133/1956/1140
f 1245/2139/1252 1133/1956/1140 1132/1955/1139
f 1134/1957/1141 1246/2140/1253 996/1701/1003
f 1134/1957/1141 1136/1959/1143 1246/2140/1253
f 1133/1956/1140 1245/2139/1252 1135/1958/1142
f 1247/2141/1254 1140/1963/1147 1135/1958/1142
f 1247/2141/1254 1145/1968/1152 1140/1963/1147
f 1142/1965/1149 1248/2142/1255 1139/1962/1146
f 1139/1962/1146 1248/2142/1255 1138/1961/1145
f 1140/1963/1147 1145/1968/1152 1143/1966/1150
f 1142/1965/1149 1144/1967/1151 1248/2142/1255
f 1144/1967/1151 1148/1971/1155 1249/2143/1256
f 1144/1967/1151 1249/2143/1256 1248/2142/1255
f 1147/2144/1154 1250/2145/1257 1148/2146/1155
f 1251/2147/1258 1249/2143/1256 1148/1971/1155
f 1252/2148/1259 1253/2149/1260 1254/2150/1261
f 1255/2151/1262 1253/2149/1260 1256/2152/1263
f 1252/2148/1259 1257/2153/1264 1253/2149/1260
f 1256/2152/1263 1253/2149/1260 1258/2154/1265
f 1259/2155/1266 1253/2149/1260 1260/2156/1267
f 997/1702/1004 1057/1818/1064 1261/2157/1268
f 999/1704/1006 858/1465/865 997/1702/1004
f 1262/2158/1269 1152/1979/1159 1001/1975/1008
f 945/1708/952 1002/2159/1009 947/1627/954
f 1155/1983/1162 947/1985/954 1002/1707/1009
f 1003/1710/1010 949/1709/956 1156/1986/1163
f 1263/2160/1270 1162/1998/1169 1264/2161/1271
f 1158/1988/1165 1161/1996/1168 1059/1994/1066
f 1159/1997/1166 1162/1998/1169 1263/2160/1270
f 1265/2162/1272 1266/2163/1273 1267/2164/1274
f 1267/2164/1274 1266/2163/1273 1161/1996/1168
f 1264/2161/1271 1162/1998/1169 1163/2000/1170
f 1062/1999/1069 1160/1995/1167 1268/2165/1275
f 1269/2166/1276 1163/2000/1170 1061/1826/1068
f 1061/1827/1068 952/1829/959 1269/2167/1276
f 1268/2168/1275 1164/2001/1171 1062/1830/1069
f 1269/2166/1276 952/1634/959 1166/2004/1173
f 1063/1832/1070 1165/2003/1172 950/1632/957
f 1270/2169/1277 1166/2004/1173 951/1633/958
f 951/1633/958 1167/2005/1174 1270/2169/1277
f 953/1635/960 1165/2003/1172 1168/2006/1175
f 1271/2170/1278 961/2008/968 958/2171/965
f 1271/2170/1278 1170/2009/1177 961/2008/968
f 957/1639/964 1271/2172/1278 958/1640/965
f 1271/2173/1278 1174/2017/1181 1170/2016/1177
f 1066/1836/1073 1008/1726/1015 1272/2174/1279
f 1273/2175/1280 960/1642/967 1067/1837/1074
f 1273/2175/1280 1172/2012/1179 960/1642/967
f 1272/2174/1279 1008/1726/1015 1009/1727/1016
f 1274/2176/1281 835/1731/842 1069/2177/1076
f 834/1580/841 1068/1839/1075 795/1841/802
f 1275/2178/1282 1074/1854/1081 1178/2023/1185
f 1178/2023/1185 1014/1733/1021 1179/2025/1186
f 1075/2179/1082 1074/1854/1081 1275/2178/1282
f 1276/2180/1283 1078/2181/1085 1075/2179/1082
f 1075/1853/1082 1078/1858/1085 920/1851/927
f 1181/2029/1188 1183/2034/1190 969/2030/976
f 970/2031/977 1016/2182/1023 1182/2032/1189
f 1277/2183/1284 1017/1859/1024 1078/1858/1085
f 1016/1735/1023 923/1589/930 1019/1738/1026
f 1278/2184/1285 1083/1868/1090 971/1867/978
f 1279/2185/1286 882/1509/889 973/1664/980
f 1084/1871/1091 1280/2186/1287 1023/2045/1030
f 1023/2045/1030 1280/2186/1287 1085/1883/1092
f 1084/1871/1091 1281/2187/1288 1280/2186/1287
f 1280/2188/1287 1281/2189/1288 1085/2190/1092
f 1282/2191/1289 1032/2192/1039 1089/2193/1096
f 1084/1871/1091 1191/2055/1198 1281/2187/1288
f 1189/2051/1196 1085/1883/1092 1281/2187/1288
f 1189/2051/1196 1281/2187/1288 1191/2055/1198
f 1283/2194/1290 1088/2195/1095 1091/2196/1098
f 1034/1775/1041 1192/2056/1199 1188/2197/1195
f 1188/2197/1195 1192/2056/1199 1024/1889/1031
f 843/2052/850 886/1601/893 1190/2053/1197
f 1035/1776/1042 1097/2198/1104 1098/1910/1105
f 1284/2199/1291 1040/1782/1047 1198/2068/1205
f 1285/2200/1292 1041/2069/1048 1099/1911/1106
f 1286/2201/1293 932/2202/939 980/2203/987
f 1287/2204/1294 1099/1911/1106 1098/1910/1105
f 1285/2200/1292 1099/1911/1106 1287/2204/1294
f 1041/2205/1048 1288/2206/1295 805/2207/812
f 1285/2200/1292 1288/2208/1295 1041/2069/1048
f 1288/2206/1295 984/1912/991 805/2207/812
f 1289/2209/1296 1290/2210/1297 1200/2071/1207
f 1290/2210/1297 1203/2075/1210 1200/2071/1207
f 1209/2081/1216 1210/2082/1217 1291/2211/1298
f 1291/2211/1298 1210/2082/1217 1292/2212/1299
f 1292/2212/1299 1210/2082/1217 1213/2085/1220
f 1200/2071/1207 1202/2073/1209 1289/2209/1296
f 1293/2213/1300 1292/2212/1299 1213/2085/1220
f 1294/2214/1301 1205/2077/1212 1203/2075/1210
f 1202/2073/1209 1211/2083/1218 1295/2215/1302
f 1204/2076/1211 1296/2216/1303 1218/2090/1225
f 1211/2083/1218 1297/2217/1304 1295/2215/1302
f 936/2218/943 1298/2219/1305 937/2220/944
f 1213/2085/1220 1216/2088/1223 1293/2213/1300
f 1214/2086/1221 1299/2221/1306 1220/2092/1227
f 1217/2089/1224 1222/2094/1229 1216/2088/1223
f 1219/2222/1226 1225/2223/1232 1300/2224/1307
f 1222/2094/1229 1227/2101/1234 1216/2088/1223
f 1301/2225/1308 1224/2096/1231 1218/2090/1225
f 1220/2092/1227 1299/2221/1306 1232/2108/1239
f 1301/2225/1308 1109/1925/1116 1224/2096/1231
f 1221/2093/1228 1229/2103/1236 1211/2083/1218
f 1102/2226/1109 1302/2227/1309 1044/1921/1051
f 1225/2228/1232 987/2229/994 1230/2230/1237
f 1044/1921/1051 1302/2227/1309 1303/2231/1310
f 1299/2221/1306 1304/2232/1311 1232/2108/1239
f 1229/2103/1236 1228/2102/1235 1305/2233/1312
f 1112/2115/1119 1235/2234/1242 1228/2102/1235
f 1228/2102/1235 1235/2234/1242 1305/2233/1312
f 1234/2112/1241 1236/2116/1243 1306/2235/1313
f 1307/2236/1314 1308/2237/1315 1110/1926/1117
f 1308/2237/1315 1111/1927/1118 1110/1926/1117
f 939/1613/946 1049/1807/1056 1238/2118/1245
f 1115/1931/1122 1240/2123/1247 1236/2116/1243
f 1236/2116/1243 1240/2123/1247 1306/2235/1313
f 1111/1927/1118 1308/2237/1315 1122/2127/1129
f 1111/1927/1118 1122/2127/1129 1117/1933/1124
f 1052/1935/1059 1112/1928/1119 1237/2238/1244
f 1308/2239/1315 1051/1810/1058 1122/1940/1129
f 1242/2240/1249 1114/1930/1121 1121/2121/1128
f 1239/2241/1246 1052/2242/1059 1237/2243/1244
f 1239/2119/1246 1126/2134/1133 1052/2244/1059
f 815/1696/822 1128/1951/1135 992/1697/999
f 851/1458/858 1127/1949/1134 852/1459/859
f 942/1950/949 1243/2135/1250 1128/1951/1135
f 942/1950/949 896/2136/903 1243/2135/1250
f 853/1460/860 1131/1954/1138 1130/1953/1137
f 1244/2138/1251 1132/1955/1139 944/1620/951
f 1244/2138/1251 1309/2245/1316 1245/2139/1252
f 1244/2138/1251 1245/2139/1252 1132/1955/1139
f 1247/2141/1254 1245/2139/1252 1309/2245/1316
f 1245/2139/1252 1247/2141/1254 1135/1958/1142
f 1248/2142/1255 1310/2246/1317 1138/1961/1145
f 1145/1968/1152 1311/2247/1318 1146/1969/1153
f 1248/2142/1255 1249/2143/1256 1310/2246/1317
f 1312/2248/1319 1250/2145/1257 1147/2144/1154
f 1254/2150/1261 1146/1969/1153 1313/2249/1320
f 1255/2250/1262 1146/2251/1153 1254/2252/1261
f 1146/1969/1153 1255/2151/1262 1147/1970/1154
f 1147/1970/1154 1255/2151/1262 1312/2253/1319
f 1312/2253/1319 1255/2151/1262 1250/2254/1257
f 1250/2254/1257 1255/2151/1262 1256/2152/1263
f 1250/2254/1257 1256/2152/1263 1148/1971/1155
f 1148/1971/1155 1256/2152/1263 1251/2147/1258
f 1313/2249/1320 1252/2148/1259 1254/2150/1261
f 1255/2151/1262 1254/2150/1261 1253/2149/1260
f 1251/2147/1258 1256/2152/1263 1258/2154/1265
f 1314/2255/1321 1257/2153/1264 1252/2148/1259
f 1314/2255/1321 1315/2256/1322 1257/2153/1264
f 1258/2154/1265 1316/2257/1323 1317/2258/1324
f 1257/2153/1264 1260/2156/1267 1253/2149/1260
f 1253/2149/1260 1259/2155/1266 1258/2154/1265
f 1258/2154/1265 1259/2155/1266 1149/1972/1156
f 1258/2154/1265 1149/1972/1156 1316/2257/1323
f 1315/2256/1322 1318/2259/1325 1261/2157/1268
f 1315/2256/1322 1261/2157/1268 1257/2153/1264
f 1257/2153/1264 1261/2157/1268 1260/2156/1267
f 1261/2157/1268 998/1703/1005 1260/2156/1267
f 1318/2259/1325 997/1702/1004 1261/2157/1268
f 1260/2156/1267 1058/1819/1065 1259/2155/1266
f 1261/2157/1268 1057/1818/1064 998/1703/1005
f 1260/2156/1267 998/1703/1005 1058/1819/1065
f 1259/2155/1266 1058/1819/1065 1149/1972/1156
f 1149/1972/1156 817/1399/824 1319/2260/1326
f 817/1399/824 859/1466/866 1319/2260/1326
f 859/1466/866 1151/2261/1158 1320/2262/1327
f 1321/2263/1328 1150/1974/1157 857/1973/864
f 1151/1978/1158 1000/1977/1007 1322/2264/1329
f 1000/1747/1007 821/2265/828 1153/2266/1160
f 1152/1979/1159 1002/1707/1009 898/1543/905
f 1155/1983/1162 1323/2267/1330 1158/2268/1165
f 1157/1987/1164 1324/2269/1331 1156/1986/1163
f 1157/1987/1164 1159/1993/1166 1324/2269/1331
f 1159/1997/1166 1263/2160/1270 1324/2270/1331
f 1267/2164/1274 1158/1988/1165 1325/2271/1332
f 1263/2160/1270 1264/2161/1271 1326/2272/1333
f 1327/2273/1334 1328/2274/1335 1329/2275/1336
f 1328/2274/1335 1330/2276/1337 1329/2275/1336
f 1331/2277/1338 1332/2278/1339 1333/2279/1340
f 1333/2279/1340 1332/2278/1339 1334/2280/1341
f 1267/2164/1274 1161/1996/1168 1158/1988/1165
f 1335/2281/1342 1336/2282/1343 1337/2283/1344
f 1327/2273/1334 1338/2284/1345 1328/2274/1335
f 1334/2280/1341 1339/2285/1346 1340/2286/1347
f 1340/2286/1347 1339/2285/1346 1341/2287/1348
f 1264/2161/1271 1342/2288/1349 1343/2289/1350
f 1336/2282/1343 1344/2290/1351 1337/2283/1344
f 1338/2284/1345 1345/2291/1352 1328/2274/1335
f 1328/2274/1335 1346/2292/1353 1330/2276/1337
f 1332/2278/1339 1347/2293/1354 1334/2280/1341
f 1334/2280/1341 1347/2293/1354 1339/2285/1346
f 1348/2294/1355 1349/2295/1356 1350/2296/1357
f 1348/2294/1355 1350/2296/1357 1351/2297/1358
f 1352/2298/1359 1266/2163/1273 1265/2162/1272
f 1264/2161/1271 1163/2000/1170 1342/2288/1349
f 1350/2296/1357 1353/2299/1360 1351/2297/1358
f 1351/2297/1358 1353/2299/1360 1354/2300/1361
f 1336/2282/1343 1355/2301/1362 1344/2290/1351
f 1352/2298/1359 1356/2302/1363 1266/2163/1273
f 1352/2298/1359 1357/2303/1364 1356/2302/1363
f 1336/2282/1343 1358/2304/1365 1355/2301/1362
f 1161/1996/1168 1266/2163/1273 1160/1995/1167
f 1266/2163/1273 1359/2305/1366 1160/1995/1167
f 1359/2305/1366 1268/2165/1275 1160/1995/1167
f 1356/2302/1363 1359/2305/1366 1266/2163/1273
f 1270/2169/1277 1360/2306/1367 1166/2004/1173
f 1063/2307/1070 1361/2308/1368 1165/2309/1172
f 1361/2310/1368 1168/2006/1175 1165/2003/1172
f 1168/2006/1175 1064/1833/1071 954/1636/961
f 956/1638/963 1172/2012/1179 1169/2007/1176
f 1066/1836/1073 1272/2174/1279 1171/2011/1178
f 957/1639/964 1173/2311/1180 1271/2172/1278
f 1171/2312/1178 1362/2313/1369 1065/1838/1072
f 1065/1838/1072 1362/2313/1369 1067/1837/1074
f 1009/1727/1016 1363/2314/1370 1272/2174/1279
f 914/1649/921 1175/2019/1182 1012/1730/1019
f 964/1651/971 833/1432/840 1364/2315/1371
f 833/1432/840 1013/1732/1020 1364/2315/1371
f 915/1579/922 1365/2316/1372 834/1580/841
f 1013/1732/1020 835/1731/842 1274/2176/1281
f 1365/2316/1372 1068/1839/1075 834/1580/841
f 1176/2021/1183 1177/2022/1184 916/1581/923
f 1366/2317/1373 1367/2318/1374 1368/2319/1375
f 1368/2319/1375 1369/2320/1376 1366/2317/1373
f 1366/2317/1373 1369/2320/1376 1370/2321/1377
f 1371/2322/1378 1372/2323/1379 1373/2324/1380
f 1370/2321/1377 1374/2325/1381 1375/2326/1382
f 1376/2327/1383 1374/2325/1381 1369/2320/1376
f 1369/2320/1376 1374/2325/1381 1370/2321/1377
f 1374/2325/1381 1377/2328/1384 1375/2326/1382
f 1374/2325/1381 1376/2327/1383 1378/2329/1385
f 1376/2327/1383 1379/2330/1386 1378/2329/1385
f 1379/2330/1386 1380/2331/1387 1378/2329/1385
f 1381/2332/1388 1072/1847/1079 1382/2333/1389
f 1070/1845/1077 1071/1846/1078 1381/2332/1388
f 1381/2332/1388 1071/1846/1078 1072/1847/1079
f 1072/1847/1079 1383/2334/1390 1382/2333/1389
f 1384/2335/1391 1076/1856/1083 1070/1845/1077
f 1075/2179/1082 1275/2178/1282 1385/2336/1392
f 1072/1847/1079 1015/1734/1022 1383/2334/1390
f 1386/2337/1393 1179/2025/1186 1180/2026/1187
f 1015/1734/1022 1387/2338/1394 1383/2334/1390
f 1384/2335/1391 1181/2339/1188 1076/1856/1083
f 1387/2338/1394 1015/1734/1022 1182/2340/1189
f 1388/2341/1395 1180/2027/1187 1077/1857/1084
f 1182/2342/1189 1016/2343/1023 1389/2344/1396
f 1016/2343/1023 1019/2345/1026 1389/2344/1396
f 1388/2346/1395 1079/2036/1086 1390/2347/1397
f 1391/2348/1398 1392/2349/1399 1080/2035/1087
f 1017/1859/1024 1277/2183/1284 971/1867/978
f 1277/2183/1284 1278/2184/1285 971/1867/978
f 1184/2038/1191 1390/2347/1397 1079/2036/1086
f 1080/2035/1087 1392/2349/1399 1081/1865/1088
f 1389/2344/1396 1019/2345/1026 1393/2350/1400
f 1019/2345/1026 1186/2351/1193 1393/2350/1400
f 1393/2352/1400 1186/2129/1193 1185/2353/1192
f 1392/2349/1399 1082/1866/1089 1081/1865/1088
f 1278/2354/1285 1394/2355/1401 1083/2356/1090
f 972/2357/979 879/2358/886 1395/2359/1402
f 1396/2360/1403 1279/2185/1286 973/1664/980
f 1397/2361/1404 1021/2362/1028 1088/2363/1095
f 1279/2185/1286 1089/2193/1096 882/1509/889
f 1398/2364/1405 926/1763/933 1029/1765/1036
f 1032/2192/1039 1282/2191/1289 1399/2365/1406
f 1193/2057/1200 1286/2366/1293 980/1677/987
f 931/1603/938 1400/2367/1407 886/1601/893
f 1032/2192/1039 1399/2365/1406 1198/2368/1205
f 1039/2369/1046 1194/2370/1201 1401/2371/1408
f 1039/1781/1046 1402/2372/1409 1037/1779/1044
f 1195/2062/1202 1403/2373/1410 1197/2067/1204
f 1196/2066/1203 1404/2374/1411 1195/2375/1202
f 1196/2066/1203 1042/1789/1049 1404/2374/1411
f 1197/2067/1204 1405/2376/1412 1096/1906/1103
f 1287/2204/1294 1406/2377/1413 1285/2200/1292
f 1287/2204/1294 1407/2378/1414 1406/2377/1413
f 1408/2379/1415 1291/2211/1298 1409/2380/1416
f 1410/2381/1417 1290/2210/1297 1411/2382/1418
f 1411/2382/1418 1290/2210/1297 1289/2209/1296
f 1291/2211/1298 1292/2212/1299 1409/2380/1416
f 1408/2379/1415 1209/2081/1216 1291/2211/1298
f 1409/2380/1416 1292/2212/1299 1412/2383/1419
f 1408/2379/1415 1413/2384/1420 1209/2081/1216
f 1294/2214/1301 1203/2075/1210 1290/2210/1297
f 1207/2079/1214 1209/2081/1216 1413/2384/1420
f 1289/2209/1296 1202/2073/1209 1414/2385/1421
f 1202/2073/1209 1295/2215/1302 1414/2385/1421
f 1413/2384/1420 1415/2386/1422 1207/2079/1214
f 986/1687/993 1416/2387/1423 933/1791/940
f 934/2388/941 1417/2389/1424 1199/2390/1206
f 1205/2077/1212 1296/2216/1303 1204/2076/1211
f 934/1607/941 1101/1915/1108 1417/2391/1424
f 1298/2219/1305 1223/2392/1230 937/2220/944
f 1216/2088/1223 1418/2393/1425 1293/2213/1300
f 1219/2091/1226 1419/2394/1426 1101/1915/1108
f 1216/2088/1223 1227/2101/1234 1418/2393/1425
f 1419/2395/1426 1219/2396/1226 1420/2397/1427
f 1299/2221/1306 1214/2086/1221 1421/2398/1428
f 1229/2103/1236 1297/2217/1304 1211/2083/1218
f 1300/2224/1307 1225/2223/1232 1422/2399/1429
f 890/2097/897 1423/2400/1430 1102/1916/1109
f 1421/2398/1428 1422/2401/1429 1299/2221/1306
f 1229/2103/1236 1424/2402/1431 1297/2217/1304
f 1230/2230/1237 1422/2403/1429 1225/2228/1232
f 1229/2103/1236 1303/2404/1310 1424/2402/1431
f 1230/2104/1237 1304/2405/1311 1299/2406/1306
f 1229/2103/1236 1305/2233/1312 1303/2404/1310
f 1230/2104/1237 1231/2106/1238 1304/2405/1311
f 1425/2407/1432 1307/2236/1314 1110/1926/1117
f 1110/1926/1117 1109/1925/1116 1425/2407/1432
f 1231/2408/1238 1233/2111/1240 1304/2232/1311
f 1232/2108/1239 1304/2232/1311 1233/2111/1240
f 1303/2231/1310 1305/2409/1312 1044/1921/1051
f 1044/1921/1051 1305/2409/1312 1235/2113/1242
f 1240/2123/1247 1241/2410/1248 1306/2235/1313
f 1119/1936/1126 1426/2411/1433 1241/2125/1248
f 1119/1936/1126 1116/1932/1123 1426/2411/1433
f 1051/1810/1058 1427/2412/1434 1049/1807/1056
f 1308/2413/1315 1427/2414/1434 1051/2415/1058
f 1127/2416/1134 1428/2417/1435 943/2418/950
f 1129/1952/1136 1244/2138/1251 993/1698/1000
f 1246/2140/1253 1131/1954/1138 996/1701/1003
f 1136/1959/1143 1429/2419/1436 1246/2140/1253
f 1430/2420/1437 1429/2419/1436 1136/1959/1143
f 1431/2421/1438 1247/2141/1254 1309/2245/1316
f 1430/2420/1437 1136/1959/1143 1432/2422/1439
f 1247/2141/1254 1433/2423/1440 1145/1968/1152
f 1136/1959/1143 1138/1961/1145 1432/2422/1439
f 1138/1961/1145 1434/2424/1441 1432/2422/1439
f 1433/2423/1440 1311/2247/1318 1145/1968/1152
f 1138/1961/1145 1310/2246/1317 1434/2424/1441
f 1310/2246/1317 1249/2143/1256 1434/2424/1441
f 1311/2247/1318 1435/2425/1442 1146/1969/1153
f 1249/2143/1256 1251/2147/1258 1436/2426/1443
f 1435/2425/1442 1314/2255/1321 1146/1969/1153
f 1146/1969/1153 1314/2255/1321 1313/2249/1320
f 1314/2255/1321 1252/2148/1259 1313/2249/1320
f 1251/2147/1258 1317/2258/1324 1436/2426/1443
f 1317/2258/1324 1251/2147/1258 1258/2154/1265
f 997/1702/1004 1318/2259/1325 999/1704/1006
f 859/1466/866 1320/2262/1327 1319/2260/1326
f 999/1704/1006 1321/2427/1328 857/1464/864
f 1000/1977/1007 1153/2428/1160 1322/2264/1329
f 897/1546/904 1154/1982/1161 1153/1981/1160
f 860/1621/867 1003/1710/1010 1154/1982/1161
f 1156/1986/1163 1437/2429/1444 1003/1710/1010
f 1349/2295/1356 1348/2294/1355 1438/2430/1445
f 1348/2294/1355 1439/2431/1446 1438/2430/1445
f 1267/2164/1274 1440/2432/1447 1265/2162/1272
f 1440/2432/1447 1267/2164/1274 1325/2271/1332
f 1334/2280/1341 1441/2433/1448 1333/2279/1340
f 1340/2286/1347 1441/2433/1448 1334/2280/1341
f 1348/2294/1355 1442/2434/1449 1439/2431/1446
f 1326/2272/1333 1264/2161/1271 1443/2435/1450
f 1335/2281/1342 1337/2283/1344 1444/2436/1451
f 1329/2275/1336 1330/2276/1337 1445/2437/1452
f 1264/2161/1271 1343/2289/1350 1443/2435/1450
f 1446/2438/1453 1338/2284/1345 1447/2439/1454
f 1447/2439/1454 1338/2284/1345 1327/2273/1334
f 1445/2440/1452 1330/2441/1337 1448/2442/1455
f 1336/2282/1343 1335/2281/1342 1449/2443/1456
f 1450/2444/1457 1352/2298/1359 1265/2162/1272
f 1336/2445/1343 1449/2446/1456 1451/2447/1458
f 1330/2276/1337 1452/2448/1459 1453/2449/1460
f 1348/2294/1355 1454/2450/1461 1442/2434/1449
f 1455/2451/1462 1343/2289/1350 1456/2452/1463
f 1346/2292/1353 1452/2448/1459 1330/2276/1337
f 1332/2278/1339 1457/2453/1464 1347/2293/1354
f 1339/2285/1346 1458/2454/1465 1341/2287/1348
f 1348/2455/1355 1351/2456/1358 1454/2457/1461
f 1328/2274/1335 1345/2291/1352 1346/2292/1353
f 1349/2295/1356 1459/2458/1466 1350/2296/1357
f 1460/2459/1467 1461/2460/1468 1462/2461/1469
f 1456/2452/1463 1463/2462/1470 1464/2463/1471
f 1464/2463/1471 1463/2462/1470 1449/2443/1456
f 1338/2284/1345 1465/2464/1472 1345/2291/1352
f 1355/2301/1362 1466/2465/1473 1344/2290/1351
f 1345/2466/1352 1465/2467/1472 1467/2468/1474
f 1351/2456/1358 1354/2469/1361 1454/2457/1461
f 1163/2000/1170 1468/2470/1475 1342/2288/1349
f 1451/2447/1458 1358/2471/1365 1336/2445/1343
f 1354/2300/1361 1353/2299/1360 1469/2472/1476
f 1470/2473/1477 1468/2470/1475 1163/2000/1170
f 1358/2304/1365 1471/2474/1478 1472/2475/1479
f 1358/2304/1365 1472/2475/1479 1355/2301/1362
f 1473/2476/1480 1163/2000/1170 1269/2166/1276
f 1166/2004/1173 1473/2476/1480 1269/2166/1276
f 1163/2000/1170 1473/2476/1480 1470/2473/1477
f 1166/2477/1173 1360/2478/1367 1473/2479/1480
f 1164/2480/1171 1474/2481/1481 1063/2307/1070
f 1361/2310/1368 1474/2482/1481 1168/2006/1175
f 1168/2483/1175 1475/2484/1482 1064/2013/1071
f 1362/2485/1369 1476/2486/1483 1067/2487/1074
f 1067/2487/1074 1476/2486/1483 1273/2488/1280
f 1477/2489/1484 1478/2490/1485 1479/2491/1486
f 1477/2489/1484 1480/2492/1487 1478/2490/1485
f 962/2493/969 1481/2494/1488 963/2495/970
f 832/1430/839 964/1651/971 1011/1729/1018
f 1012/1730/1019 1482/2496/1489 915/2020/922
f 915/1579/922 1482/2497/1489 1365/2316/1372
f 1483/2498/1490 1484/2499/1491 966/2500/973
f 966/2500/973 1484/2499/1491 1069/2501/1076
f 836/1844/843 1483/2502/1490 966/1654/973
f 1485/2503/1492 1368/2319/1375 1367/2318/1374
f 1486/2504/1493 1373/2324/1380 1487/2505/1494
f 1366/2317/1373 1370/2321/1377 1488/2506/1495
f 1486/2504/1493 1371/2322/1378 1373/2324/1380
f 1370/2321/1377 1375/2326/1382 1488/2506/1495
f 1489/2507/1496 1372/2323/1379 1371/2322/1378
f 1373/2324/1380 1372/2323/1379 1490/2508/1497
f 1372/2323/1379 1491/2509/1498 1492/2510/1499
f 1492/2510/1499 1490/2508/1497 1372/2323/1379
f 1374/2325/1381 1378/2329/1385 1377/2328/1384
f 1490/2508/1497 1492/2510/1499 1493/2511/1500
f 1491/2509/1498 1494/2512/1501 1492/2510/1499
f 1378/2329/1385 1495/2513/1502 1377/2328/1384
f 1492/2510/1499 1494/2512/1501 1493/2511/1500
f 1380/2331/1387 1495/2513/1502 1378/2329/1385
f 1380/2331/1387 1496/2514/1503 1497/2515/1504
f 1380/2331/1387 1497/2515/1504 1495/2513/1502
f 1494/2512/1501 1498/2516/1505 1493/2511/1500
f 1380/2331/1387 1499/2517/1506 1496/2514/1503
f 1500/2518/1507 1501/2519/1508 1494/2512/1501
f 1502/2520/1509 1497/2515/1504 1496/2514/1503
f 1502/2520/1509 1496/2514/1503 1503/2521/1510
f 1494/2512/1501 1501/2519/1508 1498/2516/1505
f 1504/2522/1511 1503/2521/1510 1496/2514/1503
f 1381/2332/1388 1382/2333/1389 1505/2523/1512
f 1506/2524/1513 1275/2178/1282 1178/2023/1185
f 1381/2332/1388 1507/2525/1514 1070/1845/1077
f 1179/2025/1186 1508/2526/1515 1178/2023/1185
f 1386/2337/1393 1180/2026/1187 1509/2527/1516
f 1180/2026/1187 1388/2528/1395 1509/2527/1516
f 1075/2179/1082 1385/2336/1392 1276/2180/1283
f 1183/2034/1190 1181/2029/1188 1510/2529/1517
f 1511/2530/1518 1277/2183/1284 1078/1858/1085
f 1077/2531/1084 1079/2036/1086 1388/2346/1395
f 1183/2034/1190 1391/2348/1398 1080/2035/1087
f 1389/2344/1396 1393/2350/1400 1512/2532/1519
f 1394/2355/1401 1278/2354/1285 1513/2533/1520
f 1184/2038/1191 972/2039/979 1390/2347/1397
f 972/2534/979 1514/2535/1521 1390/2536/1397
f 1083/1868/1090 1394/2537/1401 1187/2044/1194
f 879/2358/886 1021/2538/1028 1395/2359/1402
f 1185/2043/1192 1020/1739/1027 1515/2539/1522
f 926/1742/933 1398/2540/1405 1020/1739/1027
f 1516/2541/1523 1282/2191/1289 1089/2193/1096
f 1091/2196/1098 1517/2542/1524 1283/2194/1290
f 1190/2053/1197 886/1601/893 1400/2367/1407
f 1091/2196/1098 1037/2543/1044 1517/2542/1524
f 1399/2544/1406 1518/2545/1525 1198/2546/1205
f 1040/1908/1047 1519/2547/1526 1097/1909/1104
f 1098/2548/1105 1097/2549/1104 1520/2550/1527
f 1098/2548/1105 1520/2550/1527 1287/2551/1294
f 1039/2369/1046 1401/2371/1408 1402/2552/1409
f 1037/2543/1044 1402/2553/1409 1521/2554/1528
f 1195/2062/1202 1404/2555/1411 1403/2373/1410
f 1406/2377/1413 1288/2208/1295 1285/2200/1292
f 1406/2377/1413 1522/2556/1529 1288/2208/1295
f 887/1605/894 1100/2557/1107 931/1603/938
f 931/1603/938 1100/2557/1107 1523/2558/1530
f 1406/2377/1413 1524/2559/1531 1522/2556/1529
f 1042/1789/1049 932/2560/939 1404/2374/1411
f 1288/2206/1295 1100/1913/1107 984/1912/991
f 1407/2378/1414 1524/2559/1531 1406/2377/1413
f 1403/2373/1410 1525/2561/1532 1197/2067/1204
f 1403/2373/1410 1526/2562/1533 1525/2561/1532
f 1197/2067/1204 1525/2561/1532 1405/2376/1412
f 1527/2563/1534 1405/2376/1412 1528/2564/1535
f 1525/2561/1532 1408/2379/1415 1528/2564/1535
f 1525/2561/1532 1526/2562/1533 1408/2379/1415
f 1525/2561/1532 1528/2564/1535 1405/2376/1412
f 1407/2378/1414 1411/2382/1418 1524/2559/1531
f 1407/2378/1414 1410/2381/1417 1411/2382/1418
f 1528/2564/1535 1408/2379/1415 1409/2380/1416
f 1528/2564/1535 1409/2380/1416 1412/2383/1419
f 1411/2382/1418 1529/2565/1536 1524/2559/1531
f 1294/2214/1301 1290/2210/1297 1410/2381/1417
f 1530/2566/1537 1413/2384/1420 1408/2379/1415
f 1411/2382/1418 1289/2209/1296 1529/2565/1536
f 1289/2209/1296 1414/2385/1421 1529/2565/1536
f 1293/2213/1300 1531/2567/1538 1292/2212/1299
f 1416/2387/1423 1206/2568/1213 933/1791/940
f 936/1609/943 1206/2078/1213 1298/2569/1305
f 1293/2213/1300 1532/2570/1539 1531/2567/1538
f 1297/2217/1304 1533/2571/1540 1295/2215/1302
f 1293/2213/1300 1418/2393/1425 1532/2570/1539
f 1101/2572/1108 1419/2573/1426 1417/2574/1424
f 1207/2079/1214 1534/2575/1541 1214/2086/1221
f 1297/2217/1304 1535/2576/1542 1533/2571/1540
f 1214/2086/1221 1534/2575/1541 1421/2398/1428
f 1300/2577/1307 1420/2397/1427 1219/2396/1226
f 1421/2398/1428 1300/2578/1307 1422/2401/1429
f 1297/2217/1304 1424/2402/1431 1535/2576/1542
f 1102/1916/1109 1423/2400/1430 1536/2579/1543
f 1422/2401/1429 1230/2580/1237 1299/2221/1306
f 1102/2226/1109 1536/2581/1543 1302/2227/1309
f 1301/2225/1308 1425/2407/1432 1109/1925/1116
f 1234/2112/1241 1306/2235/1313 1537/2582/1544
f 1306/2583/1313 1241/2125/1248 1426/2411/1433
f 1427/2584/1434 1308/2237/1315 1538/2585/1545
f 1243/2135/1250 1539/2586/1546 1128/1951/1135
f 1131/1954/1138 1246/2140/1253 1429/2419/1436
f 1249/2143/1256 1540/2587/1547 1434/2424/1441
f 1541/2588/1548 1314/2255/1321 1435/2425/1442
f 1317/2258/1324 1316/2257/1323 1542/2589/1549
f 1541/2588/1548 1543/2590/1550 1315/2256/1322
f 1314/2255/1321 1541/2588/1548 1315/2256/1322
f 1315/2256/1322 1543/2590/1550 1318/2259/1325
f 1316/2257/1323 1149/1972/1156 1544/2591/1551
f 1545/2592/1552 999/1704/1006 1318/2259/1325
f 1152/1979/1159 1546/2593/1553 1002/1707/1009
f 1003/1710/1010 1437/2429/1444 1547/2594/1554
f 1335/2281/1342 1444/2436/1451 1548/2595/1555
f 1158/1988/1165 1323/2596/1330 1325/2271/1332
f 1263/2160/1270 1549/2597/1556 1324/2270/1331
f 1326/2272/1333 1549/2597/1556 1263/2160/1270
f 1444/2436/1451 1337/2283/1344 1550/2598/1557
f 1551/2599/1558 1333/2600/1340 1441/2601/1448
f 1340/2602/1347 1552/2603/1559 1441/2601/1448
f 1439/2431/1446 1442/2434/1449 1553/2604/1560
f 1335/2605/1342 1554/2606/1561 1449/2607/1456
f 1555/2608/1562 1327/2609/1334 1329/2610/1336
f 1340/2286/1347 1341/2287/1348 1556/2611/1563
f 1557/2612/1564 1442/2434/1449 1558/2613/1565
f 1559/2614/1566 1462/2461/1469 1560/2615/1567
f 1443/2435/1450 1343/2289/1350 1455/2451/1462
f 1455/2451/1462 1456/2452/1463 1561/2616/1568
f 1464/2463/1471 1449/2443/1456 1562/2617/1569
f 1447/2439/1454 1563/2618/1570 1446/2438/1453
f 1330/2441/1337 1453/2619/1460 1448/2442/1455
f 1442/2434/1449 1564/2620/1571 1558/2613/1565
f 1462/2461/1469 1557/2612/1564 1558/2613/1565
f 1456/2452/1463 1464/2463/1471 1561/2616/1568
f 1565/2621/1572 1459/2458/1466 1349/2295/1356
f 1462/2461/1469 1566/2622/1573 1560/2615/1567
f 1560/2615/1567 1566/2622/1573 1450/2444/1457
f 1450/2444/1457 1566/2622/1573 1352/2298/1359
f 1442/2434/1449 1454/2450/1461 1564/2620/1571
f 1462/2461/1469 1558/2613/1565 1460/2459/1467
f 1567/2623/1574 1568/2624/1575 1446/2438/1453
f 1446/2438/1453 1568/2624/1575 1338/2284/1345
f 1457/2625/1464 1331/2626/1338 1569/2627/1576
f 1457/2453/1464 1332/2278/1339 1331/2277/1338
f 1564/2620/1571 1570/2628/1577 1558/2613/1565
f 1558/2613/1565 1570/2628/1577 1460/2459/1467
f 1454/2450/1461 1570/2628/1577 1564/2620/1571
f 1462/2461/1469 1461/2460/1468 1566/2622/1573
f 1343/2289/1350 1342/2288/1349 1571/2629/1578
f 1463/2462/1470 1451/2630/1458 1449/2443/1456
f 1465/2464/1472 1338/2284/1345 1568/2624/1575
f 1339/2631/1346 1347/2632/1354 1572/2633/1579
f 1456/2452/1463 1343/2289/1350 1571/2629/1578
f 1573/2634/1580 1352/2298/1359 1566/2622/1573
f 1352/2635/1359 1573/2636/1580 1357/2637/1364
f 1342/2288/1349 1468/2470/1475 1571/2629/1578
f 1454/2457/1461 1354/2469/1361 1574/2638/1581
f 1575/2639/1582 1350/2296/1357 1576/2640/1583
f 1350/2296/1357 1575/2639/1582 1353/2299/1360
f 1577/2641/1584 1466/2465/1473 1355/2301/1362
f 1469/2472/1476 1353/2299/1360 1575/2639/1582
f 1578/2642/1585 1470/2643/1477 1473/2644/1480
f 1579/2645/1586 1164/2001/1171 1268/2168/1275
f 1579/2646/1586 1474/2481/1481 1164/2480/1171
f 1361/2308/1368 1063/2307/1070 1474/2481/1481
f 1360/2478/1367 1270/2647/1277 1580/2648/1587
f 1270/2647/1277 1167/2649/1174 1580/2648/1587
f 1581/2650/1588 1167/2649/1174 1169/2651/1176
f 1582/2652/1589 1174/2653/1181 1271/2654/1278
f 1583/2655/1590 1582/2652/1589 1271/2654/1278
f 1172/2656/1179 1584/2657/1591 1169/2651/1176
f 1171/2011/1178 1272/2174/1279 1585/2658/1592
f 1585/2658/1592 1272/2174/1279 1363/2314/1370
f 1362/2485/1369 1171/2659/1178 1585/2660/1592
f 1174/2017/1181 1586/2661/1593 962/1647/969
f 1477/2662/1484 1479/2663/1486 1587/2664/1594
f 1480/2665/1487 1477/2666/1484 1587/2667/1594
f 1586/2661/1593 1481/2668/1488 962/1647/969
f 1009/1727/1016 1010/1728/1017 1363/2314/1370
f 1010/1728/1017 831/1426/838 1588/2669/1595
f 831/1426/838 1011/1729/1018 1588/2669/1595
f 1589/2670/1596 1011/1729/1018 964/1651/971
f 1590/2671/1597 1365/2316/1372 1482/2497/1489
f 1068/1839/1075 1176/2021/1183 965/1840/972
f 1591/2672/1598 1485/2503/1492 1367/2318/1374
f 1487/2505/1494 1592/2673/1599 1593/2674/1600
f 1486/2504/1493 1487/2505/1494 1593/2674/1600
f 1368/2319/1375 1485/2503/1492 1594/2675/1601
f 1366/2317/1373 1595/2676/1602 1367/2318/1374
f 1596/2677/1603 1371/2322/1378 1486/2504/1493
f 1366/2317/1373 1488/2506/1495 1597/2678/1604
f 1598/2679/1605 1376/2327/1383 1369/2320/1376
f 1375/2326/1382 1377/2328/1384 1599/2680/1606
f 1372/2323/1379 1489/2507/1496 1491/2509/1498
f 1379/2330/1386 1600/2681/1607 1380/2331/1387
f 1491/2509/1498 1601/2682/1608 1494/2512/1501
f 1499/2517/1506 1380/2331/1387 1600/2681/1607
f 1601/2682/1608 1500/2518/1507 1494/2512/1501
f 1497/2515/1504 1602/2683/1609 1495/2513/1502
f 1602/2684/1609 1497/2685/1504 1603/2686/1610
f 1604/2687/1611 1498/2516/1505 1501/2519/1508
f 1605/2688/1612 1502/2520/1509 1503/2521/1510
f 1502/2520/1509 1605/2688/1612 1606/2689/1613
f 1505/2523/1512 1606/2689/1613 1605/2688/1612
f 1607/2690/1614 1507/2525/1514 1605/2688/1612
f 1605/2688/1612 1507/2525/1514 1381/2332/1388
f 1381/2332/1388 1505/2523/1512 1605/2688/1612
f 1506/2524/1513 1178/2023/1185 1608/2691/1615
f 1608/2691/1615 1178/2023/1185 1508/2526/1515
f 1609/2692/1616 1275/2178/1282 1506/2524/1513
f 1385/2336/1392 1275/2178/1282 1609/2692/1616
f 1610/2693/1617 1382/2333/1389 1383/2334/1390
f 1508/2526/1515 1179/2025/1186 1386/2337/1393
f 1611/2694/1618 1384/2335/1391 1070/1845/1077
f 1386/2337/1393 1509/2527/1516 1612/2695/1619
f 1511/2530/1518 1078/1858/1085 1276/2696/1283
f 1510/2529/1517 1391/2348/1398 1183/2034/1190
f 1513/2697/1520 1277/2183/1284 1511/2530/1518
f 1391/2348/1398 1613/2698/1620 1392/2349/1399
f 1277/2183/1284 1513/2697/1520 1278/2184/1285
f 1614/2699/1621 1390/2536/1397 1514/2535/1521
f 1512/2700/1519 1393/2701/1400 1615/2702/1622
f 1615/2702/1622 1393/2701/1400 1185/2703/1192
f 1397/2704/1404 1395/2359/1402 1021/2538/1028
f 1616/2705/1623 1279/2185/1286 1396/2360/1403
f 1515/2539/1522 1020/1739/1027 1398/2540/1405
f 1617/2706/1624 1088/2363/1095 1283/2707/1290
f 1096/2708/1103 1618/2709/1625 1194/2710/1201
f 1618/1351/1625 1401/2711/1408 1194/2712/1201
f 1619/2713/1626 1401/2371/1408 1618/2714/1625
f 1040/1908/1047 1284/2715/1291 1519/2547/1526
f 1405/2376/1412 1618/2716/1625 1096/1906/1103
f 1620/2717/1627 1618/2716/1625 1405/2376/1412
f 1621/2718/1628 932/2202/939 1286/2201/1293
f 1622/2719/1629 1404/2374/1411 932/2560/939
f 1288/2206/1295 1623/2720/1630 1100/1913/1107
f 1621/2718/1628 1622/2721/1629 932/2202/939
f 1624/2722/1631 1287/2204/1294 1520/2723/1527
f 1407/2378/1414 1287/2204/1294 1624/2722/1631
f 1522/2556/1529 1524/2559/1531 1625/2724/1632
f 1626/2725/1633 1526/2562/1533 1403/2373/1410
f 1624/2722/1631 1627/2726/1634 1407/2378/1414
f 1530/2566/1537 1408/2379/1415 1526/2562/1533
f 1528/2564/1535 1412/2383/1419 1527/2563/1534
f 1627/2726/1634 1410/2381/1417 1407/2378/1414
f 1627/2726/1634 1294/2214/1301 1410/2381/1417
f 1292/2212/1299 1531/2567/1538 1412/2383/1419
f 1628/2727/1635 1415/2386/1422 1413/2384/1420
f 1629/2728/1636 1205/2077/1212 1294/2214/1301
f 1630/2729/1637 1414/2385/1421 1631/2730/1638
f 1414/2385/1421 1295/2215/1302 1631/2730/1638
f 1631/2730/1638 1295/2215/1302 1533/2571/1540
f 1207/2079/1214 1415/2386/1422 1632/2731/1639
f 1633/2732/1640 1296/2216/1303 1205/2077/1212
f 1632/2731/1639 1534/2575/1541 1207/2079/1214
f 1296/2216/1303 1634/2733/1641 1218/2090/1225
f 1218/2090/1225 1634/2733/1641 1301/2225/1308
f 1419/2395/1426 1420/2397/1427 1635/2734/1642
f 1535/2576/1542 1424/2402/1431 1536/2735/1543
f 1636/2736/1643 1227/2101/1234 1226/2100/1233
f 1302/2227/1309 1424/2737/1431 1303/2231/1310
f 1536/2581/1543 1424/2737/1431 1302/2227/1309
f 1223/2392/1230 1637/2738/1644 1043/2739/1050
f 1636/2736/1643 1226/2100/1233 1234/2112/1241
f 1638/2740/1645 1234/2112/1241 1537/2582/1544
f 1538/2585/1545 1308/2237/1315 1307/2236/1314
f 1537/2582/1544 1306/2235/1313 1426/2741/1433
f 1537/2742/1544 1426/2411/1433 1639/2743/1646
f 1640/2744/1647 1427/2745/1434 1538/2746/1545
f 1426/2411/1433 1116/1932/1123 1639/2743/1646
f 1640/2747/1647 1049/1807/1056 1427/2412/1434
f 1641/2748/1648 938/1797/945 992/1697/999
f 1637/2738/1644 1127/2416/1134 1043/2739/1050
f 1428/2417/1435 1129/2749/1136 943/2418/950
f 1244/2138/1251 1129/1952/1136 1642/2750/1649
f 1130/1953/1137 1131/1954/1138 1643/2751/1650
f 1431/2421/1438 1644/2752/1651 1247/2141/1254
f 1644/2752/1651 1433/2423/1440 1247/2141/1254
f 1645/2753/1652 1311/2247/1318 1433/2423/1440
f 1434/2424/1441 1540/2587/1547 1432/2422/1439
f 1249/2143/1256 1436/2426/1443 1540/2587/1547
f 1317/2258/1324 1542/2589/1549 1436/2426/1443
f 1646/2754/1653 1541/2588/1548 1435/2425/1442
f 1542/2589/1549 1316/2257/1323 1544/2591/1551
f 1543/2590/1550 1545/2592/1552 1318/2259/1325
f 1150/1974/1157 1262/2158/1269 1001/1975/1008
f 1153/1981/1160 1154/1982/1161 1647/2755/1654
f 1154/1982/1161 1003/1710/1010 1547/2594/1554
f 1438/2430/1445 1439/2431/1446 1648/2756/1655
f 1548/2595/1555 1444/2436/1451 1649/2757/1656
f 1650/2758/1657 1440/2432/1447 1325/2271/1332
f 1325/2271/1332 1323/2596/1330 1650/2758/1657
f 1549/2759/1556 1326/2760/1333 1651/2761/1658
f 1651/2761/1658 1326/2760/1333 1443/2762/1450
f 1548/2763/1555 1554/2606/1561 1335/2605/1342
f 1349/2295/1356 1652/2764/1659 1565/2621/1572
f 1438/2430/1445 1652/2764/1659 1349/2295/1356
f 1554/2765/1561 1562/2617/1569 1449/2443/1456
f 1333/2600/1340 1551/2599/1558 1653/2766/1660
f 1340/2602/1347 1556/2767/1563 1552/2603/1559
f 1557/2612/1564 1553/2604/1560 1442/2434/1449
f 1462/2461/1469 1559/2614/1566 1557/2612/1564
f 1440/2432/1447 1450/2444/1457 1265/2162/1272
f 1654/2768/1661 1447/2769/1454 1327/2609/1334
f 1329/2610/1336 1655/2770/1662 1555/2608/1562
f 1445/2440/1452 1655/2770/1662 1329/2610/1336
f 1653/2766/1660 1331/2771/1338 1333/2600/1340
f 1560/2615/1567 1450/2444/1457 1656/2772/1663
f 1657/2773/1664 1560/2615/1567 1656/2772/1663
f 1563/2618/1570 1658/2774/1665 1446/2438/1453
f 1658/2774/1665 1567/2623/1574 1446/2438/1453
f 1341/2287/1348 1458/2454/1465 1659/2775/1666
f 1457/2625/1464 1660/2776/1667 1347/2632/1354
f 1347/2632/1354 1660/2776/1667 1572/2633/1579
f 1339/2285/1346 1661/2777/1668 1458/2454/1465
f 1454/2450/1461 1574/2778/1581 1570/2628/1577
f 1461/2460/1468 1662/2779/1669 1566/2622/1573
f 1568/2624/1575 1663/2780/1670 1465/2464/1472
f 1465/2464/1472 1663/2780/1670 1664/2781/1671
f 1459/2458/1466 1576/2640/1583 1350/2296/1357
f 1574/2638/1581 1665/2782/1672 1570/2783/1577
f 1570/2628/1577 1665/2784/1672 1666/2785/1673
f 1570/2628/1577 1666/2785/1673 1460/2459/1467
f 1460/2459/1467 1666/2785/1673 1667/2786/1674
f 1667/2786/1674 1461/2460/1468 1460/2459/1467
f 1662/2779/1669 1573/2634/1580 1566/2622/1573
f 1456/2452/1463 1668/2787/1675 1463/2462/1470
f 1667/2786/1674 1662/2779/1669 1461/2460/1468
f 1456/2452/1463 1571/2629/1578 1668/2787/1675
f 1354/2469/1361 1469/2788/1476 1574/2638/1581
f 1573/2634/1580 1356/2302/1363 1357/2303/1364
f 1472/2475/1479 1577/2641/1584 1355/2301/1362
f 1470/2473/1477 1669/2789/1676 1468/2470/1475
f 1472/2475/1479 1670/2790/1677 1577/2641/1584
f 1575/2639/1582 1671/2791/1678 1469/2472/1476
f 1356/2792/1363 1672/2793/1679 1359/2794/1366
f 1575/2639/1582 1673/2795/1680 1671/2791/1678
f 1359/2305/1366 1579/2796/1586 1268/2165/1275
f 1471/2474/1478 1674/2797/1681 1472/2475/1479
f 1472/2475/1479 1674/2797/1681 1670/2790/1677
f 1675/2798/1682 1474/2481/1481 1579/2646/1586
f 1580/2799/1587 1167/2800/1174 1581/2801/1588
f 1474/2481/1481 1675/2798/1682 1168/2483/1175
f 1168/2483/1175 1675/2798/1682 1676/2802/1683
f 1581/2650/1588 1169/2651/1176 1584/2657/1591
f 1676/2802/1683 1475/2484/1482 1168/2483/1175
f 1475/2484/1482 1677/2803/1684 1064/2013/1071
f 1064/2013/1071 1677/2803/1684 1173/2014/1180
f 1174/2804/1181 1582/2805/1589 1586/2806/1593
f 1479/2807/1486 1478/2808/1485 1678/2809/1685
f 1478/2808/1485 1679/2810/1686 1678/2809/1685
f 1478/2811/1485 1480/2812/1487 1679/2813/1686
f 1587/2667/1594 1680/2814/1687 1480/2665/1487
f 1679/2813/1686 1480/2812/1487 1681/2815/1688
f 1681/2815/1688 1480/2812/1487 1680/2816/1687
f 1363/2314/1370 1010/1728/1017 1682/2817/1689
f 1010/1728/1017 1588/2669/1595 1683/2818/1690
f 1483/2498/1490 836/1582/843 1177/2022/1184
f 1592/2673/1599 1684/2819/1691 1593/2674/1600
f 1592/2673/1599 1487/2505/1494 1685/2820/1692
f 1684/2819/1691 1596/2677/1603 1593/2674/1600
f 1591/2672/1598 1686/2821/1693 1485/2503/1492
f 1596/2677/1603 1486/2504/1493 1593/2674/1600
f 1366/2317/1373 1597/2678/1604 1595/2676/1602
f 1596/2677/1603 1687/2822/1694 1371/2322/1378
f 1487/2505/1494 1373/2324/1380 1688/2823/1695
f 1594/2675/1601 1689/2824/1696 1368/2319/1375
f 1689/2824/1696 1369/2320/1376 1368/2319/1375
f 1369/2320/1376 1689/2824/1696 1598/2679/1605
f 1376/2825/1383 1598/2826/1605 1600/2827/1607
f 1376/2825/1383 1600/2827/1607 1379/2828/1386
f 1489/2507/1496 1601/2682/1608 1491/2509/1498
f 1493/2511/1500 1690/2829/1697 1490/2508/1497
f 1495/2513/1502 1599/2680/1606 1377/2328/1384
f 1493/2511/1500 1498/2516/1505 1690/2829/1697
f 1499/2517/1506 1504/2522/1511 1496/2514/1503
f 1504/2830/1511 1691/2831/1698 1503/2832/1510
f 1500/2833/1507 1692/2834/1699 1693/2835/1700
f 1500/2518/1507 1693/2836/1700 1501/2519/1508
f 1691/2831/1698 1605/2837/1612 1503/2832/1510
f 1497/2685/1504 1606/2838/1613 1603/2686/1610
f 1497/2515/1504 1502/2520/1509 1606/2689/1613
f 1693/2836/1700 1604/2687/1611 1501/2519/1508
f 1693/2836/1700 1608/2691/1615 1604/2687/1611
f 1693/2836/1700 1609/2692/1616 1506/2524/1513
f 1506/2524/1513 1608/2691/1615 1693/2836/1700
f 1608/2691/1615 1508/2526/1515 1694/2839/1701
f 1505/2523/1512 1382/2333/1389 1610/2693/1617
f 1694/2839/1701 1508/2526/1515 1695/2840/1702
f 1507/2525/1514 1611/2694/1618 1070/1845/1077
f 1508/2526/1515 1386/2337/1393 1695/2840/1702
f 1386/2337/1393 1612/2695/1619 1695/2840/1702
f 1384/2841/1391 1696/2842/1703 1181/2029/1188
f 1696/2842/1703 1510/2529/1517 1181/2029/1188
f 1388/2528/1395 1697/2843/1704 1509/2527/1516
f 1510/2529/1517 1613/2698/1620 1391/2348/1398
f 1392/2844/1399 1698/2845/1705 1082/341/1089
f 972/2357/979 1395/2359/1402 1514/2846/1521
f 1082/1866/1089 1396/2360/1403 973/1664/980
f 1397/2361/1404 1088/2363/1095 1617/2706/1624
f 1699/2847/1706 1700/2848/1707 979/1676/986
f 1027/1757/1034 1699/2847/1706 979/1676/986
f 1617/2706/1624 1283/2707/1290 1701/2849/1708
f 1700/2848/1707 1193/2057/1200 979/1676/986
f 1702/2850/1709 1399/2365/1406 1282/2191/1289
f 1037/2543/1044 1521/2554/1528 1517/2542/1524
f 1400/2367/1407 931/1603/938 1523/2558/1530
f 1097/1909/1104 1519/2547/1526 1520/2851/1527
f 1618/2852/1625 1620/2853/1627 1703/2854/1710
f 1521/2554/1528 1402/2553/1409 1704/2855/1711
f 1518/2545/1525 1284/2856/1291 1198/2546/1205
f 1404/2555/1411 1622/2857/1629 1403/2373/1410
f 1522/2858/1529 1623/2859/1630 1288/2860/1295
f 1622/2857/1629 1626/2725/1633 1403/2373/1410
f 1705/2861/1712 1624/2722/1631 1520/2723/1527
f 1522/2556/1529 1625/2724/1632 1706/2862/1713
f 1405/2376/1412 1527/2563/1534 1620/2717/1627
f 1524/2559/1531 1529/2565/1536 1625/2724/1632
f 1412/2383/1419 1707/2863/1714 1527/2563/1534
f 1530/2566/1537 1628/2727/1635 1413/2384/1420
f 1708/2864/1715 1629/2728/1636 1294/2214/1301
f 1630/2729/1637 1529/2565/1536 1414/2385/1421
f 1412/2383/1419 1531/2567/1538 1707/2863/1714
f 1629/2728/1636 1633/2732/1640 1205/2077/1212
f 986/1686/993 1199/2070/1206 1416/2865/1423
f 1633/2732/1640 1709/2866/1716 1296/2216/1303
f 1709/2866/1716 1634/2733/1641 1296/2216/1303
f 1710/2867/1717 1417/2574/1424 1419/2573/1426
f 1711/2868/1718 1533/2571/1540 1535/2576/1542
f 1712/2869/1719 1421/2398/1428 1534/2575/1541
f 1713/2870/1720 1419/2395/1426 1635/2734/1642
f 1421/2398/1428 1420/2871/1427 1300/2578/1307
f 1714/2872/1721 1536/2579/1543 1423/2400/1430
f 1425/2407/1432 1301/2225/1308 1715/2873/1722
f 1423/2874/1430 890/1917/897 1716/2875/1723
f 1636/2736/1643 1234/2112/1241 1638/2740/1645
f 1717/2876/1724 1307/2877/1314 1425/2878/1432
f 1716/2875/1723 890/1917/897 1046/1795/1053
f 1538/2585/1545 1307/2236/1314 1717/2879/1724
f 1046/1795/1053 938/1797/945 1641/2748/1648
f 1116/1932/1123 1238/2118/1245 1639/2743/1646
f 1718/2880/1725 1238/2118/1245 1049/1807/1056
f 992/1697/999 1128/1951/1135 1719/2881/1726
f 1720/2882/1727 1129/2749/1136 1428/2417/1435
f 1642/2750/1649 1309/2245/1316 1244/2138/1251
f 1642/2750/1649 1431/2421/1438 1309/2245/1316
f 1721/2883/1728 1131/1954/1138 1429/2419/1436
f 1430/2420/1437 1432/2422/1439 1722/2884/1729
f 1540/2587/1547 1723/2885/1730 1432/2422/1439
f 1645/2753/1652 1435/2425/1442 1311/2247/1318
f 1724/2886/1731 1646/2754/1653 1435/2425/1442
f 1725/2887/1732 1543/2888/1550 1541/2889/1548
f 1544/2591/1551 1149/1972/1156 1319/2260/1326
f 1545/2592/1552 1321/2427/1328 999/1704/1006
f 1319/2260/1326 1320/2262/1327 1726/2890/1733
f 1648/2891/1655 1439/2892/1446 1727/2893/1734
f 1546/2593/1553 1155/1983/1162 1002/1707/1009
f 1728/2894/1735 1323/2267/1330 1155/1983/1162
f 1437/2429/1444 1156/1986/1163 1729/2895/1736
f 1729/2895/1736 1156/1986/1163 1324/2269/1331
f 1730/2896/1737 1324/2269/1331 1549/2759/1556
f 1729/2895/1736 1324/2269/1331 1730/2896/1737
f 1444/2436/1451 1731/2897/1738 1649/2757/1656
f 1652/2764/1659 1438/2430/1445 1648/2756/1655
f 1732/2898/1739 1553/2604/1560 1557/2612/1564
f 1732/2898/1739 1557/2612/1564 1559/2614/1566
f 1464/2463/1471 1562/2617/1569 1733/2899/1740
f 1444/2436/1451 1550/2598/1557 1731/2897/1738
f 1656/2772/1663 1450/2444/1457 1440/2432/1447
f 1561/2616/1568 1464/2463/1471 1733/2899/1740
f 1447/2769/1454 1654/2768/1661 1734/2900/1741
f 1327/2609/1334 1555/2608/1562 1654/2768/1661
f 1447/2901/1454 1734/2902/1741 1735/2903/1742
f 1445/2440/1452 1448/2442/1455 1655/2770/1662
f 1550/2598/1557 1337/2283/1344 1736/2904/1743
f 1447/2439/1454 1735/2905/1742 1563/2618/1570
f 1448/2442/1455 1453/2619/1460 1737/2906/1744
f 1653/2907/1660 1569/2908/1576 1331/2909/1338
f 1341/2287/1348 1659/2775/1666 1556/2611/1563
f 1736/2904/1743 1337/2283/1344 1738/2910/1745
f 1736/2904/1743 1738/2910/1745 1567/2623/1574
f 1736/2904/1743 1567/2623/1574 1658/2774/1665
f 1659/2775/1666 1739/2911/1746 1740/2912/1747
f 1659/2775/1666 1741/2913/1748 1739/2911/1746
f 1740/2912/1747 1739/2911/1746 1459/2458/1466
f 1740/2912/1747 1459/2458/1466 1565/2621/1572
f 1337/2283/1344 1344/2290/1351 1738/2910/1745
f 1453/2914/1460 1742/2915/1749 1737/2916/1744
f 1569/2627/1576 1743/2917/1750 1457/2625/1464
f 1457/2625/1464 1743/2917/1750 1660/2776/1667
f 1344/2290/1351 1744/2918/1751 1738/2910/1745
f 1738/2910/1745 1745/2919/1752 1567/2623/1574
f 1567/2623/1574 1745/2919/1752 1568/2624/1575
f 1467/2468/1474 1746/2920/1753 1345/2466/1352
f 1345/2466/1352 1746/2920/1753 1346/2921/1353
f 1346/2921/1353 1746/2920/1753 1452/2922/1459
f 1452/2922/1459 1746/2920/1753 1742/2923/1749
f 1453/2914/1460 1452/2924/1459 1742/2915/1749
f 1659/2775/1666 1458/2454/1465 1741/2913/1748
f 1459/2458/1466 1739/2911/1746 1747/2925/1754
f 1344/2290/1351 1466/2465/1473 1744/2918/1751
f 1748/2926/1755 1745/2919/1752 1738/2910/1745
f 1572/2927/1579 1661/2777/1668 1339/2285/1346
f 1661/2777/1668 1749/2928/1756 1458/2454/1465
f 1576/2640/1583 1459/2458/1466 1747/2925/1754
f 1750/2929/1757 1451/2630/1458 1463/2462/1470
f 1574/2638/1581 1469/2788/1476 1665/2782/1672
f 1751/2930/1758 1573/2634/1580 1662/2779/1669
f 1463/2462/1470 1752/2931/1759 1750/2929/1757
f 1451/2932/1458 1753/2933/1760 1358/2934/1365
f 1668/2787/1675 1752/2931/1759 1463/2462/1470
f 1358/2935/1365 1753/2936/1760 1471/2937/1478
f 1576/2640/1583 1673/2795/1680 1575/2639/1582
f 1469/2472/1476 1754/2938/1761 1665/2784/1672
f 1665/2784/1672 1754/2938/1761 1666/2785/1673
f 1754/2938/1761 1469/2472/1476 1671/2791/1678
f 1473/2479/1480 1360/2478/1367 1578/2939/1585
f 1755/2940/1762 1756/2941/1763 1582/2805/1589
f 1583/2942/1590 1755/2940/1762 1582/2805/1589
f 1271/2943/1278 1757/2944/1764 1583/2945/1590
f 1758/2946/1765 1585/2947/1592 1759/2948/1766
f 1173/2949/1180 1757/2944/1764 1271/2943/1278
f 1759/2948/1766 1585/2947/1592 1363/2950/1370
f 1479/2807/1486 1678/2809/1685 1760/2951/1767
f 1760/2952/1767 1587/2664/1594 1479/2663/1486
f 1761/2953/1768 1762/2954/1769 1763/2955/1770
f 1587/2667/1594 1764/2956/1771 1680/2814/1687
f 1010/1728/1017 1683/2818/1690 1682/2817/1689
f 963/1648/970 1481/2668/1488 1175/2019/1182
f 1175/2019/1182 1481/2668/1488 1765/2957/1772
f 964/1651/971 1364/2315/1371 1589/2670/1596
f 1013/1732/1020 1766/2958/1773 1364/2315/1371
f 1177/2022/1184 1767/2959/1774 1483/2498/1490
f 1367/2318/1374 1768/2960/1775 1591/2672/1598
f 1595/2676/1602 1768/2960/1775 1367/2318/1374
f 1769/2961/1776 1485/2962/1492 1686/2963/1693
f 1373/2324/1380 1770/2964/1777 1688/2823/1695
f 1488/2506/1495 1375/2326/1382 1597/2678/1604
f 1489/2507/1496 1371/2322/1378 1687/2822/1694
f 1770/2964/1777 1373/2324/1380 1490/2508/1497
f 1499/2965/1506 1600/2827/1607 1771/2966/1778
f 1599/2680/1606 1495/2513/1502 1772/2967/1779
f 1495/2513/1502 1602/2683/1609 1772/2967/1779
f 1498/2968/1505 1604/2969/1611 1773/2970/1780
f 1691/2971/1698 1607/2690/1614 1605/2688/1612
f 1603/2972/1610 1606/2689/1613 1505/2523/1512
f 1604/2687/1611 1608/2691/1615 1694/2839/1701
f 1607/2690/1614 1611/2694/1618 1507/2525/1514
f 1609/2692/1616 1774/2973/1781 1385/2336/1392
f 1385/2336/1392 1774/2973/1781 1276/2180/1283
f 1384/2841/1391 1611/2974/1618 1696/2842/1703
f 1612/2695/1619 1509/2527/1516 1697/2843/1704
f 1276/2696/1283 1775/2975/1782 1511/2530/1518
f 1388/2346/1395 1776/2976/1783 1697/2977/1704
f 1182/2342/1189 1389/2344/1396 1777/2978/1784
f 1390/2347/1397 1776/2976/1783 1388/2346/1395
f 1389/2344/1396 1512/2532/1519 1777/2978/1784
f 1390/2347/1397 1614/2979/1621 1776/2976/1783
f 1510/2529/1517 1778/2980/1785 1613/2698/1620
f 1613/2981/1620 1698/2845/1705 1392/2844/1399
f 1185/2043/1192 1515/2539/1522 1615/2982/1622
f 1279/2185/1286 1616/2705/1623 1089/2193/1096
f 1187/2044/1194 1699/2847/1706 1027/1757/1034
f 1193/2057/1200 1779/2983/1786 1286/2366/1293
f 1618/2984/1625 1703/2985/1710 1619/2986/1626
f 1401/2371/1408 1619/2713/1626 1402/2552/1409
f 1286/2201/1293 1780/2987/1787 1621/2718/1628
f 1621/2718/1628 1781/2988/1788 1622/2721/1629
f 1522/2556/1529 1706/2862/1713 1623/2989/1630
f 1623/2720/1630 1782/2990/1789 1100/1913/1107
f 1705/2861/1712 1627/2726/1634 1624/2722/1631
f 1625/2724/1632 1529/2565/1536 1783/2991/1790
f 1627/2726/1634 1708/2864/1715 1294/2214/1301
f 1529/2565/1536 1630/2729/1637 1783/2991/1790
f 1531/2567/1538 1784/2992/1791 1785/2993/1792
f 1784/2992/1791 1531/2567/1538 1532/2570/1539
f 1533/2571/1540 1786/2994/1793 1631/2730/1638
f 1710/2867/1717 1419/2573/1426 1713/2995/1720
f 1298/2219/1305 1787/2996/1794 1223/2392/1230
f 1634/2733/1641 1715/2873/1722 1301/2225/1308
f 1713/2870/1720 1635/2734/1642 1788/2997/1795
f 1227/2101/1234 1636/2736/1643 1418/2393/1425
f 1535/2576/1542 1789/2998/1796 1711/2868/1718
f 1712/2869/1719 1420/2871/1427 1421/2398/1428
f 1535/2999/1542 1536/2579/1543 1789/3000/1796
f 1536/2579/1543 1714/2872/1721 1789/3000/1796
f 1638/2740/1645 1537/2582/1544 1790/3001/1797
f 1537/2742/1544 1639/2743/1646 1790/3002/1797
f 1049/1807/1056 1791/3003/1798 1718/2880/1725
f 1640/2747/1647 1791/3003/1798 1049/1807/1056
f 1637/2738/1644 1428/2417/1435 1127/2416/1134
f 1129/3004/1136 1792/3005/1799 1642/3006/1649
f 1130/2137/1137 1643/3007/1650 1243/2135/1250
f 1642/2750/1649 1793/3008/1800 1431/2421/1438
f 1131/1954/1138 1721/2883/1728 1643/2751/1650
f 1721/3009/1728 1429/3010/1436 1430/3011/1437
f 1430/3011/1437 1722/3012/1729 1721/3009/1728
f 1722/2884/1729 1432/2422/1439 1723/2885/1730
f 1540/2587/1547 1794/3013/1801 1723/2885/1730
f 1436/2426/1443 1794/3013/1801 1540/2587/1547
f 1436/2426/1443 1542/2589/1549 1795/3014/1802
f 1436/2426/1443 1795/3014/1802 1794/3013/1801
f 1646/2754/1653 1725/3015/1732 1541/2588/1548
f 1542/3016/1549 1544/3017/1551 1795/3018/1802
f 1319/2260/1326 1726/2890/1733 1544/2591/1551
f 1320/3019/1327 1151/3020/1158 1796/3021/1803
f 1797/3022/1804 1440/3023/1447 1798/3024/1805
f 1440/3023/1447 1650/3025/1657 1798/3024/1805
f 1650/3025/1657 1323/3026/1330 1799/3027/1806
f 1549/2759/1556 1651/2761/1658 1730/2896/1737
f 1800/3028/1807 1652/2764/1659 1648/2756/1655
f 1799/3027/1806 1323/3026/1330 1728/3029/1735
f 1554/2765/1561 1801/3030/1808 1802/3031/1809
f 1732/3032/1739 1559/3033/1566 1803/3034/1810
f 1561/3035/1568 1733/3036/1740 1804/3037/1811
f 1562/2617/1569 1554/2765/1561 1802/3031/1809
f 1441/2601/1448 1552/2603/1559 1805/3038/1812
f 1657/2773/1664 1559/2614/1566 1560/2615/1567
f 1657/3039/1664 1656/3040/1663 1806/3041/1813
f 1807/3042/1814 1455/2451/1462 1561/2616/1568
f 1551/2599/1558 1441/2601/1448 1805/3038/1812
f 1808/3043/1815 1740/2912/1747 1809/3044/1816
f 1731/2897/1738 1550/2598/1557 1736/2904/1743
f 1810/3045/1817 1658/2774/1665 1563/2618/1570
f 1808/3043/1815 1659/2775/1666 1740/2912/1747
f 1811/3046/1818 1740/2912/1747 1565/2621/1572
f 1811/3046/1818 1565/2621/1572 1652/2764/1659
f 1810/3045/1817 1736/2904/1743 1658/2774/1665
f 1556/2611/1563 1659/2775/1666 1808/3043/1815
f 1653/2907/1660 1812/3047/1819 1569/2908/1576
f 1813/3048/1820 1569/2908/1576 1812/3047/1819
f 1814/3049/1821 1815/3050/1822 1813/3051/1820
f 1813/3052/1820 1743/2917/1750 1569/2627/1576
f 1813/3051/1820 1815/3050/1822 1743/3053/1750
f 1467/3054/1474 1816/3055/1823 1746/3056/1753
f 1816/3055/1823 1817/3057/1824 1746/3056/1753
f 1817/3057/1824 1742/3058/1749 1746/3056/1753
f 1743/3053/1750 1815/3050/1822 1818/3059/1825
f 1743/3053/1750 1818/3059/1825 1660/3060/1667
f 1660/3060/1667 1818/3059/1825 1572/2927/1579
f 1819/3061/1826 1741/3062/1748 1458/3063/1465
f 1741/2913/1748 1820/3064/1827 1739/2911/1746
f 1744/2918/1751 1748/2926/1755 1738/2910/1745
f 1572/2927/1579 1821/3065/1828 1661/2777/1668
f 1458/3066/1465 1749/3067/1756 1819/3068/1826
f 1466/2465/1473 1822/3069/1829 1744/2918/1751
f 1747/3070/1754 1823/3071/1830 1576/3072/1583
f 1824/3073/1831 1667/3074/1674 1666/3075/1673
f 1571/2629/1578 1468/2470/1475 1825/3076/1832
f 1825/3076/1832 1668/2787/1675 1571/2629/1578
f 1750/2929/1757 1753/3077/1760 1451/2630/1458
f 1577/2641/1584 1822/3069/1829 1466/2465/1473
f 1826/3078/1833 1667/3074/1674 1824/3073/1831
f 1662/3079/1669 1667/3080/1674 1827/3081/1834
f 1825/3076/1832 1468/2470/1475 1669/2789/1676
f 1750/2929/1757 1828/3082/1835 1753/3077/1760
f 1753/3077/1760 1828/3082/1835 1471/2474/1478
f 1573/3083/1580 1829/3084/1836 1356/2792/1363
f 1670/2790/1677 1830/3085/1837 1577/2641/1584
f 1671/3086/1678 1673/3087/1680 1831/3088/1838
f 1471/2474/1478 1832/3089/1839 1674/2797/1681
f 1674/3090/1681 1833/3091/1840 1670/3092/1677
f 1580/2648/1587 1581/2650/1588 1834/3093/1841
f 1581/2650/1588 1835/3094/1842 1834/3093/1841
f 1756/3095/1763 1755/3096/1762 1836/3097/1843
f 1583/2945/1590 1837/3098/1844 1755/3099/1762
f 1758/2946/1765 1759/2948/1766 1838/3100/1845
f 1583/2945/1590 1757/2944/1764 1837/3098/1844
f 1756/2941/1763 1836/3101/1843 1582/2805/1589
f 1839/3102/1846 1585/2660/1592 1758/3103/1765
f 1762/3104/1769 1840/3105/1847 1763/3106/1770
f 1841/3107/1848 1362/2485/1369 1585/2660/1592
f 1586/2806/1593 1582/2805/1589 1842/3108/1849
f 1760/2952/1767 1843/3109/1850 1587/2664/1594
f 1841/3107/1848 1476/2486/1483 1362/2485/1369
f 1679/2810/1686 1844/3110/1851 1678/2809/1685
f 1845/3111/1852 1761/2953/1768 1763/2955/1770
f 1759/2948/1766 1363/2950/1370 1682/3112/1689
f 1681/2815/1688 1846/3113/1853 1679/2813/1686
f 1679/2813/1686 1846/3113/1853 1844/3114/1851
f 1764/2956/1771 1681/3115/1688 1680/2814/1687
f 1588/2669/1595 1011/1729/1018 1589/2670/1596
f 1013/1732/1020 1274/2176/1281 1766/2958/1773
f 1590/2671/1597 1847/3116/1854 1365/2316/1372
f 1274/2176/1281 1069/2177/1076 1484/3117/1491
f 1068/1839/1075 1848/3118/1855 1176/2021/1183
f 1176/2021/1183 1848/3118/1855 1849/3119/1856
f 1176/2021/1183 1849/3119/1856 1177/2022/1184
f 1591/3120/1598 1768/3121/1775 1686/3122/1693
f 1850/3123/1857 1596/2677/1603 1684/2819/1691
f 1594/3124/1601 1851/3125/1858 1689/3126/1696
f 1490/3127/1497 1852/3128/1859 1770/3129/1777
f 1490/3127/1497 1690/3130/1697 1852/3128/1859
f 1601/3131/1608 1489/3132/1496 1853/3133/1860
f 1601/2682/1608 1854/3134/1861 1500/2518/1507
f 1602/2683/1609 1855/3135/1862 1772/2967/1779
f 1690/2829/1697 1498/2516/1505 1856/3136/1863
f 1771/2966/1778 1857/3137/1864 1499/2965/1506
f 1854/3138/1861 1692/2834/1699 1500/2833/1507
f 1499/2965/1506 1857/3137/1864 1504/3139/1511
f 1602/2684/1609 1603/2686/1610 1858/3140/1865
f 1859/3141/1866 1693/2836/1700 1692/3142/1699
f 1604/2687/1611 1694/2839/1701 1773/3143/1780
f 1505/2523/1512 1860/3144/1867 1603/2972/1610
f 1505/2523/1512 1610/2693/1617 1860/3144/1867
f 1694/2839/1701 1695/2840/1702 1861/3145/1868
f 1609/2692/1616 1859/3141/1866 1774/2973/1781
f 1778/2980/1785 1698/3146/1705 1613/2698/1620
f 1698/3146/1705 1396/2360/1403 1082/1866/1089
f 1514/2846/1521 1395/2359/1402 1862/3147/1869
f 1616/2705/1623 1516/2541/1523 1089/2193/1096
f 1193/2057/1200 1700/2848/1707 1779/2983/1786
f 1517/2542/1524 1521/2554/1528 1863/3148/1870
f 1619/2713/1626 1864/3149/1871 1402/2552/1409
f 1864/3149/1871 1704/3150/1711 1402/2552/1409
f 1865/3151/1872 1519/2547/1526 1284/2715/1291
f 1519/2547/1526 1865/3151/1872 1520/2851/1527
f 1518/2545/1525 1865/3152/1872 1284/2856/1291
f 1865/3153/1872 1705/2861/1712 1520/2723/1527
f 1781/2988/1788 1626/3154/1633 1622/2721/1629
f 1783/2991/1790 1706/2862/1713 1625/2724/1632
f 1626/2725/1633 1530/2566/1537 1526/2562/1533
f 1866/3155/1873 1530/3156/1537 1626/3157/1633
f 1707/2863/1714 1531/2567/1538 1785/2993/1792
f 1867/3158/1874 1630/2729/1637 1631/2730/1638
f 1868/3159/1875 1415/3160/1422 1628/3161/1635
f 1868/3159/1875 1632/3162/1639 1415/3160/1422
f 1869/3163/1876 1416/2865/1423 1199/2070/1206
f 1869/3164/1876 1199/2390/1206 1417/2389/1424
f 1787/3165/1794 1298/3166/1305 1206/3167/1213
f 1533/2571/1540 1711/2868/1718 1786/2994/1793
f 1632/3162/1639 1870/3168/1877 1534/3169/1541
f 1709/2866/1716 1871/3170/1878 1634/2733/1641
f 1418/2393/1425 1636/2736/1643 1532/2570/1539
f 1534/3169/1541 1870/3168/1877 1712/3171/1719
f 1871/3170/1878 1715/2873/1722 1634/2733/1641
f 1787/2996/1794 1872/3172/1879 1223/2392/1230
f 1635/3173/1642 1420/2871/1427 1712/2869/1719
f 1712/3171/1719 1788/3174/1795 1635/3175/1642
f 1425/2878/1432 1715/3176/1722 1873/3177/1880
f 1716/2875/1723 1874/3178/1881 1423/2874/1430
f 1717/2876/1724 1425/2878/1432 1873/3177/1880
f 1538/2746/1545 1717/2876/1724 1875/3179/1882
f 1046/1795/1053 1641/2748/1648 1716/2875/1723
f 1538/2746/1545 1875/3179/1882 1640/2744/1647
f 1640/2744/1647 1875/3179/1882 1791/3180/1798
f 1238/2118/1245 1718/2880/1725 1639/2743/1646
f 992/1697/999 1719/2881/1726 1641/2748/1648
f 1129/3004/1136 1720/3181/1727 1792/3005/1799
f 1539/2586/1546 1243/2135/1250 1876/3182/1883
f 1642/3183/1649 1877/3184/1884 1793/3185/1800
f 1722/3012/1729 1878/3186/1885 1721/3009/1728
f 1879/3187/1886 1644/2752/1651 1793/3008/1800
f 1793/3008/1800 1644/2752/1651 1431/2421/1438
f 1644/2752/1651 1880/3188/1887 1433/2423/1440
f 1433/2423/1440 1880/3188/1887 1645/2753/1652
f 1645/2753/1652 1724/2886/1731 1435/2425/1442
f 1724/2886/1731 1725/3015/1732 1646/2754/1653
f 1543/2888/1550 1725/2887/1732 1881/3189/1888
f 1151/1978/1158 1322/2264/1329 1796/3190/1803
f 1322/3191/1329 1153/3192/1160 1882/3193/1889
f 1262/2158/1269 1883/3194/1890 1152/1979/1159
f 1153/3192/1160 1647/3195/1654 1882/3193/1889
f 1154/1982/1161 1547/2594/1554 1647/2755/1654
f 1648/2891/1655 1727/2893/1734 1884/3196/1891
f 1439/2892/1446 1885/3197/1892 1727/2893/1734
f 1546/2593/1553 1728/2894/1735 1155/1983/1162
f 1649/3198/1656 1886/3199/1893 1887/3200/1894
f 1439/2892/1446 1553/3201/1560 1885/3197/1892
f 1553/3201/1560 1732/3032/1739 1885/3197/1892
f 1729/2895/1736 1888/3202/1895 1437/2429/1444
f 1443/2762/1450 1807/3203/1814 1651/2761/1658
f 1548/2763/1555 1801/3204/1808 1554/2606/1561
f 1731/3205/1738 1886/3199/1893 1649/3198/1656
f 1802/3031/1809 1889/3206/1896 1562/2617/1569
f 1440/3023/1447 1797/3022/1804 1656/3040/1663
f 1807/3042/1814 1561/2616/1568 1804/3207/1811
f 1811/3046/1818 1652/2764/1659 1800/3028/1807
f 1455/3208/1462 1807/3203/1814 1443/2762/1450
f 1808/3209/1815 1890/3210/1897 1556/2767/1563
f 1731/2897/1738 1736/2904/1743 1891/3211/1898
f 1563/3212/1570 1735/3213/1742 1810/3214/1817
f 1811/3046/1818 1809/3044/1816 1740/2912/1747
f 1810/3214/1817 1891/3215/1898 1736/3216/1743
f 1555/2608/1562 1655/2770/1662 1892/3217/1899
f 1653/2766/1660 1551/2599/1558 1893/3218/1900
f 1551/3219/1558 1805/3220/1812 1894/3221/1901
f 1448/2442/1455 1895/3222/1902 1655/2770/1662
f 1448/2442/1455 1896/3223/1903 1895/3222/1902
f 1448/2442/1455 1737/2906/1744 1896/3223/1903
f 1653/2907/1660 1897/3224/1904 1812/3047/1819
f 1813/3051/1820 1812/3225/1819 1898/3226/1905
f 1898/3226/1905 1814/3049/1821 1813/3051/1820
f 1742/3058/1749 1899/3227/1906 1737/3228/1744
f 1742/3058/1749 1900/3229/1907 1899/3227/1906
f 1817/3057/1824 1900/3229/1907 1742/3058/1749
f 1901/3230/1908 1818/3231/1825 1815/3232/1822
f 1818/3231/1825 1901/3230/1908 1821/3233/1828
f 1818/3059/1825 1821/3065/1828 1572/2927/1579
f 1465/2464/1472 1902/3234/1909 1467/3054/1474
f 1467/3054/1474 1903/3235/1910 1816/3055/1823
f 1661/3236/1668 1904/3237/1911 1749/3238/1756
f 1905/3239/1912 1820/3240/1827 1741/3062/1748
f 1739/2911/1746 1820/3064/1827 1747/2925/1754
f 1748/2926/1755 1744/2918/1751 1906/3241/1913
f 1568/3242/1575 1907/3243/1914 1663/3244/1670
f 1664/2781/1671 1902/3234/1909 1465/2464/1472
f 1467/3054/1474 1902/3234/1909 1903/3235/1910
f 1661/3236/1668 1908/3245/1915 1904/3237/1911
f 1663/3244/1670 1909/3246/1916 1664/3247/1671
f 1662/2779/1669 1827/3248/1834 1751/2930/1758
f 1825/3249/1832 1910/3250/1917 1668/3251/1675
f 1667/3252/1674 1826/3253/1833 1827/3254/1834
f 1750/2929/1757 1752/2931/1759 1911/3255/1918
f 1911/3255/1918 1832/3089/1839 1828/3082/1835
f 1828/3082/1835 1750/2929/1757 1911/3255/1918
f 1576/2640/1583 1823/3256/1830 1673/2795/1680
f 1828/3082/1835 1832/3089/1839 1471/2474/1478
f 1912/3257/1919 1666/3258/1673 1754/3259/1761
f 1356/2792/1363 1829/3084/1836 1913/3260/1920
f 1356/2792/1363 1913/3260/1920 1672/2793/1679
f 1670/3092/1677 1833/3091/1840 1914/3261/1921
f 1670/3262/1677 1914/3263/1921 1830/3264/1837
f 1671/3086/1678 1915/3265/1922 1754/3266/1761
f 1359/2794/1366 1672/2793/1679 1579/2646/1586
f 1360/2478/1367 1916/3267/1923 1578/2939/1585
f 1674/3090/1681 1832/3268/1839 1833/3091/1840
f 1580/2648/1587 1834/3093/1841 1360/2478/1367
f 1581/2650/1588 1584/2657/1591 1835/3094/1842
f 1584/2657/1591 1917/3269/1924 1835/3094/1842
f 1918/3270/1925 1919/3271/1926 1836/3101/1843
f 1758/2946/1765 1838/3100/1845 1920/3272/1927
f 1678/2809/1685 1921/3273/1928 1760/2951/1767
f 1840/3105/1847 1922/3274/1929 1763/3106/1770
f 1923/3275/1930 1838/3100/1845 1759/2948/1766
f 1585/2660/1592 1839/3102/1846 1841/3107/1848
f 1678/2809/1685 1844/3110/1851 1921/3273/1928
f 1922/3276/1929 1924/3277/1931 1763/3278/1770
f 1172/2656/1179 1925/3279/1932 1584/2657/1591
f 1582/2805/1589 1836/3101/1843 1842/3108/1849
f 1763/3278/1770 1924/3277/1931 1845/3280/1852
f 1587/2667/1594 1843/3281/1850 1764/2956/1771
f 1762/2954/1769 1761/2953/1768 1926/3282/1933
f 1762/3283/1769 1926/3284/1933 1840/3285/1847
f 1273/3286/1280 1927/3287/1934 1172/2656/1179
f 1172/2656/1179 1927/3287/1934 1925/3279/1932
f 1682/2817/1689 1928/3288/1935 1759/3289/1766
f 1929/3290/1936 1765/2957/1772 1481/2668/1488
f 1588/2669/1595 1930/3291/1937 1683/2818/1690
f 1175/2019/1182 1931/3292/1938 1012/1730/1019
f 1849/3293/1856 1932/3294/1939 1177/3295/1184
f 1684/3296/1691 1933/3297/1940 1850/3298/1857
f 1684/3296/1691 1592/3299/1599 1933/3297/1940
f 1487/2505/1494 1688/2823/1695 1685/2820/1692
f 1485/2962/1492 1769/2961/1776 1594/3124/1601
f 1851/3125/1858 1934/3300/1941 1689/3126/1696
f 1934/3300/1941 1598/2826/1605 1689/3126/1696
f 1599/3301/1606 1772/3302/1779 1935/3303/1942
f 1601/3131/1608 1853/3133/1860 1854/3304/1861
f 1498/2968/1505 1773/2970/1780 1856/3305/1863
f 1857/3306/1864 1936/3307/1943 1504/2830/1511
f 1602/2684/1609 1858/3140/1865 1855/3308/1862
f 1694/2839/1701 1861/3145/1868 1773/3143/1780
f 1693/2836/1700 1859/3141/1866 1609/2692/1616
f 1607/3309/1614 1937/3310/1944 1611/2974/1618
f 1383/3311/1390 1938/3312/1945 1610/3313/1617
f 1383/3311/1390 1939/3314/1946 1938/3312/1945
f 1387/3315/1394 1939/3314/1946 1383/3311/1390
f 1387/3315/1394 1940/3316/1947 1939/3314/1946
f 1387/3315/1394 1182/2342/1189 1940/3316/1947
f 1182/2342/1189 1777/2978/1784 1940/3316/1947
f 1776/2976/1783 1614/2979/1621 1941/3317/1948
f 1512/3318/1519 1942/3319/1949 1777/3320/1784
f 1512/2700/1519 1615/2702/1622 1942/3321/1949
f 1615/2982/1622 1515/2539/1522 1942/3322/1949
f 1943/3323/1950 1699/2847/1706 1187/2044/1194
f 1516/2541/1523 1702/2850/1709 1282/2191/1289
f 1283/2194/1290 1517/2542/1524 1944/3324/1951
f 1190/2053/1197 1400/2367/1407 1945/3325/1952
f 1619/2986/1626 1703/2985/1710 1864/3326/1871
f 1523/2558/1530 1100/2557/1107 1946/3327/1953
f 1946/3327/1953 1100/2557/1107 1782/3328/1789
f 1623/2720/1630 1947/3329/1954 1782/2990/1789
f 1705/2861/1712 1948/3330/1955 1627/2726/1634
f 1627/2726/1634 1948/3330/1955 1708/2864/1715
f 1630/3331/1637 1949/3332/1956 1783/3333/1790
f 1866/3155/1873 1950/3334/1957 1530/3156/1537
f 1630/2729/1637 1867/3158/1874 1949/3335/1956
f 1950/3334/1957 1628/3161/1635 1530/3156/1537
f 1628/3161/1635 1950/3334/1957 1868/3159/1875
f 1416/2387/1423 1869/3336/1876 1951/3337/1958
f 1416/2387/1423 1951/3337/1958 1206/2568/1213
f 1952/3338/1959 1787/2996/1794 1206/2568/1213
f 1632/3162/1639 1868/3159/1875 1870/3168/1877
f 1710/2867/1717 1713/2995/1720 1953/3339/1960
f 1711/3340/1718 1954/3341/1961 1786/3342/1793
f 1789/3343/1796 1955/3344/1962 1711/3340/1718
f 1871/3345/1878 1873/3177/1880 1715/3176/1722
f 1789/3000/1796 1714/2872/1721 1956/3346/1963
f 1714/2872/1721 1423/2400/1430 1956/3346/1963
f 1636/2736/1643 1638/2740/1645 1957/3347/1964
f 1223/2392/1230 1872/3172/1879 1637/2738/1644
f 1790/3002/1797 1639/2743/1646 1958/3348/1965
f 1639/2743/1646 1718/2880/1725 1958/3348/1965
f 1719/2881/1726 1128/1951/1135 1539/2586/1546
f 1644/3349/1651 1959/3350/1966 1880/3351/1887
f 1880/3352/1887 1960/3353/1967 1645/3354/1652
f 1722/3355/1729 1723/3356/1730 1961/3357/1968
f 1962/3358/1969 1725/3359/1732 1724/3360/1731
f 1543/2888/1550 1881/3189/1888 1545/3361/1552
f 1152/1979/1159 1883/3194/1890 1546/2593/1553
f 1548/2763/1555 1963/3362/1970 1801/3204/1808
f 1548/3363/1555 1887/3200/1894 1963/3364/1970
f 1548/3363/1555 1649/3198/1656 1887/3200/1894
f 1730/2896/1737 1964/3365/1971 1729/2895/1736
f 1803/3034/1810 1559/3033/1566 1965/3366/1972
f 1733/3036/1740 1889/3367/1896 1966/3368/1973
f 1733/3036/1740 1562/3369/1569 1889/3367/1896
f 1656/3040/1663 1797/3022/1804 1806/3041/1813
f 1967/3370/1974 1886/3199/1893 1731/3205/1738
f 1967/3370/1974 1731/3205/1738 1891/3215/1898
f 1654/2768/1661 1968/3371/1975 1734/2900/1741
f 1552/2603/1559 1556/2767/1563 1890/3210/1897
f 1551/2599/1558 1894/3372/1901 1893/3218/1900
f 1655/2770/1662 1895/3222/1902 1892/3217/1899
f 1653/2766/1660 1893/3218/1900 1897/3373/1904
f 1895/3222/1902 1737/2906/1744 1899/3374/1906
f 1816/3055/1823 1969/3375/1976 1817/3057/1824
f 1817/3376/1824 1969/3377/1976 1900/3378/1907
f 1970/3379/1977 1816/3380/1823 1903/3381/1910
f 1970/3382/1977 1969/3377/1976 1816/3383/1823
f 1971/3384/1978 1661/3236/1668 1821/3233/1828
f 1568/3242/1575 1745/3385/1752 1972/3386/1979
f 1568/3242/1575 1972/3386/1979 1907/3243/1914
f 1820/3240/1827 1973/3387/1980 1747/3070/1754
f 1744/3388/1751 1974/3389/1981 1906/3390/1913
f 1748/3391/1755 1906/3392/1913 1975/3393/1982
f 1907/3243/1914 1976/3394/1983 1663/3244/1670
f 1663/3244/1670 1976/3394/1983 1909/3246/1916
f 1902/3395/1909 1664/3396/1671 1977/3397/1984
f 1747/3070/1754 1978/3398/1985 1823/3071/1830
f 1822/3069/1829 1974/3399/1981 1744/2918/1751
f 1666/3400/1673 1912/3401/1919 1824/3402/1831
f 1751/3403/1758 1829/3084/1836 1573/3083/1580
f 1577/1571/1584 1830/3404/1837 1822/3405/1829
f 1823/3071/1830 1979/3406/1986 1673/3087/1680
f 1669/3407/1676 1470/3408/1477 1980/3409/1987
f 1669/3407/1676 1980/3409/1987 1981/3410/1988
f 1915/3265/1922 1671/3086/1678 1831/3088/1838
f 1916/3267/1923 1360/2478/1367 1834/3093/1841
f 1755/3411/1762 1837/3412/1844 1918/3413/1925
f 1755/2940/1762 1918/3270/1925 1836/3101/1843
f 1920/3414/1927 1839/3102/1846 1758/3103/1765
f 1920/3415/1927 1838/3416/1845 1982/3417/1989
f 1919/3271/1926 1842/3108/1849 1836/3101/1843
f 1760/2951/1767 1921/3273/1928 1983/3418/1990
f 1917/3269/1924 1584/2657/1591 1925/3279/1932
f 1760/2952/1767 1983/3419/1990 1843/3109/1850
f 1677/2803/1684 1984/3420/1991 1173/2014/1180
f 1923/3275/1930 1759/2948/1766 1928/3421/1935
f 1926/3422/1933 1761/3423/1768 1985/417/1992
f 1761/2953/1768 1845/3111/1852 1985/3424/1992
f 1842/3425/1849 1986/3426/1993 1586/2661/1593
f 1764/2956/1771 1846/3427/1853 1681/3115/1688
f 1682/2817/1689 1987/3428/1994 1928/3288/1935
f 1586/2661/1593 1988/3429/1995 1481/2668/1488
f 1987/3428/1994 1682/2817/1689 1683/2818/1690
f 1931/3292/1938 1482/2496/1489 1012/1730/1019
f 1932/3294/1939 1767/3430/1774 1177/3295/1184
f 1768/3121/1775 1989/3431/1996 1686/3122/1693
f 1768/3121/1775 1990/3432/1997 1989/3431/1996
f 1768/3121/1775 1991/3433/1998 1990/3432/1997
f 1850/3434/1857 1992/3435/1999 1596/3436/1603
f 1769/2961/1776 1851/3125/1858 1594/3124/1601
f 1597/3437/1604 1375/3438/1382 1993/3439/2000
f 1687/3440/1694 1994/3441/2001 1489/3132/1496
f 1993/3442/2000 1599/3443/1606 1935/3444/1942
f 1375/3438/1382 1599/3445/1606 1993/3439/2000
f 1995/3446/2002 1600/2827/1607 1598/2826/1605
f 1600/2827/1607 1995/3446/2002 1771/2966/1778
f 1772/986/1779 1855/3447/1862 1996/3448/2003
f 1853/3133/1860 1997/3449/2004 1854/3304/1861
f 1997/3450/2004 1998/3451/2005 1854/3138/1861
f 1998/3451/2005 1692/2834/1699 1854/3138/1861
f 1504/2830/1511 1936/3307/1943 1691/2831/1698
f 1861/3452/1868 1999/3453/2006 1773/2970/1780
f 1691/2971/1698 1937/3454/1944 1607/2690/1614
f 1610/3313/1617 1938/3312/1945 1860/3455/1867
f 1859/3456/1866 2000/3457/2007 1774/3458/1781
f 1611/2974/1618 2001/3459/2008 1696/2842/1703
f 1774/3458/1781 2000/3457/2007 1276/2696/1283
f 2000/3457/2007 1775/2975/1782 1276/2696/1283
f 2002/3460/2009 1510/2529/1517 1696/2842/1703
f 1775/2975/1782 2003/3461/2010 1511/2530/1518
f 2004/3462/2011 1776/2976/1783 1941/3317/1948
f 2003/3461/2010 2005/3463/2012 1511/2530/1518
f 1511/2530/1518 2005/3463/2012 1513/2697/1520
f 1614/2699/1621 1514/2535/1521 1941/3464/1948
f 2005/3463/2012 1394/2537/1401 1513/2697/1520
f 2006/3465/2013 1698/3146/1705 1778/2980/1785
f 1943/3323/1950 1187/2044/1194 1394/2537/1401
f 2007/3466/2014 1395/2359/1402 1397/2704/1404
f 1397/2361/1404 1617/2706/1624 2008/3467/2015
f 1029/2054/1036 1190/2053/1197 2009/3468/2016
f 1190/2053/1197 1945/3325/1952 2009/3468/2016
f 1523/2558/1530 1946/3327/1953 1400/2367/1407
f 1518/2545/1525 2010/3469/2017 1865/3152/1872
f 1621/2718/1628 2011/3470/2018 1781/2988/1788
f 1706/3471/1713 2012/3472/2019 1623/3473/1630
f 1623/3473/1630 2012/3472/2019 1947/3474/1954
f 1948/3475/1955 1705/3476/1712 2010/3477/2017
f 1706/3471/1713 1783/3333/1790 2012/3472/2019
f 1781/3478/1788 2013/3479/2020 1626/3157/1633
f 1620/2717/1627 1527/2563/1534 2014/3480/2021
f 1626/3157/1633 2013/3479/2020 1866/3155/1873
f 1527/2563/1534 1707/2863/1714 2014/3480/2021
f 1707/2863/1714 1785/2993/1792 2014/3480/2021
f 1869/3481/1876 1417/3482/1424 2015/3483/2022
f 1206/2568/1213 1951/3337/1958 1952/3338/1959
f 1710/2867/1717 2015/3484/2022 1417/2574/1424
f 1868/3159/1875 2016/3485/2023 1870/3168/1877
f 1784/2992/1791 1532/2570/1539 2017/3486/2024
f 1532/2570/1539 1636/2736/1643 2017/3486/2024
f 1713/2870/1720 2018/3487/2025 1953/3488/1960
f 1712/3171/1719 1870/3168/1877 1788/3174/1795
f 1870/3168/1877 2019/3489/2026 1788/3174/1795
f 1713/2870/1720 2019/3490/2026 2018/3487/2025
f 1713/2870/1720 1788/2997/1795 2019/3490/2026
f 1955/3344/1962 2020/3491/2027 1711/3340/1718
f 1789/3000/1796 1956/3346/1963 1955/3492/1962
f 1874/3493/1881 1956/3346/1963 1423/2400/1430
f 1716/2875/1723 2021/3494/2028 1874/3178/1881
f 1638/3495/1645 1790/3496/1797 1957/3497/1964
f 1718/2880/1725 1791/3003/1798 2022/3498/2029
f 1539/2586/1546 1876/3182/1883 2023/3499/2030
f 1792/3500/1799 1877/3501/1884 1642/3502/1649
f 1243/2135/1250 1643/3007/1650 1876/3182/1883
f 1878/3186/1885 1722/3012/1729 2024/3503/2031
f 1644/2752/1651 1879/3187/1886 1959/3504/1966
f 1722/3355/1729 1961/3357/1968 2024/3505/2031
f 1723/3356/1730 1794/3506/1801 2025/3507/2032
f 1962/3358/1969 1724/3360/1731 2026/3508/2033
f 1725/2887/1732 1962/3509/1969 1881/3189/1888
f 1544/3017/1551 2027/3510/2034 1795/3018/1802
f 1544/3017/1551 2028/3511/2035 2027/3510/2034
f 1544/3512/1551 1726/3513/1733 2028/3514/2035
f 1726/3515/1733 1320/3516/1327 2029/3517/2036
f 1320/3516/1327 1796/3518/1803 2029/3517/2036
f 1321/2263/1328 2030/3519/2037 1150/1974/1157
f 1150/1974/1157 2030/3519/2037 2031/3520/2038
f 1150/1974/1157 2031/3520/2038 1262/2158/1269
f 1650/3025/1657 2032/3521/2039 1798/3024/1805
f 1730/2896/1737 1651/2761/1658 2033/3522/2040
f 1650/3025/1657 1799/3027/1806 2032/3521/2039
f 1729/2895/1736 1964/3365/1971 1888/3202/1895
f 1801/3523/1808 2034/3524/2041 1802/3525/1809
f 1648/2891/1655 1884/3196/1891 1800/3526/1807
f 1803/3034/1810 1885/3197/1892 1732/3032/1739
f 1811/3527/1818 2035/3528/2042 2036/3529/2043
f 1811/3527/1818 1800/3526/1807 2035/3528/2042
f 1559/3033/1566 1657/3039/1664 1965/3366/1972
f 1804/3037/1811 1733/3036/1740 1966/3368/1973
f 1808/3530/1815 1809/3531/1816 2036/3529/2043
f 1809/3531/1816 1811/3527/1818 2036/3529/2043
f 1808/3532/1815 2036/3533/2043 1890/3534/1897
f 1654/2768/1661 2037/3535/2044 1968/3371/1975
f 1555/2608/1562 2038/3536/2045 1654/2768/1661
f 1894/3537/1901 1805/3538/1812 2039/3539/2046
f 1893/3218/1900 2039/3540/2046 2040/3541/2047
f 1894/3372/1901 2039/3540/2046 1893/3218/1900
f 1812/3542/1819 2040/3541/2047 1898/3543/1905
f 1812/3542/1819 1897/3373/1904 2040/3541/2047
f 1897/3373/1904 1893/3218/1900 2040/3541/2047
f 1737/2906/1744 1895/3222/1902 1896/3223/1903
f 1814/3544/1821 2041/3545/2048 1815/3232/1822
f 1815/3232/1822 2041/3545/2048 1901/3230/1908
f 1741/3062/1748 1819/3061/1826 1905/3239/1912
f 1661/3236/1668 1971/3384/1978 1908/3245/1915
f 1749/3067/1756 1904/3546/1911 1819/3068/1826
f 1748/3547/1755 1975/3548/1982 1745/3549/1752
f 1902/3550/1909 2042/3551/2049 1903/3552/1910
f 1747/3070/1754 1973/3387/1980 1978/3398/1985
f 1669/3553/1676 1981/3554/1988 1825/3249/1832
f 1825/3249/1832 1981/3554/1988 2043/3555/2050
f 1825/3249/1832 2043/3555/2050 1910/3250/1917
f 1668/3251/1675 1910/3250/1917 1752/3556/1759
f 1822/3405/1829 1830/3404/1837 2044/3557/2051
f 1979/3406/1986 2045/3558/2052 1673/3087/1680
f 1673/3087/1680 2045/3558/2052 1831/3088/1838
f 1754/3259/1761 2046/3559/2053 1912/3257/1919
f 1754/3266/1761 1915/3265/1922 2046/3560/2053
f 1832/3268/1839 2047/3561/2054 1833/3091/1840
f 1833/3091/1840 2048/3562/2055 1914/3261/1921
f 1676/2802/1683 2049/3563/2056 1475/2484/1482
f 1475/2484/1482 2049/3563/2056 1677/2803/1684
f 1920/3415/1927 1982/3417/1989 2050/3564/2057
f 1757/2944/1764 2051/3565/2058 1837/3098/1844
f 1921/3566/1928 2052/3567/2059 1983/3568/1990
f 1840/3285/1847 2053/3569/2060 2054/3570/2061
f 1840/3571/1847 2054/3572/2061 1922/3573/1929
f 1838/3100/1845 2055/3574/2062 1982/3575/1989
f 1838/3100/1845 1923/3275/1930 2055/3574/2062
f 1919/3576/1926 2056/3577/2063 1842/3578/1849
f 1844/3579/1851 2052/3567/2059 1921/3566/1928
f 2055/3580/2062 1923/3581/1930 2057/3582/2064
f 1173/2014/1180 1984/3420/1991 1757/3583/1764
f 1840/3285/1847 1926/3284/1933 2053/3569/2060
f 1923/3581/1930 1928/3584/1935 2057/3582/2064
f 1985/417/1992 2058/3585/2065 1926/3422/1933
f 1476/2486/1483 2059/3586/2066 1927/3587/1934
f 1476/2486/1483 1927/3587/1934 1273/2488/1280
f 1846/3113/1853 2060/3588/2067 2061/3589/2068
f 1586/2661/1593 1986/3426/1993 1988/3429/1995
f 1481/2668/1488 1988/3429/1995 1929/3290/1936
f 1929/3290/1936 2062/3590/2069 1765/2957/1772
f 1589/2670/1596 2063/3591/2070 1588/2669/1595
f 1765/2957/1772 2062/3590/2069 1175/2019/1182
f 2062/3590/2069 1931/3292/1938 1175/2019/1182
f 1274/2176/1281 2064/3592/2071 1766/2958/1773
f 1274/2176/1281 1484/3117/1491 2064/3592/2071
f 1483/2498/1490 2065/3593/2072 1484/2499/1491
f 1592/3299/1599 2066/3594/2073 1933/3297/1940
f 1592/3299/1599 2067/3595/2074 2066/3594/2073
f 1685/3596/1692 2067/3595/2074 1592/3299/1599
f 1686/3122/1693 1989/3431/1996 2068/3597/2075
f 1686/2963/1693 2069/3598/2076 1769/2961/1776
f 1597/3437/1604 2070/3599/2077 1595/3600/1602
f 1489/3132/1496 1994/3441/2001 1853/3133/1860
f 1995/3446/2002 2071/3601/2078 1771/2966/1778
f 1772/3302/1779 2072/3602/2079 1935/3303/1942
f 1690/3603/1697 1856/3604/1863 2073/3605/2080
f 1855/3308/1862 1858/3140/1865 2074/3606/2081
f 1603/2686/1610 2075/3607/2082 1858/3140/1865
f 1692/3608/1699 1998/3609/2005 1859/3456/1866
f 1937/3310/1944 1691/3610/1698 1936/3611/1943
f 1603/2686/1610 1860/3455/1867 2075/3607/2082
f 1937/3310/1944 2001/3459/2008 1611/2974/1618
f 1861/3452/1868 1695/3612/1702 2076/3613/2083
f 1695/3612/1702 1612/3614/1619 2076/3613/2083
f 1939/3314/1946 1940/3316/1947 2077/3615/2084
f 1697/2977/1704 1776/2976/1783 2078/3616/2085
f 1776/2976/1783 2004/3462/2011 2078/3616/2085
f 1941/3617/1948 1514/2356/1521 1862/3618/1869
f 1698/3146/1705 2079/3619/2086 1396/2360/1403
f 1395/2359/1402 2007/3466/2014 1862/3147/1869
f 1397/2704/1404 2008/3620/2015 2007/3466/2014
f 1699/2847/1706 2080/3621/2087 1700/2848/1707
f 1399/2365/1406 1702/2850/1709 1518/3622/1525
f 1400/2367/1407 1946/3327/1953 1945/3325/1952
f 1521/2554/1528 1704/2855/1711 1863/3148/1870
f 1864/3149/1871 2081/3623/2088 1704/3150/1711
f 1865/3152/1872 2010/3469/2017 1705/3624/1712
f 1703/2985/1710 1620/3625/1627 1864/3326/1871
f 1620/2717/1627 2014/3480/2021 2082/3626/2089
f 1948/3475/1955 2083/3627/2090 1708/3628/1715
f 1708/3628/1715 2083/3627/2090 1629/3629/1636
f 1950/3334/1957 2084/3630/2091 1868/3159/1875
f 1629/3629/1636 2085/3631/2092 1633/3632/1640
f 1784/3633/1791 2086/3634/2093 1785/3635/1792
f 2084/3630/2091 2016/3485/2023 1868/3159/1875
f 1633/3632/1640 2085/3631/2092 1709/3636/1716
f 1711/3340/1718 2020/3491/2027 1954/3341/1961
f 1636/2736/1643 1957/3347/1964 2017/3486/2024
f 2019/3637/2026 2087/3638/2094 2018/3639/2025
f 2019/3640/2026 2088/3641/2095 2087/3642/2094
f 1871/3345/1878 2089/3643/2096 1873/3177/1880
f 1718/2880/1725 2022/3498/2029 1958/3348/1965
f 1791/3180/1798 1875/3179/1882 2090/3644/2097
f 1793/3185/1800 1877/3184/1884 2091/3645/2098
f 1878/3646/1885 1643/2751/1650 1721/2883/1728
f 2025/3507/2032 1961/3357/1968 1723/3356/1730
f 1724/3647/1731 1645/3648/1652 2026/3649/2033
f 1881/3189/1888 2092/3650/2099 1545/3361/1552
f 1545/3361/1552 2092/3650/2099 1321/2263/1328
f 2092/3650/2099 2030/3519/2037 1321/2263/1328
f 2031/3520/2038 2093/3651/2100 1262/2158/1269
f 2093/3651/2100 1883/3194/1890 1262/2158/1269
f 1882/3193/1889 1647/3195/1654 2094/3652/2101
f 1884/3196/1891 1727/2893/1734 2095/3653/2102
f 1546/2593/1553 2096/3654/2103 1728/2894/1735
f 1437/2429/1444 2097/3655/2104 1547/2594/1554
f 1730/2896/1737 2033/3522/2040 1964/3365/1971
f 1801/3204/1808 1963/3362/1970 2034/3656/2041
f 1886/3199/1893 2098/3657/2105 1887/3200/1894
f 1728/3029/1735 2099/3658/2106 1799/3027/1806
f 1437/2429/1444 1888/3202/1895 2097/3655/2104
f 1884/3196/1891 2035/3528/2042 1800/3526/1807
f 1804/3037/1811 1966/3368/1973 2100/3659/2107
f 1552/2603/1559 2101/3660/2108 1805/3038/1812
f 1891/3215/1898 1810/3214/1817 2102/3661/2109
f 2036/3533/2043 2103/3662/2110 1890/3534/1897
f 1810/3214/1817 1735/3213/1742 2102/3661/2109
f 1734/2900/1741 2104/3663/2111 1735/3213/1742
f 2039/3540/2046 2105/3664/2112 2040/3541/2047
f 2039/3540/2046 2106/3665/2113 2105/3664/2112
f 1895/3222/1902 2107/3666/2114 1892/3217/1899
f 1895/3222/1902 2108/3667/2115 2107/3666/2114
f 1895/3222/1902 1899/3374/1906 2108/3667/2115
f 1898/3668/1905 2109/3669/2116 1814/3670/1821
f 1969/3377/1976 2110/3671/2117 1900/3378/1907
f 1819/3068/1826 1904/3546/1911 2111/3672/2118
f 1745/3549/1752 1975/3548/1982 1972/3673/1979
f 1664/3247/1671 1909/3246/1916 1977/3674/1984
f 1977/3397/1984 2042/3675/2049 1902/3395/1909
f 1905/3239/1912 2112/3676/2119 1820/3240/1827
f 1822/3405/1829 2044/3557/2051 1974/3677/1981
f 1978/3398/1985 1979/3406/1986 1823/3071/1830
f 1824/3073/1831 2113/3678/2120 1826/3078/1833
f 1751/3403/1758 2114/3679/2121 1829/3084/1836
f 1752/3556/1759 1910/3250/1917 2115/3680/2122
f 1911/3681/1918 2115/3680/2122 2116/3682/2123
f 1752/3556/1759 2115/3680/2122 1911/3681/1918
f 1911/3681/1918 2116/3682/2123 1832/3683/1839
f 2116/3684/2123 2047/3685/2054 1832/3686/1839
f 1913/3260/1920 2117/3687/2124 1672/2793/1679
f 1578/2642/1585 2118/3688/2125 1470/2643/1477
f 1470/2643/1477 2118/3688/2125 1980/3689/1987
f 1917/3269/1924 2119/3690/2126 1835/3094/1842
f 1983/3419/1990 2052/3691/2059 2120/3692/2127
f 1983/3419/1990 2120/3692/2127 1843/3109/1850
f 2050/3693/2057 2121/3694/2128 1920/3414/1927
f 1920/3414/1927 2121/3694/2128 1839/3102/1846
f 1918/3270/1925 2122/3695/2129 1919/3271/1926
f 2054/3570/2061 2053/3569/2060 2123/3696/2130
f 1982/3417/1989 2124/3697/2131 2050/3564/2057
f 1919/3271/1926 2125/3698/2132 2056/3699/2063
f 2122/3695/2129 2125/3698/2132 1919/3271/1926
f 2124/3700/2131 2126/3701/2133 2127/3702/2134
f 2124/3700/2131 2055/3574/2062 2126/3701/2133
f 1982/3575/1989 2055/3574/2062 2124/3700/2131
f 2052/3703/2059 1844/3704/1851 2128/3705/2135
f 2057/3582/2064 2129/3706/2136 2055/3580/2062
f 2055/3580/2062 2129/3706/2136 2130/3707/2137
f 1984/3420/1991 1677/2803/1684 2131/3708/2138
f 1476/2486/1483 1841/3107/1848 2059/3586/2066
f 1842/3425/1849 2132/3709/2139 1986/3426/1993
f 2057/3710/2064 2133/3711/2140 2129/3712/2136
f 2057/3582/2064 1928/3584/1935 2133/3713/2140
f 1924/3277/1931 1985/3714/1992 1845/3280/1852
f 2133/3715/2140 1928/3716/1935 2134/3717/2141
f 1846/3113/1853 2061/3589/2068 1844/3114/1851
f 1928/3718/1935 1987/3719/1994 2134/3720/2141
f 1930/3291/1937 2135/3721/2142 1683/2818/1690
f 1484/3117/1491 2136/3722/2143 2064/3592/2071
f 1483/2498/1490 1767/2959/1774 2065/3593/2072
f 1685/3596/1692 2137/3723/2144 2067/3595/2074
f 1992/3435/1999 1687/3440/1694 1596/3436/1603
f 1688/3724/1695 1770/3129/1777 2138/3725/2145
f 1934/3300/1941 2139/3726/2146 1598/2826/1605
f 2139/3726/2146 1995/3446/2002 1598/2826/1605
f 1772/3302/1779 1996/3727/2003 2072/3602/2079
f 1998/3609/2005 2140/3728/2147 1859/3456/1866
f 2001/3459/2008 2141/3729/2148 1696/2842/1703
f 1612/3614/1619 1697/2977/1704 2076/3613/2083
f 1939/3314/1946 2077/3615/2084 1938/3312/1945
f 1696/2842/1703 2141/3729/2148 2002/3460/2009
f 2002/3460/2009 1778/2980/1785 1510/2529/1517
f 1777/2978/1784 2142/3730/2149 1940/3316/1947
f 1942/3319/1949 2142/3731/2149 1777/3320/1784
f 2143/3732/2150 1943/3323/1950 1394/2537/1401
f 1515/2539/1522 2144/3733/2151 1942/3322/1949
f 1517/2542/1524 1863/3148/1870 1944/3324/1951
f 1947/3474/1954 2012/3472/2019 2145/3734/2152
f 2145/3735/2152 1782/2990/1789 1947/3329/1954
f 1781/2988/1788 2011/3470/2018 2146/3736/2153
f 1620/3737/1627 2081/3738/2088 1864/3739/1871
f 1620/2717/1627 2082/3626/2089 2081/3740/2088
f 1781/3478/1788 2146/3741/2153 2013/3479/2020
f 1783/3333/1790 2147/3742/2154 2012/3472/2019
f 2014/3743/2021 2148/3744/2155 2082/3745/2089
f 1783/3333/1790 1949/3332/1956 2147/3742/2154
f 1866/3155/1873 2149/3746/2156 1950/3334/1957
f 2083/3627/2090 2085/3631/2092 1629/3629/1636
f 1867/3747/1874 1631/3748/1638 1786/3342/1793
f 2015/3484/2022 1710/2867/1717 2150/3749/2157
f 1871/3345/1878 1709/3636/1716 2085/3631/2092
f 2150/3749/2157 1710/2867/1717 1953/3339/1960
f 2151/3750/2158 1870/3168/1877 2016/3485/2023
f 1953/3488/1960 2018/3487/2025 2150/3751/2157
f 2150/3751/2157 2018/3487/2025 2152/3752/2159
f 1870/3168/1877 2152/3753/2159 2019/3489/2026
f 2153/3754/2160 1872/3172/1879 1787/2996/1794
f 2152/3755/2159 2088/3756/2095 2019/3757/2026
f 2154/3758/2161 2018/3759/2025 2087/1805/2094
f 2155/3760/2162 1790/3002/1797 1958/3348/1965
f 1716/2875/1723 1641/2748/1648 2156/3761/2163
f 2156/3761/2163 1641/2748/1648 1719/2881/1726
f 2157/3762/2164 1637/2738/1644 1872/3172/1879
f 2158/3763/2165 2090/3644/2097 1875/3179/1882
f 2090/3764/2097 2022/3498/2029 1791/3003/1798
f 2157/3762/2164 2159/3765/2166 1637/2738/1644
f 1637/2738/1644 2159/3765/2166 1428/2417/1435
f 2160/3766/2167 1877/3184/1884 1792/3767/1799
f 2160/3766/2167 2091/3645/2098 1877/3184/1884
f 2091/3645/2098 1879/3768/1886 1793/3185/1800
f 2161/3769/2168 2024/3505/2031 1961/3357/1968
f 2162/3770/2169 1880/3352/1887 1959/3771/1966
f 2162/3770/2169 1960/3353/1967 1880/3352/1887
f 2025/3507/2032 1794/3506/1801 2163/3772/2170
f 1960/3773/1967 2026/3649/2033 1645/3648/1652
f 1794/3506/1801 1795/3774/1802 2163/3772/2170
f 2163/3772/2170 1795/3774/1802 2164/3775/2171
f 2027/3510/2034 2164/3776/2171 1795/3018/1802
f 1883/3194/1890 2096/3654/2103 1546/2593/1553
f 2095/3653/2102 1727/2893/1734 2165/3777/2172
f 1647/2755/1654 1547/2594/1554 2097/3655/2104
f 1963/3364/1970 1887/3200/1894 2166/3778/2173
f 1727/2893/1734 1885/3197/1892 2165/3777/2172
f 2165/3777/2172 1885/3197/1892 2167/3779/2174
f 2166/3778/2173 1887/3200/1894 2098/3657/2105
f 1797/3022/1804 1798/3024/1805 2032/3521/2039
f 2168/3780/2175 2032/3521/2039 1799/3027/1806
f 1651/2761/1658 2169/3781/2176 2033/3522/2040
f 2170/3782/2177 1885/3197/1892 1803/3034/1810
f 1803/3034/1810 1965/3366/1972 2170/3782/2177
f 2171/3783/2178 1889/3367/1896 1802/3784/1809
f 2171/3783/2178 1802/3784/1809 2172/3785/2179
f 2172/3786/2179 1802/3787/1809 2034/3656/2041
f 1965/3366/1972 1657/3039/1664 2173/3788/2180
f 2173/3788/2180 1657/3039/1664 1806/3041/1813
f 2169/3781/2176 1651/2761/1658 1807/3203/1814
f 2174/3789/2181 1807/3790/1814 1804/3791/1811
f 2175/3792/2182 1886/3199/1893 1967/3370/1974
f 2176/3793/2183 1967/3370/1974 1891/3215/1898
f 2102/3661/2109 1735/3213/1742 2104/3663/2111
f 2177/3794/2184 1805/3038/1812 2101/3660/2108
f 2178/3795/2185 2039/3540/2046 1805/3038/1812
f 2106/3796/2113 2039/3797/2046 2178/3798/2185
f 2179/3799/2186 1892/3217/1899 2107/3666/2114
f 1898/3543/1905 2040/3541/2047 2180/3800/2187
f 2180/3800/2187 2040/3541/2047 2105/3664/2112
f 2110/3801/2117 1899/3802/1906 1900/3803/1907
f 2109/3804/2116 2041/3545/2048 1814/3544/1821
f 2041/3545/2048 2181/3805/2188 1901/3230/1908
f 2182/3806/2189 1969/3377/1976 1970/3382/1977
f 2183/3807/2190 1969/3377/1976 2182/3806/2189
f 2183/3807/2190 2110/3671/2117 1969/3377/1976
f 2181/3805/2188 1821/3233/1828 1901/3230/1908
f 2182/3806/2189 1970/3382/1977 1903/3808/1910
f 2184/3809/2191 2182/3810/2189 1903/3811/1910
f 2181/3805/2188 1971/3384/1978 1821/3233/1828
f 1905/3239/1912 1819/3061/1826 2111/3812/2118
f 2184/3813/2191 1903/3552/1910 2042/3551/2049
f 1973/3387/1980 1820/3240/1827 2112/3676/2119
f 1909/3246/1916 2185/3814/2192 1977/3674/1984
f 2186/3815/2193 1979/3406/1986 1978/3398/1985
f 2187/3816/2194 1824/3817/1831 1912/3257/1919
f 2114/3679/2121 1827/3818/1834 1826/3078/1833
f 1827/3818/1834 2114/3679/2121 1751/3403/1758
f 2188/3819/2195 1829/3084/1836 2114/3679/2121
f 2188/3819/2195 1913/3260/1920 1829/3084/1836
f 2115/3680/2122 1910/3250/1917 2189/3820/2196
f 1914/3263/1921 2190/3821/2197 1830/3264/1837
f 2191/3822/2198 1915/3265/1922 1831/3088/1838
f 2118/3823/2125 1578/2939/1585 1916/3267/1923
f 2192/3824/2199 1579/2646/1586 1672/2793/1679
f 2193/3825/2200 1676/2802/1683 1675/2798/1682
f 2194/3826/2201 1918/3413/1925 1837/3412/1844
f 2195/3827/2202 2120/3828/2127 2052/3703/2059
f 2196/3829/2203 2122/3830/2129 1918/3413/1925
f 2197/3831/2204 2127/3832/2134 2126/3833/2133
f 2197/3834/2204 2124/3835/2131 2127/3836/2134
f 2050/3564/2057 2124/3697/2131 2197/3837/2204
f 2196/3838/2203 2125/3839/2132 2122/3840/2129
f 2195/3827/2202 2052/3703/2059 2128/3705/2135
f 2197/3831/2204 2126/3833/2133 2130/3841/2137
f 2198/3842/2205 1677/2803/1684 2049/3563/2056
f 2198/3842/2205 2131/3708/2138 1677/2803/1684
f 2199/3843/2206 2051/3565/2058 1757/2944/1764
f 2130/3707/2137 2126/3844/2133 2055/3580/2062
f 2199/3845/2206 1757/3583/1764 1984/3420/1991
f 2200/1213/2207 1842/3578/1849 2056/3577/2063
f 2201/3846/2208 2053/3569/2060 1926/3284/1933
f 2200/3847/2207 2132/3848/2139 1842/3849/1849
f 2128/3850/2135 1844/3114/1851 2061/3589/2068
f 2202/3851/2209 1764/2956/1771 1843/3281/1850
f 1926/3284/1933 2058/3852/2065 2201/3846/2208
f 2203/3853/2210 2129/3712/2136 2133/3711/2140
f 2204/3854/2211 2129/3712/2136 2203/3853/2210
f 2205/3855/2212 2206/3856/2213 1986/3857/1993
f 2132/3858/2139 2205/3855/2212 1986/3857/1993
f 2207/3859/2214 2058/3860/2065 1985/3861/1992
f 1988/3862/1995 1986/3857/1993 2208/3863/2215
f 1986/3857/1993 2209/3864/2216 2208/3863/2215
f 1986/3857/1993 2206/3856/2213 2209/3864/2216
f 2210/3865/2217 2209/3864/2216 2206/3856/2213
f 2060/3866/2067 1846/3867/1853 1764/3868/1771
f 2211/3869/2218 2134/3720/2141 1987/3719/1994
f 1588/2669/1595 2063/3591/2070 1930/3291/1937
f 1365/2316/1372 2212/3870/2219 1068/1839/1075
f 1068/1839/1075 2212/3870/2219 1848/3118/1855
f 1848/3118/1855 2213/3871/2220 1849/3119/1856
f 2066/3594/2073 2214/3872/2221 1933/3297/1940
f 1685/3596/1692 2215/3873/2222 2137/3723/2144
f 1989/3874/1996 1990/3875/1997 2216/3876/2223
f 1991/3433/1998 2217/3877/2224 1990/3432/1997
f 1989/3874/1996 2216/3876/2223 2218/3878/2225
f 2219/3879/2226 1992/3435/1999 1850/3434/1857
f 1768/3880/1775 1595/3600/1602 1991/3881/1998
f 1770/3129/1777 1852/3128/1859 2138/3725/2145
f 1993/3442/2000 1935/3444/1942 2220/3882/2227
f 2139/3726/2146 2221/3883/2228 1995/3446/2002
f 1935/3303/1942 2072/3602/2079 2222/3884/2229
f 1690/3130/1697 2073/3885/2080 1852/3128/1859
f 2071/3601/2078 1857/3137/1864 1771/2966/1778
f 2073/3605/2080 1856/3604/1863 2223/3886/2230
f 1855/3308/1862 2074/3606/2081 2224/3887/2231
f 1773/2970/1780 1999/3453/2006 2225/3888/2232
f 1937/3310/1944 2226/3889/2233 2001/3459/2008
f 1860/3455/1867 1938/3312/1945 2075/3607/2082
f 1859/3456/1866 2140/3728/2147 2000/3457/2007
f 1861/3452/1868 2076/3613/2083 1999/3453/2006
f 2076/3613/2083 1697/2977/1704 2227/3890/2234
f 1697/2977/1704 2078/3616/2085 2227/3890/2234
f 1940/3316/1947 2142/3730/2149 2228/3891/2235
f 2002/3460/2009 2229/3892/2236 1778/2980/1785
f 1778/2980/1785 2229/3892/2236 2006/3465/2013
f 1942/3319/1949 2230/3893/2237 2142/3731/2149
f 1698/3146/1705 2006/3465/2013 2079/3619/2086
f 2079/3619/2086 2231/3894/2238 1396/2360/1403
f 1617/2706/1624 1701/2849/1708 2008/3467/2015
f 1515/2539/1522 2232/3895/2239 2144/3733/2151
f 1029/1765/1036 2009/3896/2016 1398/2364/1405
f 1702/3897/1709 2233/3898/2240 1518/2545/1525
f 1704/2855/1711 2234/3899/2241 1863/3148/1870
f 1704/2855/1711 2081/3900/2088 2234/3899/2241
f 1518/2545/1525 2235/3901/2242 2010/3469/2017
f 2010/3477/2017 2235/3902/2242 2236/3903/2243
f 2081/3900/2088 2082/3745/2089 2237/3904/2244
f 2010/3477/2017 2236/3903/2243 1948/3475/1955
f 1948/3475/1955 2238/3905/2245 2083/3627/2090
f 1866/3155/1873 2013/3479/2020 2239/3906/2246
f 2014/3743/2021 1785/3635/1792 2148/3744/2155
f 1866/3155/1873 2239/3906/2246 2149/3746/2156
f 2148/3744/2155 1785/3635/1792 2086/3634/2093
f 1950/3334/1957 2149/3746/2156 2084/3630/2091
f 2084/3630/2091 2240/3907/2247 2016/3485/2023
f 2086/3634/2093 1784/3633/1791 2017/3908/2024
f 2085/3631/2092 2089/3643/2096 1871/3345/1878
f 1870/3168/1877 2151/3750/2158 2152/3753/2159
f 2152/3909/2159 2018/3759/2025 2154/3758/2161
f 2152/3910/2159 2154/3911/2161 2088/3912/2095
f 2017/3908/2024 1957/3497/1964 2241/3913/2248
f 1955/3344/1962 2242/3914/2249 2020/3491/2027
f 1955/3344/1962 1956/3915/1963 2242/3914/2249
f 1790/3496/1797 2155/3916/2162 1957/3497/1964
f 1717/2876/1724 2158/3763/2165 1875/3179/1882
f 2243/3917/2250 1792/3005/1799 1720/3181/1727
f 1961/3357/1968 2244/3918/2251 2161/3769/2168
f 1961/3357/1968 2025/3507/2032 2244/3918/2251
f 2028/3514/2035 1726/3513/1733 2029/3919/2036
f 1882/3920/1889 2245/3921/2252 1322/3922/1329
f 1882/3920/1889 2094/3923/2101 2245/3921/2252
f 1884/3196/1891 2095/3653/2102 2035/3528/2042
f 1886/3199/1893 2175/3792/2182 2098/3657/2105
f 2170/3782/2177 2167/3779/2174 1885/3197/1892
f 1799/3027/1806 2099/3658/2106 2168/3780/2175
f 2096/3924/2103 2099/3658/2106 1728/3029/1735
f 1806/3041/1813 1797/3022/1804 2246/3925/2253
f 1966/3368/1973 2247/3926/2254 2100/3659/2107
f 2036/3529/2043 2035/3528/2042 2248/3927/2255
f 2036/3529/2043 2248/3927/2255 2103/3928/2110
f 1552/2603/1559 2249/3929/2256 2101/3660/2108
f 1890/3210/1897 2249/3929/2256 1552/2603/1559
f 2176/3793/2183 1891/3215/1898 2102/3661/2109
f 1734/2900/1741 1968/3371/1975 2104/3663/2111
f 2037/3535/2044 1654/2768/1661 2038/3536/2045
f 1892/3217/1899 2250/3930/2257 1555/2608/1562
f 1892/3217/1899 2179/3799/2186 2250/3930/2257
f 2180/3931/2187 2105/3932/2112 2251/3933/2258
f 2108/3667/2115 2252/3934/2259 2107/3666/2114
f 2180/3935/2187 2253/3936/2260 1898/3668/1905
f 2108/3667/2115 1899/3374/1906 2254/3937/2261
f 1898/3668/1905 2253/3936/2260 2109/3669/2116
f 2254/3937/2261 1899/3374/1906 2110/3938/2117
f 2255/3939/2262 2256/3940/2263 2041/3545/2048
f 2109/3804/2116 2255/3939/2262 2041/3545/2048
f 2041/3545/2048 2256/3940/2263 2181/3805/2188
f 2182/3806/2189 2257/3941/2264 2183/3807/2190
f 1971/3384/1978 2258/3942/2265 1908/3245/1915
f 1908/3245/1915 2259/3943/2266 1904/3237/1911
f 2186/3815/2193 1978/3398/1985 1973/3387/1980
f 1981/3554/1988 2260/3944/2267 2261/3945/2268
f 1981/3554/1988 2261/3945/2268 2043/3555/2050
f 1826/3078/1833 2113/3678/2120 2114/3679/2121
f 2044/3946/2051 1830/3264/1837 2190/3821/2197
f 2117/3687/2124 2192/3824/2199 1672/2793/1679
f 2118/3823/2125 2262/3947/2269 2263/3948/2270
f 2118/3823/2125 1916/3267/1923 2262/3947/2269
f 1916/3267/1923 1834/3093/1841 2264/3949/2271
f 2264/3949/2271 1834/3093/1841 1835/3094/1842
f 2049/3563/2056 1676/2802/1683 2193/3825/2200
f 1918/3413/1925 2265/3950/2272 2196/3829/2203
f 2266/3951/2273 2123/3696/2130 2053/3569/2060
f 2054/3952/2061 2267/3953/2274 1922/3954/1929
f 2197/3837/2204 2268/3955/2275 2050/3564/2057
f 2050/3693/2057 2268/3956/2275 2121/3694/2128
f 2121/3694/2128 2269/3957/2276 1839/3102/1846
f 1839/3102/1846 2269/3957/2276 1841/3107/1848
f 2267/3958/2274 1924/3277/1931 1922/3276/1929
f 2130/3707/2137 2129/3706/2136 2270/3959/2277
f 1984/3420/1991 2131/3708/2138 2199/3845/2206
f 2129/3706/2136 2204/3960/2211 2270/3959/2277
f 2132/3961/2139 2271/3962/2278 2205/3963/2212
f 2205/3963/2212 2271/3962/2278 2272/3964/2279
f 2273/3965/2280 2274/3966/2281 2134/3967/2141
f 2134/3717/2141 2274/3968/2281 2133/3715/2140
f 2059/3586/2066 2275/3969/2282 1927/3587/1934
f 2205/3855/2212 2276/3970/2283 2206/3856/2213
f 2201/3846/2208 2058/3852/2065 2207/3971/2214
f 1924/3277/1931 2277/3972/2284 1985/3714/1992
f 2134/3720/2141 2211/3869/2218 2273/3973/2280
f 1764/2956/1771 2278/3974/2285 2060/3975/2067
f 2061/3589/2068 2060/3588/2067 2279/3976/2286
f 2209/3864/2216 2280/3977/2287 2208/3863/2215
f 2209/3864/2216 2210/3865/2217 2280/3977/2287
f 1987/3428/1994 1683/2818/1690 2135/3721/2142
f 2281/3978/2288 1929/3290/1936 1988/3429/1995
f 1929/3290/1936 2282/3979/2289 2062/3590/2069
f 2062/3590/2069 2283/3980/2290 1931/3292/1938
f 1482/2497/1489 1931/3981/1938 1590/2671/1597
f 1847/3116/1854 2212/3870/2219 1365/2316/1372
f 1484/3117/1491 2065/3982/2072 2136/3722/2143
f 1850/3434/1857 1933/3983/1940 2219/3879/2226
f 1933/3297/1940 2214/3872/2221 2284/3984/2291
f 2137/1004/2144 2285/3985/2292 2067/3986/2074
f 1989/3431/1996 2218/3987/2225 2068/3597/2075
f 2066/3988/2073 2286/3989/2293 2214/3990/2221
f 2066/3991/2073 2067/3992/2074 2286/3993/2293
f 2286/3993/2293 2067/3992/2074 2287/3994/2294
f 2067/3986/2074 2285/3985/2292 2288/3995/2295
f 2215/3996/2222 1685/3997/1692 2138/3725/2145
f 2218/3878/2225 2216/3876/2223 2289/3998/2296
f 1991/3881/1998 1595/3600/1602 2070/3599/2077
f 2068/3999/2075 2218/3878/2225 2290/4000/2297
f 2067/3992/2074 2288/4001/2295 2287/3994/2294
f 1685/3997/1692 1688/3724/1695 2138/3725/2145
f 2218/3878/2225 2289/3998/2296 2290/4000/2297
f 1992/3435/1999 2291/4002/2298 1687/3440/1694
f 1597/3437/1604 1993/3439/2000 2070/3599/2077
f 2070/4003/2077 1993/3442/2000 2220/3882/2227
f 2291/4002/2298 1994/3441/2001 1687/3440/1694
f 2071/3601/2078 2292/4004/2299 1857/3137/1864
f 1773/2970/1780 2293/4005/2300 1856/3305/1863
f 1773/2970/1780 2225/3888/2232 2293/4005/2300
f 1858/3140/1865 2075/3607/2082 2074/3606/2081
f 1936/3611/1943 2294/4006/2301 1937/3310/1944
f 2294/4006/2301 2226/3889/2233 1937/3310/1944
f 2295/4007/2302 2076/3613/2083 2227/3890/2234
f 1938/3312/1945 2077/3615/2084 2075/3607/2082
f 2296/4008/2303 1775/2975/1782 2000/3457/2007
f 2141/3729/2148 2297/4009/2304 2002/3460/2009
f 2002/3460/2009 2297/4009/2304 2229/3892/2236
f 2143/3732/2150 1394/2537/1401 2005/3463/2012
f 1942/3322/1949 2144/3733/2151 2230/4010/2237
f 1396/2360/1403 2231/3894/2238 1616/2705/1623
f 1943/3323/1950 2080/3621/2087 1699/2847/1706
f 1515/2539/1522 1398/2540/1405 2232/3895/2239
f 1398/2364/1405 2009/3896/2016 2232/4011/2239
f 2298/4012/2305 2299/4013/2306 1516/2541/1523
f 1701/4014/1708 1283/2194/1290 2300/4015/2307
f 1283/2194/1290 1944/3324/1951 2300/4015/2307
f 2301/4016/2308 1779/2983/1786 1700/2848/1707
f 2299/4013/2306 1702/2850/1709 1516/2541/1523
f 1779/4017/1786 2302/4018/2309 1286/2201/1293
f 1286/2201/1293 2302/4018/2309 1780/2987/1787
f 2303/4019/2310 1863/3148/1870 2234/3899/2241
f 1780/2987/1787 2011/3470/2018 1621/2718/1628
f 2304/4020/2311 2153/3754/2160 1787/2996/1794
f 2305/4021/2312 2152/4022/2159 2306/4023/2313
f 2154/4024/2161 2087/4025/2094 2088/4026/2095
f 2242/4027/2249 1956/3346/1963 1874/3493/1881
f 2021/3494/2028 1716/2875/1723 2307/4028/2314
f 2155/3760/2162 1958/3348/1965 2022/3498/2029
f 2307/4028/2314 1716/2875/1723 2156/3761/2163
f 2308/4029/2315 2022/3498/2029 2090/3764/2097
f 2023/3499/2030 1719/2881/1726 1539/2586/1546
f 2023/3499/2030 1876/3182/1883 2309/4030/2316
f 2243/4031/2250 2310/4032/2317 2160/3766/2167
f 2243/4031/2250 2160/3766/2167 1792/3767/1799
f 2310/4032/2317 2091/3645/2098 2160/3766/2167
f 1876/3182/1883 1643/3007/1650 2309/4030/2316
f 1643/4033/1650 1878/4034/1885 2309/4035/2316
f 2311/4036/2318 2244/3918/2251 2025/3507/2032
f 2025/4037/2032 2163/4038/2170 2311/4039/2318
f 2312/4040/2319 2026/3649/2033 1960/3773/1967
f 2164/3775/2171 2313/4041/2320 2163/3772/2170
f 1796/4042/1803 1322/4043/1329 2245/4044/2252
f 2314/4045/2321 1883/3194/1890 2093/3651/2100
f 2172/3786/2179 2034/3656/2041 1963/3362/1970
f 2315/4046/2322 1965/4047/1972 2173/4048/2180
f 2169/3781/2176 1807/3203/1814 2174/4049/2181
f 2171/3783/2178 1966/3368/1973 1889/3367/1896
f 2175/3792/2182 1967/3370/1974 2176/3793/2183
f 2104/3663/2111 1968/3371/1975 2037/3535/2044
f 2178/3795/2185 1805/3038/1812 2177/3794/2184
f 2038/3536/2045 1555/2608/1562 2250/3930/2257
f 2251/4050/2258 2105/3664/2112 2316/4051/2323
f 2316/4051/2323 2105/3664/2112 2106/3665/2113
f 2179/3799/2186 2107/3666/2114 2317/4052/2324
f 2317/4053/2324 2107/4054/2114 2252/4055/2259
f 2251/3933/2258 2253/4056/2260 2180/3931/2187
f 2252/4057/2259 2108/4058/2115 2254/4059/2261
f 2318/4060/2325 2109/3669/2116 2253/3936/2260
f 2318/4060/2325 2319/4061/2326 2109/3669/2116
f 2254/4062/2261 2110/4063/2117 2320/4064/2327
f 2109/3804/2116 2319/4065/2326 2255/3939/2262
f 2319/4066/2326 2321/4067/2328 2255/4068/2262
f 2110/4063/2117 2322/4069/2329 2320/4064/2327
f 2323/4070/2330 2255/4068/2262 2321/4067/2328
f 2323/4070/2330 2256/4071/2263 2255/4068/2262
f 2324/4072/2331 2181/3805/2188 2256/3940/2263
f 2325/4073/2332 2110/4063/2117 2183/4074/2190
f 2325/4073/2332 2183/4074/2190 2257/4075/2264
f 2326/4076/2333 2181/3805/2188 2324/4072/2331
f 2184/3809/2191 2327/1539/2334 2182/3810/2189
f 2327/4077/2334 2257/3941/2264 2182/3806/2189
f 2326/4076/2333 1971/3384/1978 2181/3805/2188
f 1972/3386/1979 2328/4078/2335 1907/3243/1914
f 2328/4078/2335 1976/3394/1983 1907/3243/1914
f 2329/4079/2336 2184/3813/2191 2042/3551/2049
f 2329/4079/2336 2327/4080/2334 2184/3813/2191
f 2330/4081/2337 1909/3246/1916 1976/3394/1983
f 2329/4082/2336 1977/3674/1984 2185/3814/2192
f 2329/4083/2336 2042/3675/2049 1977/3397/1984
f 2331/4084/2338 1906/4085/1913 1974/4086/1981
f 2331/4087/2338 1975/3393/1982 1906/3392/1913
f 2332/4088/2339 2188/3819/2195 2114/3679/2121
f 2189/3820/2196 2333/4089/2340 2115/3680/2122
f 2333/4089/2340 2116/3682/2123 2115/3680/2122
f 2334/4090/2341 2045/3558/2052 1979/3406/1986
f 2113/3678/2120 1824/3073/1831 2187/4091/2194
f 2189/3820/2196 1910/3250/1917 2043/3555/2050
f 2048/3562/2055 2190/4092/2197 1914/3261/1921
f 2045/3558/2052 2191/3822/2198 1831/3088/1838
f 2047/3561/2054 2048/3562/2055 1833/3091/1840
f 2192/3824/2199 1675/2798/1682 1579/2646/1586
f 2193/3825/2200 1675/2798/1682 2192/3824/2199
f 2262/3947/2269 1916/3267/1923 2264/3949/2271
f 2119/3690/2126 2264/3949/2271 1835/3094/1842
f 2335/4093/2342 1918/3413/1925 2194/3826/2201
f 2335/4093/2342 2265/3950/2272 1918/3413/1925
f 2336/4094/2343 2119/3690/2126 1917/3269/1924
f 2266/3951/2273 2053/3569/2060 2201/3846/2208
f 2200/4095/2207 2056/4096/2063 2337/4097/2344
f 2337/4098/2344 2125/3839/2132 2196/3838/2203
f 2337/4097/2344 2056/4096/2063 2125/4099/2132
f 2338/4100/2345 2130/3707/2137 2270/3959/2277
f 2267/3958/2274 2339/4101/2346 1924/3277/1931
f 2340/4102/2347 1925/3279/1932 1927/3287/1934
f 2341/4103/2348 2274/4104/2281 2273/4105/2280
f 2202/3851/2209 2278/3974/2285 1764/2956/1771
f 2201/3846/2208 2207/3971/2214 2342/4106/2349
f 2277/3972/2284 2207/4107/2214 1985/3714/1992
f 2210/3865/2217 2206/3856/2213 2276/3970/2283
f 2273/3973/2280 2211/3869/2218 2343/4108/2350
f 2281/4109/2288 2208/3863/2215 2344/4110/2351
f 1987/3719/1994 2345/4111/2352 2211/3869/2218
f 2281/4109/2288 1988/3862/1995 2208/3863/2215
f 1987/3719/1994 2135/4112/2142 2345/4111/2352
f 1930/3291/1937 2063/3591/2070 2346/4113/2353
f 2347/4114/2354 1686/3122/1693 2068/3597/2075
f 2214/3990/2221 2286/3989/2293 2348/4115/2355
f 2347/4116/2354 2068/4117/2075 2349/4118/2356
f 2350/4119/2357 2289/4120/2296 2216/4121/2223
f 1990/4122/1997 2350/4119/2357 2216/4121/2223
f 2068/4117/2075 2290/4123/2297 2349/4118/2356
f 2350/4119/2357 2351/4124/2358 2289/4120/2296
f 2286/4125/2293 2287/4126/2294 2352/4127/2359
f 2285/3985/2292 2353/4128/2360 2288/3995/2295
f 2354/4129/2361 1851/3125/1858 1769/2961/1776
f 2353/4130/2360 2287/4126/2294 2288/4131/2295
f 2352/4127/2359 2287/4126/2294 2353/4130/2360
f 2354/4129/2361 2139/3726/2146 1851/3125/1858
f 2351/4132/2358 2290/4133/2297 2289/4134/2296
f 2349/4135/2356 2290/4133/2297 2351/4132/2358
f 2139/3726/2146 1934/3300/1941 1851/3125/1858
f 2355/4136/2362 1995/3446/2002 2221/3883/2228
f 1853/3133/1860 1994/3441/2001 2356/4137/2363
f 2355/4136/2362 2071/3601/2078 1995/3446/2002
f 2355/4136/2362 2292/4004/2299 2071/3601/2078
f 2357/4138/2364 2141/3729/2148 2001/3459/2008
f 1940/3316/1947 2228/3891/2235 2077/3615/2084
f 2228/3891/2235 2142/3730/2149 2358/4139/2365
f 2359/4140/2366 2004/4141/2011 1941/3617/1948
f 1941/3617/1948 1862/3618/1869 2359/4140/2366
f 2360/4142/2367 1701/4014/1708 2300/4015/2307
f 2232/3895/2239 2009/3468/2016 2361/4143/2368
f 2080/3621/2087 2301/4016/2308 1700/2848/1707
f 2009/3468/2016 1945/3325/1952 2362/4144/2369
f 2362/4144/2369 1945/3325/1952 2363/4145/2370
f 1944/3324/1951 1863/3148/1870 2303/4019/2310
f 2233/3898/2240 2364/4146/2371 1518/2545/1525
f 1945/3325/1952 1946/3327/1953 2363/4145/2370
f 2364/4146/2371 2235/3901/2242 1518/2545/1525
f 2365/4147/2372 1782/3328/1789 2145/3734/2152
f 2302/4018/2309 2366/4148/2373 1780/2987/1787
f 2366/4148/2373 2011/3470/2018 1780/2987/1787
f 2367/4149/2374 2013/3479/2020 2146/3741/2153
f 2368/4150/2375 2236/3903/2243 2235/3902/2242
f 2145/3734/2152 2012/3472/2019 2369/4151/2376
f 2238/3905/2245 1948/3475/1955 2236/3903/2243
f 2369/4151/2376 2012/3472/2019 2147/3742/2154
f 2370/4152/2377 2148/3744/2155 2371/4153/2378
f 2371/4153/2378 2148/3744/2155 2086/3634/2093
f 2372/4154/2379 2083/3627/2090 2238/3905/2245
f 2372/4154/2379 2373/4155/2380 2083/3627/2090
f 2147/3742/2154 1949/3332/1956 2374/4156/2381
f 1949/3332/1956 1867/3747/1874 2374/4156/2381
f 1867/3747/1874 1786/3342/1793 2374/4156/2381
f 2375/4157/2382 1951/3337/1958 1869/3336/1876
f 2375/4157/2382 2376/4158/2383 1951/3337/1958
f 2377/4159/2384 2015/3484/2022 2378/4160/2385
f 2304/4161/2311 1787/4162/1794 1952/4163/1959
f 2379/4164/2386 2086/3634/2093 2017/3908/2024
f 2015/3484/2022 2150/3749/2157 2378/4160/2385
f 2089/3643/2096 2085/3631/2092 2373/4155/2380
f 2151/3750/2158 2016/3485/2023 2240/3907/2247
f 2151/4165/2158 2306/4166/2313 2152/4167/2159
f 2150/3751/2157 2152/3752/2159 2380/4168/2387
f 2380/4169/2387 2152/4170/2159 2305/4171/2312
f 2153/3754/2160 2157/3762/2164 1872/3172/1879
f 2242/3914/2249 2381/4172/2388 2020/3491/2027
f 1874/3493/1881 2382/4173/2389 2242/4027/2249
f 1874/3493/1881 2021/4174/2028 2382/4173/2389
f 1873/3177/1880 2383/4175/2390 1717/2876/1724
f 1717/2876/1724 2383/4175/2390 2158/3763/2165
f 1428/2417/1435 2159/3765/2166 2384/4176/2391
f 1428/2417/1435 2384/4176/2391 1720/2882/1727
f 1720/3181/1727 2384/4177/2391 2243/3917/2250
f 1647/2755/1654 2097/3655/2104 2385/4178/2392
f 2095/3653/2102 2165/3777/2172 2386/4179/2393
f 2166/3778/2173 2387/4180/2394 1963/3364/1970
f 1964/3365/1971 2388/4181/2395 1888/3202/1895
f 2033/3522/2040 2388/4181/2395 1964/3365/1971
f 2033/3522/2040 2389/4182/2396 2388/4181/2395
f 2169/3781/2176 2389/4182/2396 2033/3522/2040
f 2032/3521/2039 2246/3925/2253 1797/3022/1804
f 1965/3366/1972 2315/4183/2322 2170/3782/2177
f 1966/3368/1973 2171/3783/2178 2247/3926/2254
f 2249/3929/2256 2390/4184/2397 2101/3660/2108
f 2038/3536/2045 2250/3930/2257 2391/4185/2398
f 2178/3798/2185 2316/4186/2323 2106/3796/2113
f 2250/3930/2257 2179/3799/2186 2392/4187/2399
f 2393/4188/2400 2251/4050/2258 2394/4189/2401
f 2316/4051/2323 2394/4189/2401 2251/4050/2258
f 2179/3799/2186 2395/4190/2402 2392/4187/2399
f 2317/4052/2324 2395/4190/2402 2179/3799/2186
f 2395/4190/2402 2317/4052/2324 2252/3934/2259
f 2251/4050/2258 2318/4191/2325 2253/4192/2260
f 2254/3937/2261 2320/4193/2327 2396/4194/2403
f 2254/3937/2261 2396/4194/2403 2252/3934/2259
f 2319/4195/2326 2397/4196/2404 2321/4197/2328
f 2256/3940/2263 2323/4198/2330 2324/4072/2331
f 2110/4063/2117 2325/4073/2332 2322/4069/2329
f 2111/3812/2118 2398/4199/2405 1905/3239/1912
f 1908/3245/1915 2258/3942/2265 2259/3943/2266
f 2186/3815/2193 2334/4090/2341 1979/3406/1986
f 2187/3816/2194 1912/3257/1919 2399/4200/2406
f 2114/3679/2121 2400/4201/2407 2332/4088/2339
f 2188/3819/2195 2332/4088/2339 2401/4202/2408
f 2114/3679/2121 2113/3678/2120 2400/4201/2407
f 1980/3409/1987 2260/4203/2267 1981/3410/1988
f 2043/3555/2050 2402/4204/2409 2189/3820/2196
f 2044/3946/2051 2190/3821/2197 2403/4205/2410
f 2047/3561/2054 2116/4206/2123 2404/4207/2411
f 1915/3265/1922 2191/3822/2198 2046/3560/2053
f 2047/3561/2054 2405/4208/2412 2048/3562/2055
f 2406/4209/2413 1843/3109/1850 2120/3692/2127
f 2265/3950/2272 2335/4093/2342 2407/4210/2414
f 2338/4211/2345 2268/3955/2275 2197/3837/2204
f 2408/4212/2415 2121/3694/2128 2268/3956/2275
f 2194/4213/2201 1837/3098/1844 2051/3565/2058
f 2337/4098/2344 2196/3838/2203 2407/4214/2414
f 2407/4214/2414 2196/3838/2203 2265/4215/2272
f 2197/3837/2204 2130/4216/2137 2338/4211/2345
f 2128/3705/2135 2409/4217/2416 2410/4218/2417
f 2131/3708/2138 2411/4219/2418 2199/3845/2206
f 2267/4220/2274 2341/4221/2419 2339/4222/2346
f 2269/3957/2276 2412/4223/2420 1841/3107/1848
f 2413/4224/2421 2132/4225/2139 2200/4226/2207
f 2128/4227/2135 2061/4228/2068 2409/4229/2416
f 2061/4230/2068 2414/4231/2422 2409/4232/2416
f 2272/3964/2279 2276/4233/2283 2205/3963/2212
f 1924/4234/1931 2339/4235/2346 2277/4236/2284
f 2341/4237/2419 2415/4238/2423 2339/4239/2346
f 2272/4240/2279 2416/4241/2424 2276/4242/2283
f 2341/4243/2348 2273/4244/2280 2415/4245/2425
f 2273/4246/2280 2417/4247/2426 2415/4248/2425
f 2276/4242/2283 2416/4241/2424 2210/4249/2217
f 2416/4241/2424 2418/4250/2427 2210/4249/2217
f 2279/4251/2286 2060/3975/2067 2278/3974/2285
f 2207/4252/2214 2419/4253/2428 2342/4254/2349
f 2277/4236/2284 2419/4255/2428 2207/4256/2214
f 2273/4257/2280 2343/4258/2350 2417/4259/2426
f 2210/3865/2217 2418/4260/2427 2280/3977/2287
f 2208/3863/2215 2280/3977/2287 2344/4110/2351
f 2418/4260/2427 2420/4261/2429 2280/3977/2287
f 2135/3721/2142 1930/3291/1937 2421/4262/2430
f 2281/3978/2288 2282/3979/2289 1929/3290/1936
f 2063/3591/2070 1589/2670/1596 2422/4263/2431
f 1589/2670/1596 1364/2315/1371 2422/4263/2431
f 1364/2315/1371 1766/2958/1773 2422/4263/2431
f 2214/3990/2221 2348/4115/2355 2284/4264/2291
f 1686/3122/1693 2423/4265/2432 2069/4266/2076
f 2137/1004/2144 2424/4267/2433 2285/3985/2292
f 2348/4268/2355 2286/4269/2293 2425/4270/2434
f 2069/3598/2076 2423/4271/2432 2354/4129/2361
f 2069/3598/2076 2354/4129/2361 1769/2961/1776
f 2347/4272/2354 2349/4273/2356 2426/4274/2435
f 2352/4275/2359 2425/4276/2434 2286/3253/2293
f 2426/4274/2435 2349/4273/2356 2351/4277/2358
f 2426/4274/2435 2351/4277/2358 2350/4278/2357
f 2425/4279/2434 2353/4280/2360 2424/4281/2433
f 2425/4279/2434 2352/4282/2359 2353/4280/2360
f 2424/4267/2433 2353/4128/2360 2285/3985/2292
f 2427/4283/2436 2070/4284/2077 2220/4285/2227
f 2220/4285/2227 1935/3303/1942 2222/3884/2229
f 2428/4286/2437 1852/3128/1859 2073/3885/2080
f 1997/3450/2004 2429/4287/2438 1998/3451/2005
f 1856/3305/1863 2293/4005/2300 2223/4288/2230
f 1857/3306/1864 2430/4289/2439 1936/3307/1943
f 2430/4290/2439 2294/4006/2301 1936/3611/1943
f 2074/3606/2081 2075/3607/2082 2431/4291/2440
f 2226/3889/2233 2357/4138/2364 2001/3459/2008
f 1999/3453/2006 2076/3613/2083 2295/4007/2302
f 2431/4291/2440 2075/3607/2082 2077/3615/2084
f 2296/4008/2303 2432/4292/2441 1775/2975/1782
f 1775/2975/1782 2432/4292/2441 2003/3461/2010
f 2077/3615/2084 2228/3891/2235 2433/4293/2442
f 2434/4294/2443 2005/3463/2012 2003/3461/2010
f 2434/4294/2443 2143/3732/2150 2005/3463/2012
f 2142/3731/2149 2230/3893/2237 2358/4295/2365
f 1616/2705/1623 2298/4012/2305 1516/2541/1523
f 1946/3327/1953 2365/4147/2372 2363/4145/2370
f 2365/4147/2372 1946/3327/1953 1782/3328/1789
f 2081/3900/2088 2237/3904/2244 2234/3899/2241
f 2365/4147/2372 2145/3734/2152 2435/4296/2444
f 2011/3470/2018 2436/4297/2445 2146/3736/2153
f 2368/4150/2375 2238/3905/2245 2236/3903/2243
f 2367/4149/2374 2239/3906/2246 2013/3479/2020
f 2373/4155/2380 2085/3631/2092 2083/3627/2090
f 1869/3481/1876 2015/3483/2022 2377/4298/2384
f 1786/3342/1793 2437/4299/2446 2374/4156/2381
f 1786/3342/1793 1954/3341/1961 2437/4299/2446
f 2150/3749/2157 2438/4300/2447 2378/4160/2385
f 2379/4164/2386 2017/3908/2024 2241/3913/2248
f 2150/3751/2157 2380/4168/2387 2438/4301/2447
f 2151/4302/2158 2380/4303/2387 2306/4304/2313
f 2020/3491/2027 2439/4305/2448 1954/3341/1961
f 2305/4306/2312 2306/4304/2313 2380/4303/2387
f 2306/4023/2313 2440/4307/2449 2305/4021/2450
f 2020/3491/2027 2381/4172/2388 2439/4305/2448
f 1873/3177/1880 2441/4308/2451 2383/4175/2390
f 2022/3498/2029 2308/4029/2315 2155/3760/2162
f 2442/4309/2452 1959/4310/1966 1879/3768/1886
f 2443/4311/2453 1962/3358/1969 2026/3508/2033
f 2443/4312/2453 1881/3189/1888 1962/3509/1969
f 2444/4313/2454 2030/3519/2037 2092/3650/2099
f 2444/4313/2454 2031/3520/2038 2030/3519/2037
f 1796/4042/1803 2245/4044/2252 2445/4314/2455
f 2445/4314/2455 2245/4044/2252 2446/4315/2456
f 2447/4316/2457 2093/3651/2100 2031/3520/2038
f 2447/4316/2457 2314/4045/2321 2093/3651/2100
f 2448/4317/2458 2096/3654/2103 1883/3194/1890
f 2387/4318/2394 2172/3786/2179 1963/3362/1970
f 2449/4319/2459 2166/3778/2173 2098/3657/2105
f 2449/4319/2459 2098/3657/2105 2175/3792/2182
f 2450/4320/2460 2035/3528/2042 2095/3653/2102
f 2173/3788/2180 1806/3041/1813 2451/4321/2461
f 2452/4322/2462 2099/3658/2106 2096/3924/2103
f 2100/4323/2107 2174/3789/2181 1804/3791/1811
f 2449/4319/2459 2175/3792/2182 2453/4324/2463
f 2451/4321/2461 1806/3041/1813 2246/3925/2253
f 2248/3927/2255 2035/3528/2042 2450/4320/2460
f 2454/4325/2464 2103/3928/2110 2248/3927/2255
f 2455/4326/2465 2104/3663/2111 2456/4327/2466
f 2457/4328/2467 2177/4329/2184 2101/4330/2108
f 2249/4331/2256 1890/3534/1897 2103/3662/2110
f 2458/4332/2468 2102/3661/2109 2104/3663/2111
f 2391/4185/2398 2250/3930/2257 2392/4187/2399
f 2394/4333/2401 2316/4186/2323 2178/3798/2185
f 2318/4191/2325 2251/4050/2258 2393/4188/2400
f 2398/4199/2405 2112/3676/2119 1905/3239/1912
f 2459/4334/2469 2257/4335/2264 2327/4336/2334
f 2257/4337/2264 2459/4338/2469 2325/4339/2332
f 2326/4076/2333 2258/3942/2265 1971/3384/1978
f 2111/3672/2118 1904/3546/1911 2259/4340/2266
f 2460/4341/2470 1975/3393/1982 2331/4087/2338
f 2460/4341/2470 2461/4342/2471 1975/3393/1982
f 2461/4343/2471 1972/3673/1979 1975/3548/1982
f 2328/4078/2335 2330/4081/2337 1976/3394/1983
f 2462/4344/2472 1973/3387/1980 2112/3676/2119
f 2462/4344/2472 2186/3815/2193 1973/3387/1980
f 2261/3945/2268 2463/4345/2473 2043/3555/2050
f 2399/4200/2406 1912/3257/1919 2046/3559/2053
f 2464/4346/2474 2118/3823/2125 2263/3948/2270
f 2118/3688/2125 2465/4347/2475 1980/3689/1987
f 2466/4348/2476 2192/3824/2199 2117/3687/2124
f 2049/3563/2056 2193/3825/2200 2467/4349/2477
f 2195/3827/2202 2468/4350/2478 2120/3828/2127
f 2469/4351/2479 2054/3952/2061 2123/4352/2130
f 2469/4351/2479 2267/3953/2274 2054/3952/2061
f 2470/4353/2480 2121/3694/2128 2408/4212/2415
f 2471/4354/2481 2336/4094/2343 1917/3269/1924
f 2200/4095/2207 2337/4097/2344 2472/4355/2482
f 2472/4356/2482 2337/4098/2344 2407/4214/2414
f 2195/3827/2202 2128/3705/2135 2410/4218/2417
f 2406/4357/2413 2202/3851/2209 1843/3281/1850
f 2470/4358/2480 2269/4359/2276 2121/4360/2128
f 2411/4361/2418 2051/3565/2058 2199/3843/2206
f 2473/4362/2483 2410/4218/2417 2409/4217/2416
f 2270/3959/2277 2204/3960/2211 2474/4363/2484
f 2471/4354/2481 1917/3269/1924 1925/3279/1932
f 2475/4364/2485 2411/4219/2418 2131/3708/2138
f 2476/4365/2486 2341/4366/2419 2267/4367/2274
f 2415/4368/2423 2341/4369/2419 2476/4370/2486
f 2412/4223/2420 2059/3586/2066 1841/3107/1848
f 2413/4371/2421 2271/3962/2278 2132/3961/2139
f 2415/4245/2425 2477/4372/2487 2341/4243/2348
f 2478/4373/2488 2341/4243/2348 2477/4372/2487
f 2274/3968/2281 2341/4374/2348 2478/4375/2488
f 2479/4376/2489 2203/3853/2210 2133/3711/2140
f 2204/3854/2211 2203/3853/2210 2479/4376/2489
f 2414/4377/2422 2061/4378/2068 2480/4379/2490
f 2481/4380/2491 2278/3974/2285 2202/3851/2209
f 2339/4235/2346 2482/4381/2492 2277/4236/2284
f 2482/4382/2492 2339/4383/2346 2415/4368/2423
f 2061/4378/2068 2279/4384/2286 2480/4379/2490
f 2483/4385/2493 2279/4251/2286 2278/3974/2285
f 2277/4236/2284 2484/4386/2494 2419/4255/2428
f 2482/4381/2492 2484/4386/2494 2277/4236/2284
f 2480/4379/2490 2279/4384/2286 2485/4387/2495
f 2279/4384/2286 2486/4388/2496 2485/4387/2495
f 2483/4385/2493 2486/4389/2496 2279/4251/2286
f 2483/4390/2493 2485/4391/2495 2486/4392/2496
f 2211/3869/2218 2487/4393/2497 2343/4108/2350
f 2487/4393/2497 2211/3869/2218 2488/4394/2498
f 2344/4110/2351 2280/3977/2287 2489/4395/2499
f 2488/4394/2498 2211/3869/2218 2490/4396/2500
f 2489/4395/2499 2280/3977/2287 2420/4261/2429
f 2211/3869/2218 2345/4111/2352 2490/4396/2500
f 2421/4262/2430 1930/3291/1937 2346/4113/2353
f 2062/3590/2069 2282/3979/2289 2283/3980/2290
f 2491/4397/2501 1767/3430/1774 1932/3294/1939
f 2423/4265/2432 1686/3122/1693 2347/4114/2354
f 2347/4272/2354 2426/4274/2435 2492/4398/2502
f 2284/4399/2291 2424/4281/2433 2137/4400/2144
f 2492/4401/2502 2426/4402/2435 2350/4119/2357
f 2492/4401/2502 2350/4119/2357 1990/4122/1997
f 2348/4403/2355 2425/4279/2434 2284/4399/2291
f 2284/4399/2291 2425/4279/2434 2424/4281/2433
f 2219/3879/2226 2291/4002/2298 1992/3435/1999
f 2215/3996/2222 2138/3725/2145 2493/4404/2503
f 1996/3727/2003 1855/3308/1862 2224/3887/2231
f 2430/4289/2439 1857/3306/1864 2292/4405/2299
f 2223/4288/2230 2293/4005/2300 2494/4406/2504
f 2429/4407/2438 2140/3728/2147 1998/3609/2005
f 2495/4408/2505 2225/3888/2232 1999/3453/2006
f 2496/4409/2506 2297/4009/2304 2141/3729/2148
f 2006/3465/2013 2497/4410/2507 2079/3619/2086
f 2359/4411/2366 1862/3147/1869 2007/3466/2014
f 2498/4412/2508 1943/3323/1950 2143/3732/2150
f 2497/4410/2507 2231/3894/2238 2079/3619/2086
f 2009/3468/2016 2362/4144/2369 2361/4143/2368
f 2300/4015/2307 1944/3324/1951 2303/4019/2310
f 2499/4413/2509 2365/4414/2372 2435/4415/2444
f 2366/4148/2373 2436/4297/2445 2011/3470/2018
f 2500/4416/2510 2235/3901/2242 2364/4146/2371
f 2082/3745/2089 2148/3744/2155 2370/4152/2377
f 2376/4158/2383 1952/3338/1959 1951/3337/1958
f 2086/3634/2093 2379/4164/2386 2371/4153/2378
f 2501/4417/2511 2089/3643/2096 2373/4155/2380
f 2502/4418/2512 2151/3750/2158 2240/3907/2247
f 2502/4418/2512 2503/4419/2513 2151/3750/2158
f 2438/4301/2447 2380/4168/2387 2504/4420/2514
f 2503/4419/2513 2380/4421/2387 2151/3750/2158
f 2504/4420/2514 2380/4168/2387 2505/4422/2515
f 2503/4419/2513 2505/4423/2515 2380/4421/2387
f 1957/3497/1964 2155/3916/2162 2506/4424/2516
f 2507/4425/2517 2308/4029/2315 2090/3764/2097
f 2508/4426/2518 2159/3765/2166 2157/3762/2164
f 2156/3761/2163 1719/2881/1726 2509/4427/2519
f 1719/2881/1726 2023/3499/2030 2509/4427/2519
f 2510/4428/2520 2310/4032/2317 2243/4031/2250
f 2511/4429/2521 2310/4032/2317 2510/4428/2520
f 2511/4429/2521 2091/3645/2098 2310/4032/2317
f 1879/4430/1886 2091/4431/2098 2512/4432/2522
f 2512/4433/2522 2091/3645/2098 2511/4429/2521
f 2309/4030/2316 1878/4434/1885 2513/4435/2523
f 1879/3768/1886 2512/4433/2522 2442/4309/2452
f 2024/3503/2031 2513/4436/2523 1878/3186/1885
f 2442/4437/2452 2162/3770/2169 1959/3771/1966
f 2311/4036/2318 2163/3772/2170 2313/4041/2320
f 2164/3775/2171 2027/4438/2034 2514/4439/2524
f 2027/3510/2034 2028/3511/2035 2514/4440/2524
f 2514/4440/2524 2028/3511/2035 2515/4441/2525
f 1881/3189/1888 2516/4442/2526 2092/3650/2099
f 2092/3650/2099 2516/4442/2526 2444/4313/2454
f 2245/3921/2252 2094/3923/2101 2446/4443/2456
f 1647/3195/1654 2385/4444/2392 2094/3652/2101
f 2448/4317/2458 2517/4445/2527 2096/3654/2103
f 2518/4446/2528 2385/4178/2392 2097/3655/2104
f 2165/3777/2172 2167/3779/2174 2386/4179/2393
f 2386/4179/2393 2167/3779/2174 2519/4447/2529
f 2315/4046/2322 2173/4048/2180 2520/4448/2530
f 2032/3521/2039 2521/4449/2531 2246/3925/2253
f 2452/4322/2462 2096/3924/2103 2522/4450/2532
f 2172/3785/2179 2523/4451/2533 2171/3783/2178
f 2171/3783/2178 2524/4452/2534 2247/3926/2254
f 2453/4324/2463 2175/3792/2182 2176/3793/2183
f 2176/3793/2183 2102/3661/2109 2458/4332/2468
f 2104/3663/2111 2037/3535/2044 2456/4327/2466
f 2104/3663/2111 2455/4326/2465 2458/4332/2468
f 2037/3535/2044 2525/4453/2535 2456/4327/2466
f 2178/3795/2185 2526/4454/2536 2394/4189/2401
f 2396/4194/2403 2395/4190/2402 2252/3934/2259
f 2318/4060/2325 2527/4455/2537 2319/4061/2326
f 2527/4455/2537 2397/4456/2404 2319/4061/2326
f 2320/4457/2327 2322/4458/2329 2528/4459/2538
f 2185/4460/2192 2529/4461/2539 2329/4462/2336
f 2400/4201/2407 2530/4463/2540 2332/4088/2339
f 2043/3555/2050 2463/4345/2473 2402/4204/2409
f 2333/4089/2340 2531/4464/2541 2116/3682/2123
f 2403/4465/2410 2532/4466/2542 2044/3557/2051
f 2044/3557/2051 2532/4466/2542 1974/3677/1981
f 1974/3677/1981 2532/4466/2542 2533/4467/2543
f 1980/3409/1987 2465/4468/2475 2260/4203/2267
f 2531/4469/2541 2404/4470/2411 2116/4471/2123
f 2403/4205/2410 2190/3821/2197 2534/4472/2544
f 2045/3558/2052 2535/4473/2545 2191/3822/2198
f 2188/3819/2195 2536/4474/2546 1913/3260/1920
f 1913/3260/1920 2466/4348/2476 2117/3687/2124
f 1913/3260/1920 2536/4474/2546 2466/4348/2476
f 2464/4346/2474 2263/3948/2270 2537/4475/2547
f 2191/3822/2198 2538/4476/2548 2046/3560/2053
f 2263/3948/2270 2262/3947/2269 2537/4475/2547
f 2047/3561/2054 2404/4207/2411 2405/4208/2412
f 2264/3949/2271 2119/3690/2126 2539/4477/2549
f 2468/4478/2478 2406/4209/2413 2120/3692/2127
f 2407/4210/2414 2335/4093/2342 2472/4479/2482
f 2540/4480/2550 2408/4212/2415 2268/3956/2275
f 2268/3955/2275 2338/4211/2345 2540/4481/2550
f 2541/4482/2551 2470/4353/2480 2408/4212/2415
f 2540/4483/2550 2338/4100/2345 2542/4484/2552
f 2338/4100/2345 2270/3959/2277 2542/4484/2552
f 2194/4213/2201 2051/3565/2058 2411/4361/2418
f 2543/4485/2553 2476/4486/2486 2267/4487/2274
f 2470/4488/2480 2270/2041/2277 2474/4489/2484
f 2475/4364/2485 2131/3708/2138 2198/3842/2205
f 2473/4490/2483 2409/4491/2416 2414/4492/2422
f 2412/4223/2420 2275/3969/2282 2059/3586/2066
f 2544/4493/2554 2201/3846/2208 2342/4106/2349
f 1927/3587/1934 2275/3969/2282 2340/4494/2347
f 2415/4368/2423 2545/4495/2555 2482/4382/2492
f 2414/4496/2422 2480/4497/2490 2546/4498/2556
f 2481/4380/2491 2547/4499/2557 2278/3974/2285
f 2415/4500/2425 2417/4501/2426 2477/4502/2487
f 2547/4499/2557 2548/4503/2558 2278/3974/2285
f 2272/4240/2279 2549/4504/2559 2416/4241/2424
f 2278/3974/2285 2548/4503/2558 2483/4385/2493
f 2546/4505/2556 2480/4506/2490 2550/4507/2560
f 2549/4504/2559 2551/4508/2561 2416/4241/2424
f 2480/4379/2490 2485/4387/2495 2550/4509/2560
f 2342/4254/2349 2419/4253/2428 2552/4510/2562
f 2484/4386/2494 2482/4381/2492 2553/2502/2563
f 2416/4241/2424 2551/4508/2561 2418/4250/2427
f 2485/4387/2495 2554/4511/2564 2550/4509/2560
f 2485/4387/2495 2483/4512/2493 2554/4511/2564
f 2484/4386/2494 2555/4513/2565 2419/4255/2428
f 2550/4514/2560 2554/4515/2564 2556/4516/2566
f 2484/4386/2494 2553/2502/2563 2555/4513/2565
f 2343/4258/2350 2487/4517/2497 2417/4259/2426
f 2557/4518/2567 2420/4519/2429 2418/4520/2427
f 2557/4521/2567 2489/4522/2499 2420/4523/2429
f 2489/4524/2499 2558/4525/2568 2344/4526/2351
f 2557/4521/2567 2558/4527/2568 2489/4522/2499
f 2345/4528/2352 2135/4529/2142 2421/4530/2430
f 2559/4531/2569 1847/3116/1854 1590/2671/1597
f 2560/4532/2570 2213/3871/2220 1848/3118/1855
f 2213/3871/2220 1932/4533/1939 1849/3119/1856
f 1990/3432/1997 2217/3877/2224 2492/4534/2502
f 1991/3881/1998 2070/3599/2077 2561/4535/2571
f 2562/4536/2572 2215/3996/2222 2493/4404/2503
f 2561/4537/2571 2070/4538/2077 2563/4539/2573
f 2070/4538/2077 2427/4540/2436 2563/4539/2573
f 2427/4283/2436 2220/4285/2227 2564/4541/2574
f 2565/4542/2575 2138/3725/2145 1852/3128/1859
f 2220/4285/2227 2222/3884/2229 2564/4541/2574
f 2356/4137/2363 2566/4543/2576 1853/3133/1860
f 2428/4286/2437 2073/3885/2080 2567/4544/2577
f 2072/3602/2079 1996/3727/2003 2568/4545/2578
f 2568/4545/2578 1996/3727/2003 2569/4546/2579
f 1853/3133/1860 2566/4543/2576 1997/3449/2004
f 1996/3727/2003 2224/3887/2231 2569/4546/2579
f 2073/3605/2080 2223/3886/2230 2567/4547/2577
f 2293/4005/2300 2225/3888/2232 2495/4408/2505
f 2495/4408/2505 1999/3453/2006 2570/4548/2580
f 1999/3453/2006 2295/4007/2302 2570/4548/2580
f 2140/3728/2147 2571/4549/2581 2000/3457/2007
f 2295/4007/2302 2572/4550/2582 2570/4548/2580
f 2431/4291/2440 2077/3615/2084 2573/4551/2583
f 2357/4138/2364 2496/4409/2506 2141/3729/2148
f 2000/3457/2007 2571/4549/2581 2296/4008/2303
f 2573/4551/2583 2077/3615/2084 2433/4293/2442
f 2003/3461/2010 2432/4292/2441 2434/4294/2443
f 2434/4294/2443 2574/4552/2584 2143/3732/2150
f 1943/3323/1950 2498/4412/2508 2080/3621/2087
f 2008/3467/2015 1701/2849/1708 2575/4553/2585
f 2231/3894/2238 2298/4012/2305 1616/2705/1623
f 1701/2849/1708 2360/4554/2367 2575/4553/2585
f 2299/4013/2306 2576/4555/2586 1702/2850/1709
f 2362/4144/2369 2363/4145/2370 2577/4556/2587
f 2500/4557/2510 2368/4150/2375 2235/3902/2242
f 2369/4151/2376 2147/3742/2154 2578/4558/2588
f 2578/4558/2588 2147/3742/2154 2579/4559/2589
f 2372/4154/2379 2580/4560/2590 2373/4155/2380
f 2147/3742/2154 2374/4156/2381 2579/4559/2589
f 2373/4155/2380 2580/4560/2590 2501/4417/2511
f 1869/3481/1876 2377/4298/2384 2375/4561/2382
f 2377/4159/2384 2378/4160/2385 2581/4562/2591
f 2304/4020/2311 2582/4563/2592 2153/3754/2160
f 2437/4299/2446 1954/3341/1961 2439/4305/2448
f 2501/4417/2511 2441/4308/2451 2089/3643/2096
f 2441/4308/2451 1873/3177/1880 2089/3643/2096
f 2242/4027/2249 2382/4173/2389 2381/4564/2388
f 1957/3497/1964 2506/4424/2516 2241/3913/2248
f 2383/4175/2390 2507/4565/2517 2158/3763/2165
f 2158/3763/2165 2507/4565/2517 2090/3644/2097
f 2583/4566/2593 2384/4176/2391 2159/3765/2166
f 2023/3499/2030 2309/4030/2316 2584/4567/2594
f 2442/4437/2452 2585/4568/2595 2162/3770/2169
f 2162/3770/2169 2312/4569/2319 1960/3353/1967
f 2244/3918/2251 2311/4036/2318 2586/4570/2596
f 2026/3649/2033 2312/4040/2319 2587/4571/2597
f 2164/3775/2171 2588/4572/2598 2313/4041/2320
f 2026/3508/2033 2589/4573/2599 2443/4311/2453
f 2164/3775/2171 2514/4439/2524 2588/4572/2598
f 2443/4312/2453 2516/4442/2526 1881/3189/1888
f 2029/3919/2036 2590/4574/2600 2028/3514/2035
f 2029/3919/2036 1796/4042/1803 2590/4574/2600
f 2094/3652/2101 2385/4444/2392 2591/4575/2601
f 2385/4444/2392 2518/4576/2528 2591/4575/2601
f 2032/3521/2039 2168/3780/2175 2521/4449/2531
f 2388/4181/2395 2389/4182/2396 2592/4577/2602
f 2167/3779/2174 2170/3782/2177 2519/4447/2529
f 1888/3202/1895 2593/4578/2603 2097/3655/2104
f 2388/4181/2395 2593/4578/2603 1888/3202/1895
f 2170/3782/2177 2315/4183/2322 2594/4579/2604
f 2169/3781/2176 2174/4049/2181 2595/4580/2605
f 2101/3660/2108 2390/4184/2397 2596/4581/2606
f 2103/3928/2110 2454/4325/2464 2597/4582/2607
f 2176/3793/2183 2598/4583/2608 2453/4324/2463
f 2103/3662/2110 2597/4584/2607 2249/4331/2256
f 2249/4331/2256 2597/4584/2607 2599/4585/2609
f 2038/3536/2045 2525/4453/2535 2037/3535/2044
f 2178/3795/2185 2600/4586/2610 2526/4454/2536
f 2177/3794/2184 2600/4586/2610 2178/3795/2185
f 2394/4587/2401 2526/4588/2536 2601/4589/2611
f 2392/4187/2399 2602/4590/2612 2391/4185/2398
f 2395/4190/2402 2603/4591/2613 2392/4187/2399
f 2393/4188/2400 2604/4592/2614 2318/4191/2325
f 2604/4592/2614 2527/4593/2537 2318/4191/2325
f 2396/4194/2403 2605/4594/2615 2395/4190/2402
f 2320/4193/2327 2528/4595/2538 2396/4194/2403
f 2323/4198/2330 2606/4596/2616 2324/4072/2331
f 2322/4458/2329 2607/4597/2617 2528/4459/2538
f 2321/4598/2328 2397/4599/2404 2608/4600/2618
f 2321/4601/2328 2608/4602/2618 2323/4198/2330
f 1972/3386/1979 2461/4603/2471 2328/4078/2335
f 2459/4338/2469 2609/4604/2619 2325/4339/2332
f 2325/4339/2332 2609/4604/2619 2610/4605/2620
f 2322/4606/2329 2325/4339/2332 2607/4607/2617
f 2326/4076/2333 2611/4608/2621 2258/3942/2265
f 2331/4084/2338 2533/4609/2543 2612/4610/2622
f 1974/4086/1981 2533/4609/2543 2331/4084/2338
f 2329/4079/2336 2529/4611/2539 2327/4080/2334
f 2399/4200/2406 2613/4612/2623 2187/3816/2194
f 2187/4091/2194 2614/4613/2624 2113/3678/2120
f 2113/3678/2120 2614/4613/2624 2400/4201/2407
f 2045/3558/2052 2334/4090/2341 2535/4473/2545
f 2188/3819/2195 2401/4202/2408 2536/4474/2546
f 2118/3688/2125 2464/4614/2474 2465/4347/2475
f 2615/4615/2625 2534/4616/2544 2048/3562/2055
f 2048/3562/2055 2534/4616/2544 2190/4092/2197
f 2537/4475/2547 2262/3947/2269 2616/4617/2626
f 2048/3562/2055 2405/4208/2412 2615/4615/2625
f 2262/3947/2269 2539/4477/2549 2616/4617/2626
f 2262/3947/2269 2264/3949/2271 2539/4477/2549
f 2119/3690/2126 2336/4094/2343 2539/4477/2549
f 2123/3696/2130 2266/3951/2273 2469/4618/2479
f 2469/4351/2479 2543/4619/2553 2267/3953/2274
f 2049/3563/2056 2617/4620/2627 2198/3842/2205
f 2194/3826/2201 2618/4621/2628 2335/4093/2342
f 2335/4093/2342 2618/4621/2628 2472/4479/2482
f 2410/4218/2417 2619/4622/2629 2195/3827/2202
f 2414/4492/2422 2620/4623/2630 2473/4490/2483
f 1925/3279/1932 2340/4102/2347 2471/4354/2481
f 2272/3964/2279 2271/3962/2278 2621/4624/2631
f 2478/4375/2488 2622/4625/2632 2274/3968/2281
f 2414/4626/2422 2546/4627/2556 2620/4628/2630
f 2476/4370/2486 2545/4495/2555 2415/4368/2423
f 2274/3968/2281 2622/4625/2632 2133/3715/2140
f 2482/4382/2492 2545/4495/2555 2623/4629/2633
f 2550/4507/2560 2624/4630/2634 2546/4505/2556
f 2419/4253/2428 2555/4631/2565 2552/4510/2562
f 2623/4629/2633 2625/4632/2635 2482/4382/2492
f 2550/4633/2560 2556/4634/2566 2624/4635/2634
f 2483/4385/2493 2556/4636/2566 2554/4637/2564
f 2483/4385/2493 2548/4503/2558 2556/4636/2566
f 2482/4382/2492 2625/4632/2635 2553/4638/2563
f 2553/4639/2563 2625/4640/2635 2555/4631/2565
f 2418/4520/2427 2551/4641/2561 2557/4518/2567
f 2557/4521/2567 2551/4642/2561 2626/4643/2636
f 2487/4644/2497 2488/4645/2498 2627/4646/2637
f 2488/4645/2498 2490/4647/2500 2627/4646/2637
f 2558/4525/2568 2628/4648/2638 2344/4526/2351
f 2557/4521/2567 2626/4643/2636 2558/4527/2568
f 2344/4649/2351 2629/4650/2639 2281/3978/2288
f 2422/4263/2431 2630/4651/2640 2063/3591/2070
f 1766/2958/1773 2064/3592/2071 2631/4652/2641
f 2213/3871/2220 2560/4532/2570 2632/4653/2642
f 1933/3297/1940 2633/4654/2643 2219/4655/2226
f 1933/3297/1940 2634/4656/2644 2633/4654/2643
f 2284/3984/2291 2634/4656/2644 1933/3297/1940
f 2215/3873/2222 2562/4657/2572 2137/3723/2144
f 2347/4114/2354 2635/4658/2645 2423/4265/2432
f 2217/3877/2224 2636/4659/2646 2492/4534/2502
f 2633/4660/2643 2637/4661/2647 2219/3879/2226
f 1991/3881/1998 2561/4535/2571 2217/4662/2224
f 2219/3879/2226 2637/4661/2647 2291/4002/2298
f 2139/3726/2146 2354/4129/2361 2638/4663/2648
f 2138/3725/2145 2565/4542/2575 2493/4404/2503
f 1994/3441/2001 2291/4002/2298 2639/4664/2649
f 1852/4665/1859 2428/4666/2437 2565/4667/2575
f 2222/3884/2229 2072/3602/2079 2568/4545/2578
f 2566/4543/2576 2640/4668/2650 1997/3449/2004
f 2293/4005/2300 2495/4408/2505 2494/4406/2504
f 2226/3889/2233 2641/4669/2651 2357/4138/2364
f 2571/4549/2581 2642/4670/2652 2296/4008/2303
f 2295/4007/2302 2227/3890/2234 2572/4550/2582
f 2227/3890/2234 2643/4671/2653 2572/4550/2582
f 2227/3890/2234 2078/3616/2085 2643/4671/2653
f 2078/3616/2085 2004/3462/2011 2644/4672/2654
f 2228/3891/2235 2645/4673/2655 2433/4293/2442
f 2004/3462/2011 2646/4674/2656 2644/4672/2654
f 2228/3891/2235 2358/4139/2365 2645/4673/2655
f 2432/4292/2441 2574/4552/2584 2434/4294/2443
f 2004/4141/2011 2359/4140/2366 2646/4675/2656
f 2229/3892/2236 2647/4676/2657 2006/3465/2013
f 2574/4552/2584 2648/4677/2658 2143/3732/2150
f 2358/4295/2365 2230/3893/2237 2649/4678/2659
f 2647/4676/2657 2497/4410/2507 2006/3465/2013
f 2144/3733/2151 2649/4679/2659 2230/4010/2237
f 2007/3466/2014 2008/3620/2015 2650/4680/2660
f 2232/4681/2239 2361/4682/2368 2651/4683/2661
f 1779/4017/1786 2652/4684/2662 2302/4018/2309
f 2302/4018/2309 2652/4684/2662 2366/4148/2373
f 2363/4145/2370 2365/4147/2372 2653/4685/2663
f 2366/4148/2373 2654/4686/2664 2436/4297/2445
f 2364/4146/2371 2655/4687/2665 2500/4416/2510
f 2237/3904/2244 2082/3745/2089 2656/4688/2666
f 2368/4150/2375 2372/4154/2379 2238/3905/2245
f 2082/3745/2089 2370/4152/2377 2657/4689/2667
f 2149/3746/2156 2658/4690/2668 2084/3630/2091
f 2658/4690/2668 2240/3907/2247 2084/3630/2091
f 2374/4156/2381 2437/4299/2446 2659/4691/2669
f 2153/3754/2160 2582/4563/2592 2157/3762/2164
f 2157/3762/2164 2582/4563/2592 2508/4426/2518
f 2155/3760/2162 2660/4692/2670 2506/4693/2516
f 2308/4029/2315 2660/4692/2670 2155/3760/2162
f 2308/4029/2315 2507/4425/2517 2660/4692/2670
f 2508/4426/2518 2583/4566/2593 2159/3765/2166
f 2509/4427/2519 2023/3499/2030 2584/4567/2594
f 2243/3917/2250 2384/4177/2391 2661/4694/2671
f 2243/4031/2250 2661/4695/2671 2510/4428/2520
f 2513/4436/2523 2024/3503/2031 2161/4696/2168
f 2585/4697/2595 2312/4698/2319 2162/4699/2169
f 2161/3769/2168 2244/3918/2251 2662/4700/2672
f 2244/3918/2251 2586/4570/2596 2662/4700/2672
f 2026/3508/2033 2587/4701/2597 2589/4573/2599
f 2663/4702/2673 2031/3520/2038 2444/4313/2454
f 2094/3923/2101 2664/4703/2674 2446/4443/2456
f 2314/4045/2321 2448/4317/2458 1883/3194/1890
f 2448/4317/2458 2665/4704/2675 2517/4445/2527
f 2387/4180/2394 2166/3778/2173 2666/4705/2676
f 2449/4319/2459 2666/4705/2676 2166/3778/2173
f 2095/3653/2102 2667/4706/2677 2450/4320/2460
f 2095/3653/2102 2386/4179/2393 2667/4706/2677
f 2168/3780/2175 2099/3658/2106 2668/4707/2678
f 2169/3781/2176 2669/4708/2679 2389/4182/2396
f 2172/3786/2179 2387/4318/2394 2523/4709/2533
f 2170/3782/2177 2594/4579/2604 2519/4447/2529
f 2169/3781/2176 2595/4580/2605 2669/4708/2679
f 2171/3783/2178 2523/4451/2533 2524/4452/2534
f 2453/4324/2463 2670/4710/2680 2449/4319/2459
f 2453/4324/2463 2671/4711/2681 2670/4710/2680
f 2451/4321/2461 2246/3925/2253 2672/4712/2682
f 2453/4324/2463 2598/4583/2608 2671/4711/2681
f 2101/4330/2108 2596/4713/2606 2457/4328/2467
f 2248/3927/2255 2673/4714/2683 2454/4325/2464
f 2450/4320/2460 2673/4714/2683 2248/3927/2255
f 2524/4715/2534 2674/4716/2684 2247/4717/2254
f 2249/3929/2256 2599/4718/2609 2675/4719/2685
f 2394/4189/2401 2601/4720/2611 2676/4721/2686
f 2392/4187/2399 2603/4591/2613 2602/4590/2612
f 2393/4188/2400 2676/4721/2686 2604/4592/2614
f 2394/4189/2401 2676/4721/2686 2393/4188/2400
f 2395/4190/2402 2605/4594/2615 2603/4591/2613
f 2604/4722/2614 2677/4723/2687 2527/4724/2537
f 2396/4194/2403 2610/4725/2620 2605/4594/2615
f 2527/4724/2537 2677/4723/2687 2397/4726/2404
f 2677/4723/2687 2608/4727/2618 2397/4726/2404
f 2323/4198/2330 2608/4602/2618 2606/4596/2616
f 2606/4596/2616 2611/4608/2621 2324/4072/2331
f 2111/3812/2118 2678/4728/2688 2398/4199/2405
f 2459/4338/2469 2679/4729/2689 2609/4604/2619
f 2326/4076/2333 2324/4072/2331 2611/4608/2621
f 2111/3672/2118 2259/4340/2266 2678/4730/2688
f 2461/4731/2471 2460/4732/2470 2680/4733/2690
f 2461/4603/2471 2680/4734/2690 2328/4078/2335
f 2327/4080/2334 2529/4611/2539 2679/4729/2689
f 2327/4080/2334 2679/4729/2689 2459/4338/2469
f 2610/4605/2620 2607/4607/2617 2325/4339/2332
f 2398/4199/2405 2681/4735/2691 2112/3676/2119
f 2112/3676/2119 2681/4735/2691 2462/4344/2472
f 2612/4736/2622 2460/4341/2470 2331/4087/2338
f 2330/4081/2337 2682/4737/2692 1909/3246/1916
f 2683/4738/2693 2530/4463/2540 2400/4201/2407
f 2332/4088/2339 2684/4739/2694 2401/4202/2408
f 2260/3944/2267 2685/4740/2695 2261/3945/2268
f 2261/3945/2268 2685/4740/2695 2463/4345/2473
f 2686/4741/2696 2531/4464/2541 2333/4089/2340
f 2186/3815/2193 2687/4742/2697 2334/4090/2341
f 2187/4091/2194 2613/4743/2623 2614/4613/2624
f 2402/4204/2409 2686/4741/2696 2189/3820/2196
f 2189/3820/2196 2686/4741/2696 2333/4089/2340
f 2403/4465/2410 2688/4744/2698 2532/4466/2542
f 2613/4612/2623 2399/4200/2406 2689/4745/2699
f 2399/4200/2406 2046/3559/2053 2689/4745/2699
f 2466/4348/2476 2536/4474/2546 2690/4746/2700
f 2464/4346/2474 2537/4475/2547 2691/4747/2701
f 2535/4473/2545 2692/4748/2702 2191/3822/2198
f 2049/3563/2056 2467/4349/2477 2617/4620/2627
f 2468/4350/2478 2195/3827/2202 2619/4622/2629
f 2194/3826/2201 2693/4749/2703 2618/4621/2628
f 2540/4750/2550 2694/4751/2704 2408/4752/2415
f 2408/4212/2415 2694/4753/2704 2541/4482/2551
f 2270/3959/2277 2470/4754/2480 2542/4484/2552
f 2541/4482/2551 2695/4755/2705 2470/4353/2480
f 2473/4756/2483 2621/4757/2631 2410/4758/2417
f 2201/3846/2208 2544/4493/2554 2266/3951/2273
f 2269/4759/2276 2470/4760/2480 2474/4761/2484
f 2473/4756/2483 2549/4762/2559 2621/4757/2631
f 2198/3842/2205 2696/4763/2706 2475/4364/2485
f 2200/4226/2207 2697/4764/2707 2413/4224/2421
f 2473/4765/2483 2620/4766/2630 2549/4767/2559
f 2476/4768/2486 2543/4769/2553 2478/4770/2488
f 2204/3854/2211 2698/4771/2708 2474/4772/2484
f 2272/3964/2279 2621/4624/2631 2549/4773/2559
f 2545/4774/2555 2476/4775/2486 2699/4776/2709
f 2476/4768/2486 2478/4770/2488 2477/4777/2487
f 2622/4625/2632 2700/4778/2710 2133/3715/2140
f 2133/3715/2140 2700/4778/2710 2479/4779/2489
f 2204/3854/2211 2479/4376/2489 2698/4771/2708
f 2546/4780/2556 2701/4781/2711 2620/4782/2630
f 2699/4783/2709 2702/4784/2712 2545/4495/2555
f 2703/4785/2713 2625/4786/2635 2623/4787/2633
f 2417/4259/2426 2487/4517/2497 2704/4788/2714
f 2487/4517/2497 2627/4789/2637 2704/4788/2714
f 2628/4790/2638 2629/4791/2639 2344/4792/2351
f 2490/4647/2500 2705/4793/2715 2627/4646/2637
f 2490/4647/2500 2345/4528/2352 2705/4793/2715
f 2281/3978/2288 2629/4650/2639 2282/3979/2289
f 2283/3980/2290 2706/4794/2716 1931/3292/1938
f 2212/3870/2219 2560/4532/2570 1848/3118/1855
f 2284/3984/2291 2137/3723/2144 2634/4656/2644
f 2137/3723/2144 2562/4657/2572 2634/4656/2644
f 2492/4534/2502 2635/4658/2645 2347/4114/2354
f 2492/4534/2502 2636/4659/2646 2635/4658/2645
f 2639/4664/2649 2356/4137/2363 1994/3441/2001
f 2565/4542/2575 2428/4286/2437 2707/4795/2717
f 1997/3449/2004 2640/4668/2650 2429/4796/2438
f 2074/3606/2081 2431/4291/2440 2708/4797/2718
f 2294/4006/2301 2709/4798/2719 2226/3889/2233
f 2709/4798/2719 2641/4669/2651 2226/3889/2233
f 2357/4138/2364 2641/4669/2651 2710/4799/2720
f 2357/4138/2364 2710/4799/2720 2496/4409/2506
f 2078/3616/2085 2644/4672/2654 2643/4671/2653
f 2433/4293/2442 2645/4673/2655 2711/4800/2721
f 2432/4292/2441 2712/4801/2722 2574/4552/2584
f 2646/4674/2656 2713/4802/2723 2644/4672/2654
f 2359/4140/2366 2714/4803/2724 2646/4675/2656
f 2648/4677/2658 2715/4804/2725 2143/3732/2150
f 2143/3732/2150 2715/4804/2725 2498/4412/2508
f 2359/4411/2366 2007/3466/2014 2714/4805/2724
f 2497/4410/2507 2716/4806/2726 2231/3894/2238
f 2362/4144/2369 2577/4556/2587 2361/4143/2368
f 2301/4807/2308 2652/4684/2662 1779/4017/1786
f 2576/4555/2586 2233/4808/2240 1702/2850/1709
f 2499/4413/2509 2653/4809/2663 2365/4414/2372
f 2237/3904/2244 2656/4688/2666 2234/3899/2241
f 2082/3745/2089 2657/4689/2667 2656/4688/2666
f 2239/3906/2246 2658/4690/2668 2149/3746/2156
f 2579/4559/2589 2374/4156/2381 2659/4691/2669
f 2658/4690/2668 2717/4810/2727 2240/3907/2247
f 2376/4158/2383 2304/4020/2311 1952/3338/1959
f 2438/4811/2447 2504/4812/2514 2718/4813/2728
f 2156/3761/2163 2509/4427/2519 2719/4814/2729
f 2661/4695/2671 2720/4815/2730 2510/4428/2520
f 2513/4435/2523 2721/4816/2731 2309/4030/2316
f 2512/4433/2522 2722/4817/2732 2442/4309/2452
f 2311/4036/2318 2723/4818/2733 2586/4570/2596
f 2311/4036/2318 2313/4041/2320 2723/4818/2733
f 2313/4041/2320 2724/4819/2734 2723/4818/2733
f 2514/4439/2524 2725/4820/2735 2588/4572/2598
f 2028/3514/2035 2590/4574/2600 2515/4821/2525
f 2663/4702/2673 2447/4316/2457 2031/3520/2038
f 2449/4319/2459 2670/4710/2680 2666/4705/2676
f 2451/4321/2461 2520/4822/2530 2173/3788/2180
f 2097/3655/2104 2593/4578/2603 2726/4823/2736
f 2450/4320/2460 2667/4706/2677 2673/4714/2683
f 2727/4824/2737 2451/4321/2461 2672/4712/2682
f 2595/4580/2605 2728/4825/2738 2669/4708/2679
f 2675/4719/2685 2390/4184/2397 2249/3929/2256
f 2595/4580/2605 2174/4049/2181 2729/4826/2739
f 2730/4827/2740 2598/4583/2608 2176/3793/2183
f 2730/4827/2740 2176/3793/2183 2458/4332/2468
f 2731/4828/2741 2458/4829/2468 2455/4830/2465
f 2732/4831/2742 2458/4829/2468 2731/4828/2741
f 2456/4327/2466 2525/4453/2535 2733/4832/2743
f 2675/4719/2685 2599/4718/2609 2734/4833/2744
f 2733/4832/2743 2525/4453/2535 2735/4834/2745
f 2736/4835/2746 2676/4721/2686 2601/4720/2611
f 2396/4194/2403 2607/4836/2617 2610/4725/2620
f 2396/4837/2403 2528/4838/2538 2607/4839/2617
f 2737/4840/2747 2398/4199/2405 2678/4728/2688
f 2737/4840/2747 2681/4735/2691 2398/4199/2405
f 2738/4841/2748 2328/4078/2335 2680/4734/2690
f 2739/4842/2749 2609/4604/2619 2679/4729/2689
f 2739/4842/2749 2740/4843/2750 2609/4604/2619
f 2740/4843/2750 2610/4605/2620 2609/4604/2619
f 2741/4844/2751 2258/3942/2265 2611/4608/2621
f 2741/4844/2751 2259/3943/2266 2258/3942/2265
f 2742/4845/2752 2186/3815/2193 2462/4344/2472
f 2682/4737/2692 2185/3814/2192 1909/3246/1916
f 2529/4461/2539 2185/4460/2192 2743/4846/2753
f 2742/4845/2752 2687/4742/2697 2186/3815/2193
f 2614/4613/2624 2683/4738/2693 2400/4201/2407
f 2744/4847/2754 2684/4739/2694 2332/4088/2339
f 2745/4848/2755 2402/4849/2409 2463/4850/2473
f 2746/4851/2756 2531/4464/2541 2686/4741/2696
f 2684/4739/2694 2536/4474/2546 2401/4202/2408
f 2691/4747/2701 2537/4475/2547 2616/4617/2626
f 2690/4746/2700 2192/3824/2199 2466/4348/2476
f 2692/4748/2702 2538/4476/2548 2191/3822/2198
f 2616/4617/2626 2539/4477/2549 2747/4852/2757
f 2748/4853/2758 2539/4477/2549 2336/4094/2343
f 2749/4854/2759 2469/4855/2479 2266/4856/2273
f 2750/4857/2760 2406/4209/2413 2468/4478/2478
f 2693/4749/2703 2751/4858/2761 2618/4621/2628
f 2694/4753/2704 2752/4859/2762 2541/4482/2551
f 2618/4621/2628 2753/4860/2763 2472/4479/2482
f 2540/4861/2550 2542/4862/2552 2694/4863/2704
f 2470/4754/2480 2754/4864/2764 2542/4484/2552
f 2470/4754/2480 2695/4865/2705 2754/4864/2764
f 2695/4866/2765 2269/4867/2276 2474/4772/2484
f 2544/4493/2554 2755/4868/2766 2266/3951/2273
f 2543/4619/2553 2756/4869/2767 2478/4375/2488
f 2477/4777/2487 2757/4870/2768 2476/4768/2486
f 2417/4871/2426 2757/4870/2768 2477/4777/2487
f 2342/4106/2349 2758/4872/2769 2544/4493/2554
f 2702/4784/2712 2623/4629/2633 2545/4495/2555
f 2701/4781/2711 2546/4780/2556 2759/4873/2770
f 2701/4874/2711 2759/4875/2770 2760/4876/2771
f 2342/4254/2349 2552/4510/2562 2758/4877/2769
f 2549/4878/2559 2760/4876/2771 2551/4879/2561
f 2546/4505/2556 2624/4630/2634 2759/4880/2770
f 2548/4503/2558 2761/4881/2772 2762/4882/2773
f 2417/4883/2426 2763/4884/2774 2764/4885/2775
f 2551/4879/2561 2760/4876/2771 2765/4886/2776
f 2555/4631/2565 2703/4887/2713 2552/4510/2562
f 2556/4634/2566 2762/4888/2773 2624/4635/2634
f 2548/4503/2558 2762/4882/2773 2556/4636/2566
f 2625/4640/2635 2703/4887/2713 2555/4631/2565
f 2558/4527/2568 2626/4643/2636 2766/4889/2777
f 2558/4525/2568 2766/4890/2777 2628/4648/2638
f 1767/2959/1774 2767/4891/2778 2065/3593/2072
f 2213/3871/2220 2632/4653/2642 1932/4533/1939
f 2561/4892/2571 2768/4893/2779 2217/4894/2224
f 2291/4002/2298 2637/4661/2647 2639/4664/2649
f 2354/4129/2361 2769/4895/2780 2638/4663/2648
f 2139/3726/2146 2638/4663/2648 2221/3883/2228
f 2770/4896/2781 2355/4136/2362 2221/3883/2228
f 2428/4286/2437 2567/4544/2577 2771/4897/2782
f 2223/3886/2230 2772/4898/2783 2567/4547/2577
f 2140/3728/2147 2429/4407/2438 2571/4549/2581
f 2431/4291/2440 2773/4899/2784 2708/4797/2718
f 2431/4291/2440 2573/4551/2583 2773/4899/2784
f 2496/4409/2506 2774/4900/2785 2297/4009/2304
f 2774/4900/2785 2775/4901/2786 2297/4009/2304
f 2297/4009/2304 2775/4901/2786 2229/3892/2236
f 2776/4902/2787 2647/4676/2657 2229/3892/2236
f 2574/4552/2584 2712/4801/2722 2648/4677/2658
f 2777/4903/2788 2358/4295/2365 2649/4678/2659
f 2007/3466/2014 2650/4680/2660 2714/4805/2724
f 2144/3733/2151 2232/3895/2239 2651/4904/2661
f 2080/3621/2087 2498/4412/2508 2778/4905/2789
f 2778/4905/2789 2301/4016/2308 2080/3621/2087
f 2651/4904/2661 2361/4143/2368 2779/4906/2790
f 2300/4015/2307 2780/4907/2791 2360/4142/2367
f 2779/4906/2790 2361/4143/2368 2577/4556/2587
f 2300/4015/2307 2303/4019/2310 2780/4907/2791
f 2301/4908/2308 2781/4909/2792 2652/4910/2662
f 2576/4555/2586 2782/4911/2793 2233/4808/2240
f 2363/4145/2370 2653/4685/2663 2577/4556/2587
f 2654/4686/2664 2366/4148/2373 2652/4684/2662
f 2234/3899/2241 2783/4912/2794 2303/4019/2310
f 2436/4297/2445 2654/4686/2664 2784/4913/2795
f 2655/4914/2665 2785/4915/2796 2500/4557/2510
f 2436/4297/2445 2786/4916/2797 2146/3736/2153
f 2435/4296/2444 2145/3734/2152 2369/4151/2376
f 2146/3741/2153 2786/4917/2797 2367/4149/2374
f 2787/4918/2798 2658/4690/2668 2239/3906/2246
f 2370/4152/2377 2371/4153/2378 2788/4919/2799
f 2717/4810/2727 2789/4920/2800 2240/3907/2247
f 2378/4160/2385 2790/4921/2801 2581/4562/2591
f 2371/4153/2378 2379/4164/2386 2788/4919/2799
f 2441/4308/2451 2791/4922/2802 2383/4175/2390
f 2439/4305/2448 2381/4172/2388 2792/4923/2803
f 2791/4922/2802 2793/4924/2804 2383/4175/2390
f 2507/4425/2517 2793/4925/2804 2660/4692/2670
f 2383/4175/2390 2793/4924/2804 2507/4565/2517
f 2510/4428/2520 2720/4815/2730 2511/4429/2521
f 2511/4429/2521 2720/4815/2730 2794/4926/2805
f 2511/4429/2521 2794/4926/2805 2512/4433/2522
f 2442/4437/2452 2722/4927/2732 2585/4568/2595
f 2589/4573/2599 2587/4701/2597 2795/4928/2806
f 2516/4442/2526 2796/4929/2807 2444/4313/2454
f 1796/4042/1803 2797/4930/2808 2590/4574/2600
f 1796/4042/1803 2445/4314/2455 2797/4930/2808
f 2447/4316/2457 2798/4931/2809 2314/4045/2321
f 2446/4443/2456 2664/4703/2674 2799/4932/2810
f 2096/3654/2103 2517/4445/2527 2522/4933/2532
f 2097/3655/2104 2726/4823/2736 2518/4446/2528
f 2246/3925/2253 2521/4449/2531 2800/4934/2811
f 2099/3658/2106 2452/4322/2462 2668/4707/2678
f 2593/4578/2603 2388/4181/2395 2801/4935/2812
f 2174/4049/2181 2100/4936/2107 2729/4826/2739
f 2100/4937/2107 2802/4938/2813 2729/4939/2739
f 2247/3926/2254 2802/4940/2813 2100/3659/2107
f 2522/4450/2532 2803/4941/2814 2452/4322/2462
f 2386/4179/2393 2519/4447/2529 2804/4942/2815
f 2519/4943/2529 2594/4944/2604 2804/4945/2815
f 2594/4579/2604 2315/4183/2322 2805/4946/2816
f 2727/4824/2737 2520/4822/2530 2451/4321/2461
f 2806/4947/2817 2524/4715/2534 2523/4948/2533
f 2454/4949/2464 2673/4950/2683 2807/4951/2818
f 2247/3926/2254 2674/4952/2684 2802/4940/2813
f 2454/4949/2464 2808/4953/2819 2597/4954/2607
f 2454/4949/2464 2807/4951/2818 2808/4953/2819
f 2598/4955/2608 2730/4956/2740 2809/4957/2820
f 2457/4328/2467 2810/4958/2821 2177/4329/2184
f 2730/4827/2740 2458/4332/2468 2732/4959/2742
f 2810/4958/2821 2600/4960/2610 2177/4329/2184
f 2391/4185/2398 2735/4834/2745 2038/3536/2045
f 2602/4590/2612 2603/4591/2613 2811/4961/2822
f 2812/4962/2823 2604/4592/2614 2676/4721/2686
f 2813/4963/2824 2603/4591/2613 2605/4594/2615
f 2812/4964/2823 2814/4965/2825 2677/4966/2687
f 2812/4964/2823 2677/4966/2687 2604/4967/2614
f 2605/4594/2615 2610/4725/2620 2813/4963/2824
f 2610/4725/2620 2815/4968/2826 2813/4963/2824
f 2814/4965/2825 2816/4969/2827 2677/4966/2687
f 2816/4970/2827 2608/4971/2618 2677/4972/2687
f 2608/4602/2618 2816/4973/2827 2817/4974/2828
f 2608/4602/2618 2817/4974/2828 2606/4596/2616
f 2606/4596/2616 2817/4974/2828 2818/4975/2829
f 2606/4596/2616 2818/4975/2829 2611/4608/2621
f 2818/4975/2829 2819/4976/2830 2611/4608/2621
f 2738/4841/2748 2330/4081/2337 2328/4078/2335
f 2610/4605/2620 2740/4843/2750 2820/4977/2831
f 2610/4978/2620 2820/4979/2831 2815/4980/2826
f 2611/4608/2621 2819/4976/2830 2741/4844/2751
f 2679/4729/2689 2529/4611/2539 2821/4981/2832
f 2687/4742/2697 2742/4845/2752 2822/4982/2833
f 2823/4983/2834 2614/4613/2624 2613/4743/2623
f 2332/4088/2339 2530/4463/2540 2744/4847/2754
f 2686/4741/2696 2402/4204/2409 2745/4984/2755
f 2746/4851/2756 2824/4985/2835 2531/4464/2541
f 2688/4744/2698 2825/4986/2836 2532/4466/2542
f 2687/4742/2697 2822/4982/2833 2334/4090/2341
f 2403/4465/2410 2826/4987/2837 2688/4744/2698
f 2334/4090/2341 2827/4988/2838 2535/4473/2545
f 2828/4989/2839 2827/4988/2838 2334/4090/2341
f 2829/4990/2840 2260/4203/2267 2465/4468/2475
f 2826/4991/2837 2534/4472/2544 2830/4992/2841
f 2826/4991/2837 2403/4205/2410 2534/4472/2544
f 2684/4739/2694 2831/4993/2842 2536/4474/2546
f 2464/4614/2474 2691/4994/2701 2465/4347/2475
f 2832/4995/2843 2615/4615/2625 2405/4208/2412
f 2689/4996/2699 2046/3560/2053 2538/4476/2548
f 2832/4995/2843 2405/4208/2412 2404/4207/2411
f 2833/4997/2844 2467/4349/2477 2193/3825/2200
f 2749/4998/2759 2834/4999/2845 2469/4351/2479
f 2834/4999/2845 2543/4619/2553 2469/4351/2479
f 2751/4858/2761 2753/4860/2763 2618/4621/2628
f 2835/5000/2846 2836/5001/2847 2694/5002/2704
f 2406/4209/2413 2837/5003/2848 2202/5004/2209
f 2541/4482/2551 2752/4859/2762 2695/4755/2705
f 2617/4620/2627 2696/4763/2706 2198/3842/2205
f 2693/5005/2703 2194/4213/2201 2411/4361/2418
f 2200/5006/2207 2472/5007/2482 2838/5008/2849
f 2838/5008/2849 2472/5007/2482 2753/5009/2763
f 2542/4484/2552 2754/4864/2764 2839/5010/2850
f 2620/4766/2630 2840/5011/2851 2549/4767/2559
f 2837/5012/2848 2481/4380/2491 2202/3851/2209
f 2841/5013/2852 2413/4224/2421 2697/4764/2707
f 2841/5014/2852 2271/3962/2278 2413/4371/2421
f 2756/4869/2767 2622/4625/2632 2478/4375/2488
f 2840/5015/2851 2760/5016/2771 2549/5017/2559
f 2417/4871/2426 2764/5018/2775 2757/4870/2768
f 2761/4881/2772 2548/4503/2558 2547/4499/2557
f 2759/5019/2770 2624/5020/2634 2762/5021/2773
f 2551/4642/2561 2842/5022/2853 2626/4643/2636
f 2626/5023/2636 2843/5024/2854 2766/5025/2777
f 2626/5023/2636 2842/5026/2853 2843/5024/2854
f 2627/5027/2637 2705/5028/2715 2844/5029/2855
f 2705/4793/2715 2345/4528/2352 2845/5030/2856
f 2845/5030/2856 2345/4528/2352 2421/4530/2430
f 2629/4650/2639 2846/5031/2857 2282/3979/2289
f 2847/5032/2858 2706/5033/2716 2283/5034/2290
f 2848/5035/2859 1590/5036/1597 2849/5037/2860
f 2849/5038/2860 1590/2671/1597 1931/3981/1938
f 1766/2958/1773 2631/4652/2641 2422/4263/2431
f 2064/3592/2071 2136/3722/2143 2850/5039/2861
f 1847/3116/1854 2559/4531/2569 2212/3870/2219
f 2559/4531/2569 2851/5040/2862 2212/3870/2219
f 2065/3982/2072 2852/5041/2863 2136/3722/2143
f 2767/5042/2778 1767/3430/1774 2491/4397/2501
f 2491/5043/2501 1932/4533/1939 2632/4653/2642
f 2562/4657/2572 2853/5044/2864 2634/4656/2644
f 2635/4658/2645 2854/5045/2865 2423/4265/2432
f 2635/5046/2645 2636/5047/2646 2768/4893/2779
f 2636/5047/2646 2217/4894/2224 2768/4893/2779
f 2768/4893/2779 2855/5048/2866 2635/5046/2645
f 2768/4893/2779 2856/5049/2867 2855/5048/2866
f 2768/4893/2779 2561/4892/2571 2856/5049/2867
f 2423/4271/2432 2769/4895/2780 2354/4129/2361
f 2564/4541/2574 2222/3884/2229 2857/5050/2868
f 2222/3884/2229 2568/4545/2578 2857/5050/2868
f 2569/4546/2579 2224/3887/2231 2858/5051/2869
f 2224/3887/2231 2074/3606/2081 2708/4797/2718
f 2430/4290/2439 2709/4798/2719 2294/4006/2301
f 2773/4899/2784 2573/4551/2583 2859/5052/2870
f 2860/5053/2871 2296/4008/2303 2642/4670/2652
f 2860/5053/2871 2432/4292/2441 2296/4008/2303
f 2710/4799/2720 2774/4900/2785 2496/4409/2506
f 2573/4551/2583 2433/4293/2442 2711/4800/2721
f 2775/4901/2786 2776/4902/2787 2229/3892/2236
f 2646/4675/2656 2714/4803/2724 2713/5054/2723
f 2712/5055/2722 2861/5056/2872 2648/5057/2658
f 2650/4680/2660 2008/3620/2015 2575/5058/2585
f 2862/5059/2873 2298/4012/2305 2231/3894/2238
f 2498/4412/2508 2863/5060/2874 2778/4905/2789
f 2298/4012/2305 2864/5061/2875 2299/4013/2306
f 2301/5062/2308 2778/5063/2789 2865/5064/2876
f 2299/4013/2306 2864/5061/2875 2576/4555/2586
f 2865/5065/2876 2781/4909/2792 2301/4908/2308
f 2782/5066/2793 2866/5067/2877 2233/3898/2240
f 2780/4907/2791 2303/4019/2310 2867/5068/2878
f 2233/3898/2240 2866/5067/2877 2364/4146/2371
f 2499/5069/2509 2868/5070/2879 2869/5071/2880
f 2653/4809/2663 2499/4413/2509 2869/5072/2880
f 2499/5069/2509 2435/4296/2444 2868/5070/2879
f 2234/3899/2241 2656/4688/2666 2783/4912/2794
f 2785/4915/2796 2368/4150/2375 2500/4557/2510
f 2870/5073/2881 2369/4151/2376 2871/5074/2882
f 2368/4150/2375 2872/5075/2883 2372/4154/2379
f 2786/4917/2797 2787/4918/2798 2367/4149/2374
f 2369/4151/2376 2578/4558/2588 2871/5074/2882
f 2787/4918/2798 2239/3906/2246 2367/4149/2374
f 2872/5075/2883 2873/5076/2884 2372/4154/2379
f 2372/4154/2379 2873/5076/2884 2580/4560/2590
f 2375/4157/2382 2874/5077/2885 2376/4158/2383
f 2375/4561/2382 2377/4298/2384 2875/5078/2886
f 2874/5077/2885 2876/5079/2887 2376/4158/2383
f 2377/4159/2384 2581/4562/2591 2875/5080/2886
f 2789/4920/2800 2877/5081/2888 2240/3907/2247
f 2378/4160/2385 2438/4300/2447 2790/4921/2801
f 2240/3907/2247 2877/5081/2888 2502/4418/2512
f 2718/5082/2728 2503/4419/2513 2502/4418/2512
f 2718/5083/2728 2878/5084/2889 2503/5085/2513
f 2718/4813/2728 2504/4812/2514 2879/5086/2890
f 2503/4419/2513 2878/5087/2889 2505/4423/2515
f 2878/5087/2889 2880/5088/2891 2505/4423/2515
f 2880/5089/2891 2504/4420/2514 2505/4422/2515
f 2382/4173/2389 2021/4174/2028 2881/5090/2892
f 2506/4693/2516 2660/4692/2670 2882/5091/2893
f 2583/5092/2593 2883/5093/2894 2384/4177/2391
f 2884/5094/2895 2661/4694/2671 2384/4177/2391
f 2661/4695/2671 2885/5095/2896 2720/4815/2730
f 2794/4926/2805 2722/4817/2732 2512/4433/2522
f 2721/5096/2731 2513/4436/2523 2662/5097/2672
f 2513/4436/2523 2161/4696/2168 2662/5097/2672
f 2589/4573/2599 2886/5098/2897 2443/4311/2453
f 2444/4313/2454 2887/5099/2898 2663/4702/2673
f 2094/3923/2101 2591/5100/2601 2664/4703/2674
f 2448/4317/2458 2888/5101/2899 2665/4704/2675
f 2521/4449/2531 2168/3780/2175 2668/4707/2678
f 2518/4446/2528 2726/4823/2736 2889/5102/2900
f 2387/4180/2394 2666/4705/2676 2890/5103/2901
f 2668/4707/2678 2452/4322/2462 2891/5104/2902
f 2801/4935/2812 2388/4181/2395 2592/4577/2602
f 2246/3925/2253 2800/4934/2811 2672/4712/2682
f 2452/4322/2462 2803/4941/2814 2891/5104/2902
f 2890/5105/2901 2523/4709/2533 2387/4318/2394
f 2892/5106/2903 2666/5107/2676 2670/5108/2680
f 2893/5109/2904 2386/4179/2393 2804/4942/2815
f 2890/5105/2901 2806/5110/2817 2523/4709/2533
f 2733/4832/2743 2894/5111/2905 2456/4327/2466
f 2729/5112/2739 2895/5113/2906 2595/5114/2605
f 2595/4580/2605 2895/5115/2906 2728/4825/2738
f 2524/4715/2534 2806/4947/2817 2674/4716/2684
f 2810/4958/2821 2457/4328/2467 2896/5116/2907
f 2671/5117/2681 2598/4955/2608 2809/4957/2820
f 2730/4956/2740 2732/5118/2742 2897/5119/2908
f 2600/4960/2610 2810/4958/2821 2898/5120/2909
f 2597/4954/2607 2808/4953/2819 2599/5121/2609
f 2038/3536/2045 2735/4834/2745 2525/4453/2535
f 2391/4185/2398 2899/5122/2910 2735/4834/2745
f 2602/4590/2612 2899/5122/2910 2391/4185/2398
f 2601/4720/2611 2526/4454/2536 2736/4835/2746
f 2602/4590/2612 2811/4961/2822 2899/5122/2910
f 2603/4591/2613 2813/4963/2824 2811/4961/2822
f 2736/4835/2746 2812/4962/2823 2676/4721/2686
f 2737/5123/2747 2900/5124/2911 2681/5125/2691
f 2679/4729/2689 2821/4981/2832 2739/4842/2749
f 2739/4842/2749 2901/5126/2912 2740/4843/2750
f 2740/4843/2750 2901/5126/2912 2820/4977/2831
f 2462/4344/2472 2902/5127/2913 2742/4845/2752
f 2742/5128/2752 2902/5129/2913 2822/5130/2833
f 2683/5131/2693 2614/5132/2624 2903/5133/2914
f 2260/3944/2267 2829/5134/2840 2685/4740/2695
f 2904/5135/2915 2824/5136/2835 2905/5137/2916
f 2532/4466/2542 2825/4986/2836 2533/4467/2543
f 2529/4611/2539 2743/5138/2753 2821/4981/2832
f 2739/4842/2749 2821/4981/2832 2901/5126/2912
f 2741/5139/2751 2906/5140/2917 2259/5141/2266
f 2613/4743/2623 2907/5142/2918 2823/4983/2834
f 2904/5135/2915 2908/5143/2919 2824/5136/2835
f 2682/4737/2692 2743/5144/2753 2185/3814/2192
f 2334/4090/2341 2822/4982/2833 2828/4989/2839
f 2907/5145/2918 2613/5146/2623 2689/5147/2699
f 2404/5148/2411 2824/5149/2835 2908/5150/2919
f 2531/5151/2541 2824/5152/2835 2404/5153/2411
f 2691/4747/2701 2909/5154/2920 2910/5155/2921
f 2535/4473/2545 2827/4988/2838 2692/4748/2702
f 2536/4474/2546 2831/4993/2842 2690/4746/2700
f 2690/4746/2700 2911/5156/2922 2192/3824/2199
f 2616/4617/2626 2909/5154/2920 2691/4747/2701
f 2691/4994/2701 2912/5157/2923 2465/4347/2475
f 2534/4472/2544 2615/5158/2625 2830/4992/2841
f 2616/4617/2626 2747/4852/2757 2909/5154/2920
f 2539/4477/2549 2748/4853/2758 2747/4852/2757
f 2468/4350/2478 2619/4622/2629 2913/5159/2924
f 2266/3951/2273 2755/4868/2766 2914/5160/2925
f 2749/5161/2759 2266/3951/2273 2914/5160/2925
f 2410/4218/2417 2915/5162/2926 2619/4622/2629
f 2543/4619/2553 2834/4999/2845 2756/4869/2767
f 2694/4753/2704 2836/5163/2847 2916/5164/2927
f 2694/5165/2704 2916/5166/2927 2752/5167/2762
f 2406/4209/2413 2750/4857/2760 2837/5003/2848
f 2542/4484/2552 2835/5168/2846 2694/5169/2704
f 2542/4484/2552 2839/5010/2850 2835/5168/2846
f 2410/4218/2417 2621/5170/2631 2915/5162/2926
f 2695/4755/2765 2917/5171/2928 2269/3957/2276
f 2474/4772/2484 2698/4771/2708 2695/4866/2765
f 2269/3957/2276 2917/5171/2928 2412/4223/2420
f 2544/4493/2554 2918/5172/2929 2755/4868/2766
f 2476/5173/2486 2757/5174/2768 2699/5175/2709
f 2837/5176/2848 2919/5177/2930 2481/5178/2491
f 2340/4102/2347 2920/5179/2931 2471/4354/2481
f 2840/5011/2851 2620/4766/2630 2921/5180/2932
f 2620/5181/2630 2701/5182/2711 2921/5183/2932
f 2544/4493/2554 2758/4872/2769 2922/5184/2933
f 2758/5185/2769 2923/5186/2934 2922/5187/2933
f 2757/5188/2768 2764/5189/2775 2924/5190/2935
f 2758/5185/2769 2703/5191/2713 2923/5186/2934
f 2925/5192/2936 2759/5019/2770 2762/5021/2773
f 2925/5193/2936 2762/5194/2773 2761/5195/2772
f 2758/5196/2769 2552/5197/2562 2703/1032/2713
f 2417/5198/2426 2704/5199/2714 2763/5200/2774
f 2704/5199/2714 2627/5027/2637 2926/5201/2937
f 2627/5027/2637 2844/5029/2855 2926/5201/2937
f 2843/5202/2854 2927/5203/2938 2766/5204/2777
f 2766/4890/2777 2927/5205/2938 2628/4648/2638
f 2705/5028/2715 2928/4508/2939 2844/5029/2855
f 2282/3979/2289 2847/5206/2858 2283/3980/2290
f 2063/3591/2070 2630/4651/2640 2346/4113/2353
f 2633/5207/2643 2634/5208/2644 2929/5209/2940
f 2930/5210/2941 2769/4895/2780 2423/4271/2432
f 2855/5048/2866 2931/5211/2942 2635/5046/2645
f 2633/4660/2643 2932/5212/2943 2637/4661/2647
f 2633/5207/2643 2929/5209/2940 2932/5213/2943
f 2855/5048/2866 2933/5214/2944 2931/5211/2942
f 2855/5215/2866 2934/5216/2945 2933/5217/2944
f 2856/5218/2867 2934/5216/2945 2855/5215/2866
f 2856/5219/2867 2561/5220/2571 2934/428/2945
f 2935/5221/2946 2932/5213/2943 2929/5209/2940
f 2562/4536/2572 2493/4404/2503 2936/5222/2947
f 2563/4539/2573 2427/4540/2436 2937/5223/2948
f 2565/4542/2575 2707/4795/2717 2493/4404/2503
f 2427/4540/2436 2564/5224/2574 2937/5223/2948
f 2221/3883/2228 2938/5225/2949 2939/5226/2950
f 2221/3883/2228 2939/5226/2950 2770/4896/2781
f 2356/4137/2363 2940/5227/2951 2566/4543/2576
f 2568/4545/2578 2941/5228/2952 2857/5050/2868
f 2568/4545/2578 2569/4546/2579 2941/5228/2952
f 2566/4543/2576 2940/5227/2951 2640/4668/2650
f 2567/4547/2577 2772/4898/2783 2942/5229/2953
f 2223/4288/2230 2494/4406/2504 2772/5230/2783
f 2224/3887/2231 2708/4797/2718 2858/5051/2869
f 2570/4548/2580 2943/5231/2954 2495/4408/2505
f 2708/4797/2718 2773/4899/2784 2944/5232/2955
f 2573/4551/2583 2711/4800/2721 2859/5052/2870
f 2643/4671/2653 2644/4672/2654 2945/5233/2956
f 2645/4673/2655 2358/4139/2365 2777/5234/2788
f 2777/5235/2788 2649/5236/2659 2946/5237/2957
f 2647/4676/2657 2947/5238/2958 2497/4410/2507
f 2144/3733/2151 2651/4904/2661 2649/4679/2659
f 2231/3894/2238 2716/4806/2726 2862/5059/2873
f 2498/4412/2508 2948/5239/2959 2863/5060/2874
f 2577/5240/2587 2653/4809/2663 2869/5072/2880
f 2784/4913/2795 2654/4686/2664 2652/4684/2662
f 2303/4019/2310 2783/4912/2794 2867/5068/2878
f 2949/5241/2960 2783/4912/2794 2656/4688/2666
f 2364/4146/2371 2866/5067/2877 2655/4687/2665
f 2866/5067/2877 2950/5242/2961 2655/4687/2665
f 2370/4152/2377 2951/5243/2962 2657/4689/2667
f 2370/4152/2377 2788/4919/2799 2951/5243/2962
f 2580/4560/2590 2952/5244/2963 2501/4417/2511
f 2376/4158/2383 2876/5079/2887 2304/4020/2311
f 2437/4299/2446 2953/5245/2964 2659/4691/2669
f 2788/4919/2799 2379/4164/2386 2954/5246/2965
f 2304/4020/2311 2955/5247/2966 2582/4563/2592
f 2437/4299/2446 2439/4305/2448 2956/5248/2967
f 2379/4164/2386 2241/3913/2248 2954/5246/2965
f 2241/3913/2248 2957/5249/2968 2954/5246/2965
f 2241/3913/2248 2506/4424/2516 2957/5249/2968
f 2382/4173/2389 2881/5090/2892 2381/4564/2388
f 2381/4564/2388 2881/5090/2892 2792/5250/2803
f 2307/4028/2314 2881/5251/2892 2021/3494/2028
f 2958/5252/2969 2508/4426/2518 2582/4563/2592
f 2660/4692/2670 2793/4925/2804 2882/5091/2893
f 2384/4177/2391 2883/5093/2894 2884/5094/2895
f 2794/4926/2805 2720/4815/2730 2885/5095/2896
f 2584/4567/2594 2309/4030/2316 2721/4816/2731
f 2722/4927/2732 2959/5253/2970 2585/4568/2595
f 2312/4040/2319 2960/5254/2971 2587/4571/2597
f 2313/4041/2320 2588/4572/2598 2724/4819/2734
f 2514/4440/2524 2515/4441/2525 2725/5255/2735
f 2443/4312/2453 2886/5256/2897 2516/4442/2526
f 2515/4821/2525 2590/4574/2600 2961/5257/2972
f 2796/4929/2807 2887/5099/2898 2444/4313/2454
f 2663/4702/2673 2962/5258/2973 2447/4316/2457
f 2446/4315/2456 2799/5259/2810 2445/4314/2455
f 2798/611/2809 2447/5260/2457 2962/5261/2973
f 2517/4445/2527 2665/4704/2675 2963/5262/2974
f 2667/5263/2677 2386/5264/2393 2893/5265/2904
f 2668/4707/2678 2800/4934/2811 2521/4449/2531
f 2389/4182/2396 2964/5266/2975 2592/4577/2602
f 2964/5266/2975 2389/4182/2396 2669/4708/2679
f 2890/5267/2901 2666/5107/2676 2892/5106/2903
f 2315/4046/2322 2965/5268/2976 2805/5269/2816
f 2315/4046/2322 2520/4448/2530 2965/5268/2976
f 2672/5270/2682 2800/5271/2811 2966/5272/2977
f 2967/5273/2978 2803/4941/2814 2522/4450/2532
f 2455/4830/2465 2968/5274/2979 2731/4828/2741
f 2455/4326/2465 2456/4327/2466 2968/5275/2979
f 2457/4328/2467 2596/4713/2606 2896/5116/2907
f 2969/5276/2980 2673/4950/2683 2667/5263/2677
f 2727/4824/2737 2965/5277/2976 2520/4822/2530
f 2970/5278/2981 2726/4823/2736 2593/4578/2603
f 2801/5279/2812 2971/5280/2982 2593/5281/2603
f 2804/4945/2815 2594/4944/2604 2972/5282/2983
f 2729/5112/2739 2973/5283/2984 2895/5113/2906
f 2729/4939/2739 2974/5284/2985 2973/5285/2984
f 2671/5117/2681 2975/5286/2986 2670/5108/2680
f 2673/4950/2683 2969/5276/2980 2807/4951/2818
f 2674/4716/2684 2976/5287/2987 2802/5288/2813
f 2594/4944/2604 2805/5289/2816 2977/5290/2988
f 2671/5117/2681 2809/4957/2820 2975/5286/2986
f 2526/4454/2536 2600/4586/2610 2978/5291/2989
f 2730/4956/2740 2897/5119/2908 2809/4957/2820
f 2979/5292/2990 2734/5293/2744 2599/5121/2609
f 2599/5121/2609 2808/4953/2819 2979/5292/2990
f 2732/5118/2742 2980/5294/2991 2897/5119/2908
f 2979/5292/2990 2981/5295/2992 2900/5124/2911
f 2979/5292/2990 2808/4953/2819 2981/5295/2992
f 2981/5295/2992 2681/5125/2691 2900/5124/2911
f 2982/5296/2993 2902/5129/2913 2981/5295/2992
f 2980/5294/2991 2680/5297/2690 2612/5298/2622
f 2980/5294/2991 2738/5299/2748 2680/5297/2690
f 2980/5300/2991 2983/5301/2994 2738/5302/2748
f 2906/5303/2917 2984/5304/2995 2678/4728/2688
f 2981/5295/2992 2462/5305/2472 2681/5125/2691
f 2259/5141/2266 2906/5140/2917 2678/5306/2688
f 2981/5307/2992 2902/5127/2913 2462/4344/2472
f 2985/5308/2996 2823/5309/2834 2907/5310/2918
f 2985/5308/2996 2986/5311/2997 2823/5309/2834
f 2823/5309/2834 2986/5311/2997 2614/5132/2624
f 2987/5312/2998 2530/5313/2540 2683/5131/2693
f 2988/5314/2999 2463/4345/2473 2685/4740/2695
f 2745/4848/2755 2463/4850/2473 2988/5315/2999
f 2989/5316/3000 2686/5317/2696 2745/4848/2755
f 2989/5318/3000 2990/5319/3001 2686/5320/2696
f 2680/5297/2690 2460/5321/2470 2612/5298/2622
f 2991/5322/3002 2330/5323/2337 2738/5324/2748
f 2741/4844/2751 2819/4976/2830 2992/5325/3003
f 2906/5303/2917 2741/4844/2751 2992/5325/3003
f 2993/5326/3004 2822/5130/2833 2902/5129/2913
f 2994/5327/3005 2744/4847/2754 2530/4463/2540
f 2746/5328/2756 2686/5317/2696 2990/5329/3001
f 2746/5328/2756 2905/5137/2916 2824/5136/2835
f 2826/4987/2837 2995/5330/3006 2688/4744/2698
f 2682/5331/2692 2330/5323/2337 2991/5322/3002
f 2991/5322/3002 2743/5332/2753 2682/5331/2692
f 2821/4981/2832 2996/5333/3007 2901/5126/2912
f 2822/5130/2833 2993/5326/3004 2828/5334/2839
f 2904/5335/2915 2997/5336/3008 2908/5337/2919
f 2830/5338/2841 2995/5339/3006 2826/5340/2837
f 2907/5145/2918 2689/5147/2699 2998/5341/3009
f 2828/5334/2839 2999/5342/3010 2827/5343/2838
f 2999/5342/3010 3000/5344/3011 2827/5343/2838
f 2684/5345/2694 3001/5346/3012 2831/5347/2842
f 2829/4990/2840 2465/4468/2475 2912/5348/2923
f 2910/5349/2921 2912/5157/2923 2691/4994/2701
f 3002/5350/3013 2830/4992/2841 2615/5158/2625
f 2827/4988/2838 3000/5351/3011 2692/4748/2702
f 2832/4995/2843 3002/5352/3013 2615/4615/2625
f 2911/5156/2922 2833/4997/2844 2192/3824/2199
f 2192/3824/2199 2833/4997/2844 2193/3825/2200
f 2750/4857/2760 2468/4478/2478 2913/5353/2924
f 2336/4094/2343 3003/5354/3014 3004/5355/3015
f 2748/4853/2758 2336/4094/2343 3004/5355/3015
f 2753/5009/2763 3005/5356/3016 2838/5008/2849
f 2838/5357/2849 2697/5358/2707 2200/5359/2207
f 2752/5167/2762 2917/5360/2928 2695/5361/2765
f 2336/4094/2343 2471/4354/2481 3003/5354/3014
f 2695/4865/2765 2698/5362/2708 2754/4864/2764
f 2754/5363/3017 2752/5167/3018 2695/5361/3019
f 2917/5171/2928 3006/5364/3020 2412/4223/2420
f 3006/5364/3020 2275/3969/2282 2412/4223/2420
f 2275/3969/2282 2920/5365/2931 2340/4494/2347
f 2699/5175/2709 2757/5174/2768 3007/5366/3021
f 2918/5367/2929 2544/5368/2554 2922/5369/2933
f 2699/4783/2709 3007/5370/3021 2702/4784/2712
f 2921/5371/2932 2701/5372/2711 2840/5373/2851
f 2481/4380/2491 2919/5374/2930 2547/4499/2557
f 3007/5375/3021 2757/5188/2768 2924/5190/2935
f 2701/4874/2711 2760/4876/2771 2840/5376/2851
f 2923/5186/2934 2703/5191/2713 3008/5377/3022
f 2702/4784/2712 3008/5378/3022 2623/4629/2633
f 2623/4629/2633 3008/5378/3022 2703/5379/2713
f 2760/4876/2771 2759/4875/2770 2765/4886/2776
f 2759/5380/2770 3009/5381/3023 2765/5382/2776
f 2763/5200/2774 2704/5199/2714 2926/5201/2937
f 2765/4886/2776 2842/5383/2853 2551/4879/2561
f 2842/5384/2853 3010/5385/3024 2843/5202/2854
f 2843/5202/2854 3010/5385/3024 2927/5203/2938
f 3011/5386/3025 2844/5387/2855 2928/5388/2939
f 2928/5388/2939 2705/4793/2715 2845/5030/2856
f 2706/4794/2716 2849/5389/2860 1931/3292/1938
f 3012/5390/3026 2767/5042/2778 2491/4397/2501
f 2634/5208/2644 3013/5391/3027 2929/5209/2940
f 2562/4536/2572 2936/5222/2947 2853/5392/2864
f 2423/4271/2432 2854/5393/2865 2930/5210/2941
f 2635/5046/2645 3014/5394/3028 2854/5395/2865
f 2635/5046/2645 2931/5211/2942 3014/5394/3028
f 2931/5396/2942 3015/5397/3029 3014/5398/3028
f 2931/5396/2942 2933/5217/2944 3015/5397/3029
f 2934/5216/2945 3015/5397/3029 2933/5217/2944
f 2561/4537/2571 3016/5399/3030 2934/5216/2945
f 2934/5216/2945 3016/5399/3030 3015/5397/3029
f 2561/4537/2571 2563/4539/2573 3016/5399/3030
f 2929/5209/2940 3017/5400/3031 2935/5221/2946
f 3013/5391/3027 3017/5400/3031 2929/5209/2940
f 3018/5401/3032 2639/4664/2649 2637/4661/2647
f 2638/4663/2648 2938/5225/2949 2221/3883/2228
f 2639/4664/2649 3019/5402/3033 2356/4137/2363
f 2356/4137/2363 3019/5402/3033 2940/5227/2951
f 2567/4544/2577 2942/5403/2953 2771/4897/2782
f 2770/4896/2781 2292/4004/2299 2355/4136/2362
f 2940/5227/2951 3020/5404/3034 2640/4668/2650
f 2640/5405/2650 3021/5406/3035 2429/5407/2438
f 2708/4797/2718 2944/5232/2955 3022/5408/3036
f 3023/5409/3037 2571/4549/2581 2429/4407/2438
f 2571/4549/2581 3023/5409/3037 2642/4670/2652
f 3023/5409/3037 3024/5410/3038 2642/4670/2652
f 2773/4899/2784 2859/5052/2870 2944/5232/2955
f 2570/4548/2580 2572/4550/2582 2943/5231/2954
f 2711/4800/2721 2645/4673/2655 3025/5411/3039
f 2860/5053/2871 2712/4801/2722 2432/4292/2441
f 2645/4673/2655 2777/5234/2788 2946/5412/2957
f 2648/5057/2658 2861/5056/2872 2715/5413/2725
f 2649/4679/2659 2651/4904/2661 3026/5414/3040
f 2948/5239/2959 2498/4412/2508 2715/4804/2725
f 2650/4680/2660 2575/5058/2585 3027/5415/3041
f 2360/4554/2367 3028/5416/3042 2575/4553/2585
f 3029/5417/3043 3030/5418/3044 3031/5419/3045
f 2360/4142/2367 2780/4907/2791 3032/5420/3046
f 3031/5421/3045 3033/5422/3047 3029/5423/3043
f 3031/5421/3045 2779/5424/2790 3033/5422/3047
f 2779/5424/2790 2577/5240/2587 3033/5422/3047
f 3034/5425/3048 2869/5071/2880 2868/5070/2879
f 3033/5422/3047 2869/5072/2880 3034/5426/3048
f 3033/5422/3047 2577/5240/2587 2869/5072/2880
f 2781/5427/2792 2784/5428/2795 2652/5429/2662
f 2868/5070/2879 2435/4296/2444 3035/5430/3049
f 2950/5431/2961 2785/4915/2796 2655/4914/2665
f 2436/4297/2445 3036/5432/3050 2786/4916/2797
f 2435/4296/2444 2369/4151/2376 3035/5430/3049
f 2368/4150/2375 2785/4915/2796 3037/5433/3051
f 3037/5433/3051 2872/5075/2883 2368/4150/2375
f 3038/5434/3052 3039/5435/3053 2787/4918/2798
f 2787/4918/2798 3039/5435/3053 2658/4690/2668
f 3039/5435/3053 2717/4810/2727 2658/4690/2668
f 2875/5078/2886 2874/5436/2885 2375/4561/2382
f 2953/5245/2964 2437/4299/2446 2956/5248/2967
f 2438/5437/2447 2718/5438/2728 2790/5439/2801
f 2790/5439/2801 2718/5438/2728 3040/5440/3054
f 2877/5081/2888 3040/5441/3054 2502/4418/2512
f 3040/5441/3054 2718/5082/2728 2502/4418/2512
f 3041/5442/3055 2878/5084/2889 2718/5083/2728
f 2718/4813/2728 2879/5086/2890 3041/5443/3055
f 2958/5252/2969 3042/5444/3056 2508/4426/2518
f 3043/5445/3057 2882/5446/2893 2793/5447/2804
f 2156/3761/2163 2719/4814/2729 2307/4028/2314
f 3042/5444/3056 2583/4566/2593 2508/4426/2518
f 2959/5448/2970 2312/4698/2319 2585/4697/2595
f 3044/5449/3058 2662/4700/2672 2586/4570/2596
f 3045/5450/3059 2960/5254/2971 2312/4040/2319
f 2795/4928/2806 2886/5098/2897 2589/4573/2599
f 3046/5451/3060 2725/5255/2735 2515/4441/2525
f 3047/5452/3061 2796/4929/2807 2516/4442/2526
f 3048/5453/3062 2665/4704/2675 2888/5101/2899
f 2591/5454/2601 2518/4446/2528 2889/5102/2900
f 3048/5453/3062 2963/5262/2974 2665/4704/2675
f 3049/5455/3063 2596/4581/2606 2390/4184/2397
f 2963/5262/2974 3050/5456/3064 2517/4445/2527
f 3049/5455/3063 2390/4184/2397 2675/4719/2685
f 2522/5457/2532 2517/5458/2527 3050/5459/3064
f 2667/5263/2677 3051/5460/3065 2969/5276/2980
f 3051/5460/3065 2667/5263/2677 2893/5265/2904
f 2970/5278/2981 2593/4578/2603 2971/5461/2982
f 2802/4938/2813 2974/5284/2985 2729/4939/2739
f 3052/5462/3066 2805/5269/2816 2965/5268/2976
f 3053/5463/3067 2806/5110/2817 2890/5105/2901
f 2893/5464/2904 2804/5465/2815 3051/5466/3065
f 2892/5106/2903 2670/5108/2680 2975/5286/2986
f 3054/5467/3068 2732/4831/2742 2731/4828/2741
f 3051/5468/3065 2804/5469/2815 2972/4838/2983
f 2734/5293/2744 2979/5292/2990 3055/5470/3069
f 2972/5282/2983 2594/4944/2604 2977/5290/2988
f 3052/5462/3066 2977/5471/2988 2805/5269/2816
f 2672/5270/2682 3056/5472/3070 2727/5473/2737
f 2895/5113/2906 3057/5474/3071 2728/5475/2738
f 2898/5120/2909 2978/5476/2989 2600/4960/2610
f 3051/5477/3065 2972/5282/2983 3058/5478/3072
f 3052/5479/3066 3059/5480/3073 2977/5290/2988
f 2727/5473/2737 3056/5472/3070 3060/5481/3074
f 2973/5283/2984 3057/5474/3071 2895/5113/2906
f 2806/4947/2817 3061/5482/3075 2674/4716/2684
f 2808/4953/2819 2807/4951/2818 2982/5296/2993
f 2807/4951/2818 3062/5483/3076 2982/5296/2993
f 3062/5483/3076 2807/4951/2818 2969/5276/2980
f 2806/4947/2817 3063/5484/3077 3061/5482/3075
f 2980/5485/2991 2732/4831/2742 3054/5467/3068
f 3058/5478/3072 2986/5311/2997 2985/5308/2996
f 2986/5311/2997 3058/5478/3072 2972/5282/2983
f 2674/4716/2684 3061/5482/3075 2976/5287/2987
f 2809/4957/2820 3064/5486/3078 2975/5286/2986
f 3065/5487/3079 2811/4961/2822 2813/4963/2824
f 3065/5487/3079 2813/4963/2824 3066/5488/3080
f 3067/5489/3081 2812/4962/2823 2736/4835/2746
f 3068/5490/3082 3060/5481/3074 2987/5312/2998
f 3060/5481/3074 3056/5472/3070 2987/5312/2998
f 3069/5491/3083 3057/5474/3071 2973/5283/2984
f 2973/5283/2984 3070/5492/3084 3069/5491/3083
f 3071/5493/3085 2989/5316/3000 3070/5492/3084
f 3063/5484/3077 2905/5137/2916 3061/5482/3075
f 2897/5119/2908 2612/5298/2622 2809/4957/2820
f 2980/5294/2991 2612/5298/2622 2897/5119/2908
f 2994/5494/3005 2987/5312/2998 3056/5472/3070
f 2994/5494/3005 3056/5472/3070 3072/5495/3086
f 3057/5474/3071 3069/5491/3083 3073/5496/3087
f 2975/5286/2986 3064/5486/3078 3074/5497/3088
f 3066/5488/3080 2813/4963/2824 2815/4968/2826
f 2900/5124/2911 2737/5123/2747 3075/5498/3089
f 2982/5296/2993 2981/5295/2992 2808/4953/2819
f 3062/5483/3076 2902/5129/2913 2982/5296/2993
f 3073/5496/3087 3069/5491/3083 2988/5315/2999
f 2745/4848/2755 3069/5491/3083 3070/5492/3084
f 3064/5486/3078 2825/5499/2836 3074/5497/3088
f 2809/4957/2820 2612/5298/2622 3064/5486/3078
f 2737/4840/2747 2678/4728/2688 2984/5304/2995
f 3062/5483/3076 2993/5326/3004 2902/5129/2913
f 2530/5313/2540 2987/5312/2998 2994/5494/3005
f 2745/4848/2755 3070/5492/3084 2989/5316/3000
f 2905/5137/2916 2746/5328/2756 3061/5482/3075
f 3064/5486/3078 2533/5500/2543 2825/5499/2836
f 2612/5298/2622 2533/5500/2543 3064/5486/3078
f 3076/5501/3090 2984/5304/2995 2906/5303/2917
f 2614/5132/2624 2986/5311/2997 2977/5290/2988
f 3059/5480/3073 2614/5132/2624 2977/5290/2988
f 3059/5480/3073 2903/5133/2914 2614/5132/2624
f 3072/5495/3086 2744/5502/2754 2994/5494/3005
f 3072/5495/3086 2684/5345/2694 2744/5502/2754
f 2745/4848/2755 2988/5315/2999 3069/5491/3083
f 2746/5328/2756 2990/5329/3001 3061/5482/3075
f 2738/5302/2748 3077/5503/3091 2991/5504/3002
f 3078/5505/3092 2818/4975/2829 2817/4974/2828
f 3076/5501/3090 2906/5303/2917 2992/5325/3003
f 2985/5506/2996 2907/5507/2918 3079/5508/3093
f 2905/5509/2916 2997/5336/3008 2904/5335/2915
f 2688/5510/2698 3074/5497/3088 2825/5499/2836
f 3077/5503/3091 3080/5511/3094 2991/5504/3002
f 3080/5511/3094 2743/5138/2753 2991/5504/3002
f 3078/5505/3092 2817/4974/2828 2816/4973/2827
f 3080/5511/3094 2821/4981/2832 2743/5138/2753
f 3080/5511/3094 2996/5333/3007 2821/4981/2832
f 2993/5326/3004 2999/5342/3010 2828/5334/2839
f 3079/5508/3093 2907/5507/2918 2998/5512/3009
f 2995/5339/3006 2830/5338/2841 3081/5513/3095
f 2998/5341/3009 3000/5344/3011 2999/5342/3010
f 2997/5514/3008 2832/5515/2843 2908/5516/2919
f 3082/5517/3096 2910/5518/2921 2909/5519/2920
f 3002/5520/3013 3081/5513/3095 2830/5338/2841
f 2998/5341/3009 2538/5521/2548 3000/5344/3011
f 2998/5341/3009 2689/5147/2699 2538/5521/2548
f 3081/5513/3095 2832/5515/2843 2997/5514/3008
f 3081/5513/3095 3002/5520/3013 2832/5515/2843
f 2692/4748/2702 3000/5351/3011 2538/4476/2548
f 2908/5516/2919 2832/5515/2843 2404/5522/2411
f 2617/4620/2627 2467/4349/2477 2833/4997/2844
f 2749/5161/2759 2914/5160/2925 3083/5523/3097
f 3084/5524/3098 2916/5164/2927 2836/5163/2847
f 3005/5525/3016 2753/4860/2763 2751/4858/2761
f 3085/5526/3099 2696/4763/2706 2617/4620/2627
f 3086/5527/3100 2697/5358/2707 3005/5528/3016
f 3005/5528/3016 2697/5358/2707 2838/5357/2849
f 3087/5529/3101 2836/5001/2847 2835/5000/2846
f 3087/5530/3101 2835/5168/2846 2839/5010/2850
f 2916/5166/2927 2917/5360/2928 2752/5167/2762
f 2693/5005/2703 2411/4361/2418 3088/5531/3102
f 2839/5010/2850 2754/4864/2764 3089/5532/3103
f 3090/5533/3104 2475/4364/2485 2696/4763/2706
f 3088/5534/3102 2411/4219/2418 2475/4364/2485
f 2754/5535/2764 2698/4771/2708 3089/5536/3103
f 3091/5537/3105 2919/5177/2930 2837/5176/2848
f 3092/5538/3106 2698/4771/2708 2479/4376/2489
f 3093/5539/3107 3094/5540/3108 3095/5541/3109
f 2275/3969/2282 3006/5364/3020 2920/5365/2931
f 3096/5542/3110 2921/5543/3111 3097/5544/3112
f 3007/5545/3021 3095/5541/3109 3094/5540/3108
f 3098/5546/3113 3095/5547/3109 3007/5548/3021
f 3099/5549/3114 2919/5374/2930 3100/5550/3115
f 3007/5370/3021 3094/5551/3108 2702/4784/2712
f 3098/5552/3113 3007/5375/3021 3101/5553/3116
f 2921/5543/3111 3096/5542/3110 3102/5554/3117
f 2921/5543/3111 3102/5554/3117 3103/5555/3118
f 3104/5556/3119 2919/5374/2930 3099/5549/3114
f 3105/5557/3120 2702/4784/2712 3094/5551/3108
f 2924/5190/2935 3101/5553/3116 3007/5375/3021
f 3104/5556/3119 2761/4881/2772 2547/4499/2557
f 3104/5556/3119 2547/4499/2557 2919/5374/2930
f 2702/5558/2712 3105/5559/3120 3008/5560/3022
f 2760/5561/3121 3102/5562/3117 3096/5563/3110
f 2760/5564/3121 3096/5565/3110 2925/5566/2936
f 3096/5542/3110 3106/5567/3122 2925/5568/2936
f 2760/5569/3121 2925/5193/2936 3102/5570/3117
f 3105/5571/3120 2923/5186/2934 3008/5377/3022
f 3102/5570/3117 2925/5193/2936 2761/5195/2772
f 3106/5567/3122 3009/5572/3023 2925/5568/2936
f 2925/5573/2936 3009/5381/3023 2759/5380/2770
f 2764/4885/2775 3107/5574/3123 3101/5575/3116
f 2924/5576/2935 2764/5577/2775 3101/5578/3116
f 2764/4885/2775 2763/4884/2774 3107/5574/3123
f 3108/5579/3124 2765/5382/2776 3009/5381/3023
f 2763/5580/2774 3109/5581/3125 3107/5582/3123
f 2763/5583/2774 2926/5584/2937 3109/5585/3125
f 3108/5579/3124 2842/5384/2853 2765/5382/2776
f 3108/5579/3124 3010/5385/3024 2842/5384/2853
f 3109/5585/3125 2926/5584/2937 2844/5586/2855
f 3110/5587/3126 2629/4650/2639 2628/5588/2638
f 3110/5589/3126 2628/4648/2638 2927/5205/2938
f 3010/5385/3024 3111/5590/3127 2927/5203/2938
f 3110/5589/3126 2927/5205/2938 3112/5591/3128
f 3112/5592/3128 2927/5203/2938 3111/5590/3127
f 2846/5031/2857 2847/5206/2858 2282/3979/2289
f 3113/5593/3129 2848/5594/2859 2849/5595/2860
f 2630/4651/2640 2422/4263/2431 2631/4652/2641
f 2850/5039/2861 2631/4652/2641 2064/3592/2071
f 2560/4532/2570 2212/3870/2219 2851/5040/2862
f 2852/5596/2863 2065/3593/2072 2767/4891/2778
f 2853/5597/2864 3013/5391/3027 2634/5208/2644
f 2854/5395/2865 3014/5394/3028 2930/5598/2941
f 2853/5597/2864 2936/5599/2947 3013/5391/3027
f 3114/5600/3130 2930/5601/2941 3014/5398/3028
f 3114/5600/3130 3014/5398/3028 3015/5397/3029
f 2935/5602/2946 3017/5603/3031 3115/5604/3131
f 3115/5605/3131 3017/5400/3031 3013/5391/3027
f 2936/5606/2947 3115/5604/3131 3013/5607/3027
f 3016/5608/3030 2563/5609/2573 2937/5610/2948
f 2707/4795/2717 2428/4286/2437 2771/4897/2782
f 2494/4406/2504 2495/4408/2505 3116/5611/3132
f 3021/5612/3035 3023/5409/3037 2429/4407/2438
f 3117/5613/3133 2495/4408/2505 2943/5231/2954
f 3118/5614/3134 2710/4799/2720 2641/4669/2651
f 3119/5615/3135 2572/4550/2582 2643/4671/2653
f 3119/5615/3135 2643/4671/2653 2945/5233/2956
f 3120/5616/3136 2859/5052/2870 2711/4800/2721
f 3120/5616/3136 2711/4800/2721 3025/5411/3039
f 3121/5617/3137 2775/4901/2786 2774/4900/2785
f 3122/5618/3138 2712/4801/2722 2860/5053/2871
f 3122/5618/3138 2861/5619/2872 2712/4801/2722
f 2714/4805/2724 2650/4680/2660 3123/5620/3139
f 3027/5621/3041 2575/4553/2585 3124/5622/3140
f 2651/4904/2661 2779/4906/2790 3125/5623/3141
f 3124/5622/3140 2575/4553/2585 3028/5416/3042
f 2864/5061/2875 2298/4012/2305 2862/5059/2873
f 3030/5624/3044 3029/5625/3043 3126/5626/3142
f 3127/5627/3143 3031/5419/3045 3030/5418/3044
f 2863/5628/2874 2865/5629/2876 2778/5630/2789
f 3128/5631/3144 3129/5632/3145 2865/5633/2876
f 3130/5634/3146 3129/5632/3145 3128/5631/3144
f 3029/5625/3043 3034/5425/3048 3126/5626/3142
f 3029/5423/3043 3033/5422/3047 3034/5426/3048
f 2865/5633/2876 3129/5632/3145 2781/5427/2792
f 3130/5635/3146 3131/5636/3147 3129/5637/3145
f 3132/5638/3148 3034/5425/3048 2868/5070/2879
f 2784/5639/2795 3129/5637/3145 3131/5636/3147
f 2784/5428/2795 2781/5427/2792 3129/5632/3145
f 3131/5636/3147 3036/5640/3050 2784/5639/2795
f 2949/5641/2960 2656/5642/2666 2657/5643/2667
f 2950/5431/2961 3037/5433/3051 2785/4915/2796
f 2951/5243/2962 2788/4919/2799 3133/5644/3149
f 2952/5244/2963 3134/5645/3150 2501/4417/2511
f 2788/4919/2799 2954/5246/2965 3133/5644/3149
f 3135/5646/3151 2955/5247/2966 2304/4020/2311
f 3134/5645/3150 2441/4308/2451 2501/4417/2511
f 3041/5442/3055 3136/5647/3152 2878/5084/2889
f 2879/5648/2890 2504/4420/2514 2880/5089/2891
f 2955/5247/2966 2958/5252/2969 2582/4563/2592
f 2793/4924/2804 2791/4922/2802 3137/5649/3153
f 2793/5447/2804 3137/5650/3153 3043/5445/3057
f 2719/4814/2729 2509/4427/2519 3138/5651/3154
f 2583/5092/2593 3139/5652/3155 2883/5093/2894
f 2661/4694/2671 2884/5094/2895 2885/5653/2896
f 2586/4570/2596 2723/4818/2733 3044/5449/3058
f 2587/4701/2597 3140/5654/3156 2795/4928/2806
f 3140/5654/3156 3141/5655/3157 2795/4928/2806
f 2886/5098/2897 3141/5655/3157 3142/5656/3158
f 2795/4928/2806 3141/5655/3157 2886/5098/2897
f 2886/5256/2897 3142/5657/3158 3047/5452/3061
f 2886/5256/2897 3047/5452/3061 2516/4442/2526
f 2887/5099/2898 3143/5658/3159 2663/4702/2673
f 2663/4702/2673 3144/5659/3160 2962/5258/2973
f 2798/4931/2809 2962/5258/2973 3145/5660/3161
f 3146/5661/3162 2888/5101/2899 2314/4045/2321
f 2314/4045/2321 2888/5101/2899 2448/4317/2458
f 2596/4581/2606 3049/5455/3063 2896/5662/2907
f 2522/5457/2532 3050/5459/3064 3147/5663/3163
f 2889/5664/2900 2726/5665/2736 3148/5666/3164
f 2592/5667/2602 2964/5668/2975 3149/5669/3165
f 2669/4708/2679 3150/5670/3166 2964/5266/2975
f 2966/5272/2977 3151/5671/3167 2672/5270/2682
f 2970/5672/2981 3152/5673/3168 2726/5665/2736
f 2801/5279/2812 3153/5674/3169 2971/5280/2982
f 2592/5667/2602 3149/5669/3165 2801/5279/2812
f 2669/4708/2679 2728/4825/2738 3150/5670/3166
f 2802/5288/2813 3071/5493/3085 2974/5675/2985
f 2896/5676/2907 3154/5677/3170 2810/5678/2821
f 3154/5677/3170 3155/5679/3171 2810/5678/2821
f 2672/5270/2682 3151/5671/3167 3056/5472/3070
f 2731/4828/2741 3156/5680/3172 3054/5467/3068
f 2810/4958/2821 3155/5681/3171 2898/5120/2909
f 2727/5473/2737 3060/5481/3074 2965/5682/2976
f 3053/3868/3067 3063/5683/3077 2806/5684/2817
f 2892/5106/2903 2975/5286/2986 3157/5685/3173
f 2978/5686/2989 2898/5687/2909 3155/5688/3171
f 3051/5689/3065 3058/5690/3072 3158/5691/3174
f 3052/5479/3066 2903/5133/2914 3059/5480/3073
f 2965/5682/2976 3068/5490/3082 3052/5479/3066
f 3052/5479/3066 3068/5490/3082 2903/5133/2914
f 2965/5682/2976 3060/5481/3074 3068/5490/3082
f 2728/5475/2738 3057/5474/3071 3073/5496/3087
f 2974/5675/2985 3071/5493/3085 3070/5492/3084
f 2735/4834/2745 2899/5122/2910 3159/5692/3175
f 2978/5693/2989 3160/5694/3176 2526/5695/2536
f 2979/5292/2990 2900/5124/2911 3055/5470/3069
f 3062/5483/3076 2969/5276/2980 3161/5696/3177
f 3058/5690/3072 2985/5506/2996 3158/5691/3174
f 2972/5282/2983 2977/5290/2988 2986/5311/2997
f 2974/5675/2985 3070/5492/3084 2973/5283/2984
f 2811/5697/2822 3162/5698/3178 2899/5699/2910
f 2736/5700/2746 3163/5701/3179 3067/5702/3081
f 2969/5276/2980 3158/5703/3174 3161/5696/3177
f 3068/5490/3082 2683/5131/2693 2903/5133/2914
f 3071/5493/3085 2976/5287/2987 2989/5316/3000
f 2976/5287/2987 2990/5329/3001 2989/5316/3000
f 3053/5704/3067 3164/5705/3180 3063/5706/3077
f 3065/5487/3079 3162/5707/3178 2811/4961/2822
f 2812/4962/2823 3067/5489/3081 2814/5708/2825
f 3061/5482/3075 2990/5329/3001 2976/5287/2987
f 3063/5706/3077 3164/5705/3180 2905/5509/2916
f 2975/5286/2986 3074/5497/3088 3157/5685/3173
f 3054/5709/3068 2983/5710/2994 2980/5711/2991
f 3075/5498/3089 2737/5123/2747 2984/5712/2995
f 3062/5483/3076 3161/5696/3177 2993/5326/3004
f 3068/5490/3082 2987/5312/2998 2683/5131/2693
f 2829/5713/2840 3073/5496/3087 2685/5714/2695
f 3073/5715/3087 2988/5314/2999 2685/4740/2695
f 3164/5705/3180 2997/5336/3008 2905/5509/2916
f 2983/5301/2994 3077/5503/3091 2738/5302/2748
f 2993/5326/3004 3161/5696/3177 2999/5342/3010
f 3165/5716/3181 3001/5346/3012 2684/5345/2694
f 2818/4975/2829 3078/5505/3092 3166/5717/3182
f 2688/5510/2698 2995/5339/3006 3074/5497/3088
f 2901/5126/2912 2996/5333/3007 2820/4977/2831
f 2820/4977/2831 2996/5333/3007 3167/5718/3183
f 2820/5719/2831 3167/5720/3183 2815/5721/2826
f 3166/5717/3182 2819/4976/2830 2818/4975/2829
f 2992/5722/3003 2819/5723/2830 3166/5724/3182
f 2829/5713/2840 2912/5725/2923 3168/5726/3184
f 2690/4746/2700 2831/4993/2842 3169/5727/3185
f 2690/4746/2700 3169/5727/3185 2911/5156/2922
f 2910/5349/2921 3170/5728/3186 2912/5157/2923
f 2913/5353/2924 3171/5729/3187 2750/4857/2760
f 3172/5730/3188 2834/4999/2845 2749/4998/2759
f 3172/5730/3188 3173/5731/3189 2834/4999/2845
f 2913/5159/2924 2619/4622/2629 3174/5732/3190
f 2619/4622/2629 2915/5162/2926 3174/5732/3190
f 2914/5733/2925 2755/5734/2766 3175/5735/3191
f 2836/5001/2847 3087/5529/3101 3176/5736/3192
f 3176/5736/3192 3084/5737/3098 2836/5001/2847
f 3177/5738/3193 2916/5164/2927 3084/5524/3098
f 3177/5738/3193 2917/5171/2928 2916/5164/2927
f 3090/5533/3104 3088/5534/3102 2475/4364/2485
f 3178/5739/3194 3097/5544/3112 3179/5740/3195
f 3179/5740/3195 2921/5543/3111 3180/5741/3196
f 3181/5742/3197 2841/5013/2852 2697/4764/2707
f 2698/4771/2708 3092/5538/3106 3089/5536/3103
f 2621/5170/2631 3182/5743/3198 2915/5162/2926
f 3179/5740/3195 3097/5544/3112 2921/5543/3111
f 3183/5744/3199 3093/5539/3107 3095/5541/3109
f 2841/5014/2852 3182/5745/3198 2271/3962/2278
f 2271/5746/2278 3182/5743/3198 2621/5170/2631
f 3091/5537/3105 3100/5747/3115 2919/5177/2930
f 3184/5748/3200 2755/5734/2766 2918/5749/2929
f 2921/5543/3111 3103/5555/3118 3180/5741/3196
f 3097/5544/3112 3106/5567/3122 3096/5542/3110
f 2918/5749/2929 2922/5750/2933 3185/5751/3201
f 2923/5186/2934 3186/5752/3202 2922/5187/2933
f 3187/5753/3203 2761/4881/2772 3104/5556/3119
f 3187/5754/3203 3102/5755/3117 2761/5756/2772
f 3101/5757/3116 3107/5758/3123 3188/5759/3204
f 3106/5567/3122 3108/5760/3124 3009/5572/3023
f 3106/5567/3122 3189/5761/3205 3108/5760/3124
f 3107/5762/3123 3109/5763/3125 3188/5764/3204
f 3108/5579/3124 3189/5765/3205 3010/5385/3024
f 3189/5765/3205 3190/5766/3206 3010/5385/3024
f 2844/5767/2855 3011/5768/3025 3109/5763/3125
f 3190/5766/3206 3111/5590/3127 3010/5385/3024
f 3110/5587/3126 2846/5031/2857 2629/4650/2639
f 3111/5590/3127 3191/5769/3207 3112/5592/3128
f 2845/5030/2856 3011/5386/3025 2928/5388/2939
f 2845/5030/2856 2421/4530/2430 3192/5770/3208
f 3193/5771/3209 2847/5206/2858 2846/5031/2857
f 3194/5772/3210 3113/5773/3129 3195/5774/3211
f 2850/5039/2861 2136/3722/2143 2852/5041/2863
f 3196/5775/3212 2852/5596/2863 2767/4891/2778
f 3012/5390/3026 2491/4397/2501 3197/5776/3213
f 2491/5043/2501 2632/4653/2642 3197/5777/3213
f 3018/5778/3032 2637/5779/2647 2932/5780/2943
f 3018/5401/3032 2932/5212/2943 3198/5781/3214
f 3114/5600/3130 3199/5782/3215 2930/5601/2941
f 3199/5783/3215 2769/4895/2780 2930/5210/2941
f 3199/5783/3215 2638/4663/2648 2769/4895/2780
f 3018/5401/3032 3200/5784/3216 2639/4664/2649
f 2638/4663/2648 3199/5783/3215 2938/5225/2949
f 2857/5050/2868 2941/5228/2952 3201/5785/3217
f 2770/4896/2781 3202/5786/3218 2292/4004/2299
f 2569/4546/2579 2858/5051/2869 2941/5228/2952
f 2858/5051/2869 2708/4797/2718 3203/5787/3219
f 3204/5788/3220 2641/5789/2651 2709/5790/2719
f 2641/4669/2651 3204/5791/3220 3118/5614/3134
f 3205/5792/3221 2943/5231/2954 3119/5615/3135
f 3118/5614/3134 3206/5793/3222 2710/4799/2720
f 2943/5231/2954 2572/4550/2582 3119/5615/3135
f 2944/5794/2955 2859/5795/2870 3207/5796/3223
f 2642/4670/2652 3208/5797/3224 2860/5053/2871
f 2642/4670/2652 3024/5410/3038 3208/5797/3224
f 2710/4799/2720 3206/5793/3222 3121/5617/3137
f 3121/5617/3137 2774/4900/2785 2710/4799/2720
f 2775/4901/2786 3209/5798/3225 2776/4902/2787
f 2645/4673/2655 2946/5412/2957 3025/5411/3039
f 2713/5799/2723 2714/5800/2724 3123/5801/3139
f 2776/3965/2787 2947/5802/2958 2647/5803/2657
f 2776/3965/2787 3209/5804/3225 2947/5802/2958
f 3025/5411/3039 2946/5412/2957 3210/5805/3226
f 2861/5056/2872 3211/5806/3227 2715/5413/2725
f 2649/5236/2659 3026/5807/3040 2946/5237/2957
f 2946/5237/2957 3026/5807/3040 3212/5808/3228
f 2947/5238/2958 2716/4806/2726 2497/4410/2507
f 3123/5620/3139 2650/4680/2660 3027/5415/3041
f 2651/4904/2661 3125/5623/3141 3026/5414/3040
f 3027/5621/3041 3124/5622/3140 3213/5809/3229
f 2716/4806/2726 3214/5810/3230 2862/5059/2873
f 3125/5623/3141 2779/4906/2790 3215/5811/3231
f 3216/5812/3232 3130/5813/3146 3128/5814/3144
f 3128/5815/3144 2865/5518/2876 2863/5816/2874
f 3128/5815/3144 2863/5816/2874 3216/5817/3232
f 3028/5818/3042 2360/4142/2367 3032/5420/3046
f 3031/5419/3045 3127/5627/3143 2779/5819/2790
f 3032/5420/3046 2780/4907/2791 2867/5068/2878
f 3126/5626/3142 3034/5425/3048 3132/5638/3148
f 2867/5068/2878 2783/4912/2794 3217/5820/3233
f 3218/5821/3234 2949/5822/2960 3219/5823/3235
f 3218/5824/3234 2783/4912/2794 2949/5241/2960
f 2866/5067/2877 3220/5825/3236 2950/5242/2961
f 2784/5639/2795 3036/5640/3050 2436/5826/2445
f 2657/4689/2667 3221/5827/3237 2949/5241/2960
f 3219/5828/3235 2949/5829/2960 3221/5830/3237
f 3037/5433/3051 3222/5831/3238 2872/5075/2883
f 2871/5074/2882 2578/4558/2588 3223/5832/3239
f 2951/5243/2962 3224/5833/3240 2657/4689/2667
f 2578/4558/2588 2579/4559/2589 3223/5832/3239
f 2873/5076/2884 2952/5244/2963 2580/4560/2590
f 2717/4810/2727 3225/5834/3241 2789/4920/2800
f 2790/4921/2801 3226/5835/3242 2581/4562/2591
f 3136/5836/3152 3040/5441/3054 2877/5081/2888
f 3136/5647/3152 3227/5837/3243 2878/5084/2889
f 3227/5838/3243 2880/5088/2891 2878/5087/2889
f 2506/4424/2516 2882/5839/2893 2957/5249/2968
f 2509/4427/2519 2584/4567/2594 3228/5840/3244
f 2584/4567/2594 3229/5841/3245 3228/5840/3244
f 2794/4926/2805 2885/5095/2896 3230/5842/3246
f 2584/4567/2594 2721/4816/2731 3229/5841/3245
f 2723/4818/2733 3231/5843/3247 3044/5449/3058
f 2960/5254/2971 3232/5844/3248 2587/4571/2597
f 3232/5844/3248 3140/5845/3156 2587/4571/2597
f 2588/4572/2598 3233/5846/3249 2724/4819/2734
f 2588/4572/2598 2725/4820/2735 3233/5846/3249
f 2445/4314/2455 2799/5259/2810 3234/5847/3250
f 2664/4703/2674 3235/5848/3251 2799/4932/2810
f 2664/4703/2674 3236/5849/3252 3235/5848/3251
f 3146/5661/3162 3237/5850/3253 2888/5101/2899
f 2668/5851/2678 3238/5852/3254 2800/5271/2811
f 2967/5273/2978 2522/4450/2532 3147/5853/3163
f 2889/5854/2900 3148/5855/3164 3239/5856/3255
f 2726/5665/2736 3152/5673/3168 3148/5666/3164
f 2801/5279/2812 3149/5669/3165 3153/5674/3169
f 2733/4832/2743 3240/5857/3256 2894/5111/2905
f 2891/5858/2902 2803/5859/2814 3241/5860/3257
f 2971/5461/2982 3242/5861/3258 2970/5278/2981
f 3153/5862/3169 3242/5861/3258 2971/5461/2982
f 2802/5288/2813 2976/5287/2987 3071/5493/3085
f 2890/5267/2901 2892/5106/2903 3053/5863/3067
f 3150/5864/3166 2728/5475/2738 3073/5496/3087
f 2735/5865/2745 3240/5866/3256 2733/5867/2743
f 2969/5276/2980 3051/5460/3065 3158/5703/3174
f 2735/5868/2745 3159/5869/3175 3240/5870/3256
f 2892/5106/2903 3157/5685/3173 3053/5863/3067
f 2526/4454/2536 3160/5871/3176 2736/4835/2746
f 3159/5872/3175 2899/5699/2910 3243/5873/3259
f 3055/5470/3069 2900/5124/2911 3075/5498/3089
f 3160/5871/3176 3163/5874/3179 2736/4835/2746
f 3158/5691/3174 2985/5506/2996 3079/5508/3093
f 3151/5671/3167 3165/5716/3181 3072/5495/3086
f 3067/5702/3081 2816/5875/2827 2814/5876/2825
f 2984/5712/2995 3244/5877/3260 3075/5498/3089
f 2684/5345/2694 3072/5495/3086 3165/5716/3181
f 2983/5710/2994 3245/5878/3261 3077/5879/3091
f 3067/5702/3081 3078/5880/3092 2816/5875/2827
f 3076/5881/3090 3244/5877/3260 2984/5712/2995
f 3161/5696/3177 3079/5882/3093 2999/5342/3010
f 3157/5685/3173 2995/5339/3006 3081/5513/3095
f 3074/5497/3088 2995/5339/3006 3157/5685/3173
f 2815/5721/2826 3167/5720/3183 3066/5883/3080
f 2999/5342/3010 3079/5882/3093 2998/5341/3009
f 3246/5884/3262 2912/5725/2923 3170/5885/3186
f 3082/5886/3096 3170/5728/3186 2910/5349/2921
f 2909/5154/2920 3247/5887/3263 3082/5888/3096
f 2911/5156/2922 3248/5889/3264 2833/4997/2844
f 2909/5154/2920 2747/4852/2757 3247/5887/3263
f 3083/5890/3097 3172/5730/3188 2749/4998/2759
f 3083/5891/3097 2914/5733/2925 3249/5892/3265
f 2750/5893/2760 3250/5894/3266 2837/5176/2848
f 3249/5892/3265 2914/5733/2925 3175/5735/3191
f 3173/5731/3189 3251/5895/3267 2834/4999/2845
f 2693/4749/2703 3252/5896/3268 2751/4858/2761
f 2915/5897/2926 3179/5898/3195 3174/4230/3190
f 3252/5896/3268 3253/5899/3269 2751/4858/2761
f 2915/330/2926 3178/5900/3194 3179/5901/3195
f 3175/5735/3191 2755/5734/2766 3254/5902/3270
f 2917/5171/2928 3177/5738/3193 3255/5903/3271
f 2696/4763/2706 3085/5526/3099 3256/5904/3272
f 2697/4764/2707 3086/5905/3100 3181/5742/3197
f 2839/5010/2850 3089/5532/3103 3257/5906/3273
f 2834/4999/2845 3258/5907/3274 2756/4869/2767
f 2917/5171/2928 3255/5903/3271 3006/5364/3020
f 2755/5734/2766 3184/5748/3200 3254/5902/3270
f 3095/5541/3109 3098/5908/3113 3259/5909/3275
f 2756/4869/2767 3258/5907/3274 2622/4625/2632
f 2920/5179/2931 3003/5354/3014 2471/4354/2481
f 2479/4779/2489 2700/4778/2710 3092/5910/3106
f 2918/5749/2929 3185/5751/3201 3184/5748/3200
f 3184/5911/3200 3185/5912/3201 3260/5913/3276
f 3261/5914/3277 3099/5549/3114 3100/5550/3115
f 3097/5915/3112 3262/5916/3278 3106/5917/3122
f 2922/5187/2933 3186/5752/3202 3185/5912/3201
f 2923/5186/2934 3263/5918/3279 3186/5752/3202
f 3105/5571/3120 3263/5918/3279 2923/5186/2934
f 3094/5540/3108 3263/5919/3279 3105/5920/3120
f 3103/5555/3118 3102/5554/3117 3187/5921/3203
f 3101/5553/3116 3188/5764/3204 3098/5552/3113
f 3112/5591/3128 3264/5922/3280 3110/5589/3126
f 3191/5923/3207 3264/5922/3280 3112/5591/3128
f 3265/5924/3281 3193/5771/3209 2846/5031/2857
f 2421/4262/2430 2346/4113/2353 3192/5925/3208
f 2706/4794/2716 3195/5926/3211 2849/5389/2860
f 3194/5772/3210 3195/5774/3211 3266/5927/3282
f 3195/5926/3211 3113/5928/3129 2849/5389/2860
f 3194/5929/3210 3266/5930/3282 3267/5931/3283
f 3113/5932/3129 3268/5933/3284 3269/5934/3285
f 3113/5932/3129 3269/5934/3285 2848/5935/2859
f 2848/5935/2859 2559/4531/2569 1590/2671/1597
f 2767/4891/2778 3012/5936/3026 3196/5775/3212
f 3015/5397/3029 3016/5399/3030 3270/5937/3286
f 3115/5604/3131 3271/5938/3287 2935/5602/2946
f 2936/5606/2947 3271/5938/3287 3115/5604/3131
f 2493/5939/2503 2707/5940/2717 2936/5606/2947
f 2939/5226/2950 3272/5941/3288 2770/4896/2781
f 2857/5050/2868 3201/5785/3217 3273/5942/3289
f 3019/5943/3033 3274/5944/3290 2940/5945/2951
f 2942/5229/2953 2772/4898/2783 3275/4162/3291
f 2940/5945/2951 3274/5944/3290 3020/5946/3034
f 3021/5947/3035 2640/4668/2650 3020/5404/3034
f 2494/4406/2504 3116/5611/3132 2772/5230/2783
f 2292/4004/2299 3202/5786/3218 2430/5948/2439
f 2495/4408/2505 3117/5613/3133 3116/5611/3132
f 2943/5231/2954 3205/5792/3221 3117/5613/3133
f 3022/5408/3036 2944/5232/2955 3276/5949/3292
f 3204/5788/3220 3277/5950/3293 3118/5951/3134
f 3118/5951/3134 3277/5950/3293 3206/5952/3222
f 3024/5953/3038 3278/5954/3294 3208/5955/3224
f 2859/5052/2870 3120/5616/3136 3207/5956/3223
f 2945/5233/2956 2644/4672/2654 3279/5957/3295
f 2644/4672/2654 3280/5958/3296 3279/5957/3295
f 2644/4672/2654 2713/4802/2723 3280/5958/3296
f 2713/5799/2723 3123/5801/3139 3280/5959/3296
f 2946/5237/2957 3212/5808/3228 3210/5960/3226
f 2715/4804/2725 3281/5961/3297 2948/5239/2959
f 3026/5414/3040 3125/5623/3141 3282/5962/3298
f 2862/5059/2873 3283/5963/3299 2864/5061/2875
f 3216/5812/3232 3284/5964/3300 3130/5813/3146
f 3030/5624/3044 3126/5626/3142 3285/5965/3301
f 3030/5418/3044 3285/5966/3301 3127/5627/3143
f 2864/5061/2875 3283/5963/3299 2576/4555/2586
f 3284/5964/3300 3286/5967/3302 3130/5813/3146
f 3132/5968/3148 2868/5969/2879 3287/5970/3303
f 2868/5070/2879 3035/5430/3049 3287/5971/3303
f 2783/4912/2794 3218/5824/3234 3217/5820/3233
f 2866/5067/2877 3288/5972/3304 3220/5825/3236
f 3220/5825/3236 3289/5973/3305 2950/5242/2961
f 3289/5974/3305 3290/5975/3306 2950/5431/2961
f 2950/5431/2961 3290/5975/3306 3037/5433/3051
f 3036/5432/3050 3291/5976/3307 2786/4916/2797
f 2369/4151/2376 2870/5073/2881 3035/5430/3049
f 2786/4917/2797 3291/5977/3307 2787/4918/2798
f 3291/5977/3307 3038/5434/3052 2787/4918/2798
f 2657/4689/2667 3224/5833/3240 3221/5827/3237
f 2951/5243/2962 3292/5978/3308 3224/5833/3240
f 2872/5075/2883 3293/5979/3309 2873/5076/2884
f 3039/5435/3053 3294/5980/3310 2717/4810/2727
f 2579/4559/2589 2659/4691/2669 3295/5981/3311
f 3135/5646/3151 3296/5982/3312 2955/5247/2966
f 3136/5647/3152 3041/5442/3055 3040/5983/3054
f 3041/5443/3055 2879/5086/2890 3040/5984/3054
f 2954/5246/2965 2957/5249/2968 3297/5985/3313
f 2880/5089/2891 3298/5986/3314 2879/5648/2890
f 2792/4923/2803 3299/5987/3315 2439/4305/2448
f 2792/5250/2803 2881/5090/2892 3300/5988/3316
f 3043/5989/3057 3301/5990/3317 2882/5839/2893
f 2881/5251/2892 2307/4028/2314 3302/5991/3318
f 2307/4028/2314 2719/4814/2729 3303/5992/3319
f 3137/5993/3153 3304/5994/3320 3043/5995/3057
f 3138/5651/3154 2509/4427/2519 3228/5840/3244
f 2884/5094/2895 3230/5996/3246 2885/5653/2896
f 3305/5997/3321 2722/4817/2732 2794/4926/2805
f 2662/5097/2672 3306/5998/3322 2721/5096/2731
f 2662/4700/2672 3044/5449/3058 3306/5999/3322
f 2959/5253/2970 3045/6000/3059 2312/4569/2319
f 2962/5258/2973 3307/6001/3323 3145/5660/3161
f 2664/4703/2674 2591/5100/2601 3236/5849/3252
f 2456/4327/2466 2894/5111/2905 2968/5275/2979
f 3048/5453/3062 3308/6002/3324 2963/5262/2974
f 2889/6003/2900 3239/6004/3255 3309/6005/3325
f 2675/4719/2685 2734/4833/2744 3310/6006/3326
f 2800/5271/2811 3238/5852/3254 2966/5272/2977
f 2668/5851/2678 2891/5858/2902 3238/5852/3254
f 2963/5262/2974 3308/6002/3324 3050/5456/3064
f 3241/5860/3257 3311/6007/3327 2891/5858/2902
f 2731/4828/2741 2968/5274/2979 3156/5680/3172
f 3148/5666/3164 3312/6008/3328 3239/6009/3255
f 3148/5666/3164 3313/6010/3329 3312/6008/3328
f 3149/5669/3165 3314/6011/3330 3153/5674/3169
f 2964/5668/2975 3314/6011/3330 3149/5669/3165
f 3150/5864/3166 3314/6011/3330 2964/5668/2975
f 3150/5864/3166 3315/6012/3331 3314/6011/3330
f 3154/5677/3170 3316/6013/3332 3155/5679/3171
f 3240/6014/3256 3159/6015/3175 3317/6016/3333
f 3318/6017/3334 3055/5470/3069 3075/5498/3089
f 3156/6018/3172 2983/5710/2994 3054/5709/3068
f 3160/5694/3176 2978/5693/2989 3319/6019/3335
f 3056/5472/3070 3151/5671/3167 3072/5495/3086
f 3073/5496/3087 2829/5713/2840 3168/5726/3184
f 2899/5699/2910 3162/5698/3178 3243/5873/3259
f 3160/5694/3176 3319/6019/3335 2992/5722/3003
f 3158/5703/3174 3079/5882/3093 3161/5696/3177
f 3053/5863/3067 3157/5685/3173 3164/6020/3180
f 3067/5702/3081 3163/5701/3179 3078/5880/3092
f 3160/5694/3176 3166/5724/3182 3163/5701/3179
f 3319/6019/3335 3076/5881/3090 2992/5722/3003
f 3244/5877/3260 3076/5881/3090 3319/6019/3335
f 3243/5873/3259 3077/5879/3091 3245/5878/3261
f 3160/5694/3176 2992/5722/3003 3166/5724/3182
f 3162/5698/3178 3077/5879/3091 3243/5873/3259
f 3065/6021/3079 2996/6022/3007 3162/5698/3178
f 3065/6021/3079 3167/5720/3183 2996/6022/3007
f 3066/5883/3080 3167/5720/3183 3065/6021/3079
f 3078/5880/3092 3163/5701/3179 3166/5724/3182
f 3157/5685/3173 3081/5513/3095 3164/6020/3180
f 3164/6020/3180 3081/5513/3095 2997/5514/3008
f 3077/5879/3091 3162/5698/3178 3080/6023/3094
f 3080/6023/3094 3162/5698/3178 2996/6022/3007
f 2912/5725/2923 3246/5884/3262 3168/5726/3184
f 3320/6024/3336 3321/6025/3337 3169/5727/3185
f 3322/6026/3338 3170/5728/3186 3082/5886/3096
f 3169/6027/3185 3321/6028/3337 3248/6029/3264
f 3248/6029/3264 2911/6030/2922 3169/6027/3185
f 3247/5887/3263 3322/6031/3338 3082/5888/3096
f 2747/4852/2757 3323/6032/3339 3247/5887/3263
f 2748/4853/2758 3323/6032/3339 2747/4852/2757
f 3324/6033/3340 3085/5526/3099 2617/4620/2627
f 2913/5353/2924 3325/6034/3341 3171/5729/3187
f 2750/4857/2760 3171/5729/3187 3250/6035/3266
f 2748/4853/2758 3004/5355/3015 3323/6032/3339
f 2913/5159/2924 3174/5732/3190 3325/6036/3341
f 3326/6037/3342 3175/5735/3191 3254/5902/3270
f 3177/6038/3193 3084/6039/3098 3327/6040/3343
f 2693/6041/2703 3088/6042/3102 3328/6043/3344
f 3174/5732/3190 3179/6044/3195 3329/6045/3345
f 3250/5894/3266 3091/5537/3105 2837/5176/2848
f 3176/5736/3192 3330/6046/3346 3084/5737/3098
f 3253/6047/3269 3005/6048/3016 2751/6049/2761
f 3176/5736/3192 3331/6050/3347 3330/6046/3346
f 3183/5744/3199 3095/5541/3109 3259/5909/3275
f 3176/5736/3192 3087/5529/3101 3331/6050/3347
f 2696/4763/2706 3256/5904/3272 3090/5533/3104
f 2834/4999/2845 3251/5895/3267 3258/5907/3274
f 3006/6051/3020 3255/6052/3271 3332/6053/3348
f 3091/5537/3105 3254/5902/3270 3333/6054/3349
f 3098/5908/3113 3334/6055/3350 3259/5909/3275
f 3091/5537/3105 3333/6054/3349 3100/5747/3115
f 3100/5747/3115 3333/6054/3349 3261/6056/3277
f 3185/5912/3201 3335/6057/3351 3260/5913/3276
f 3103/6058/3118 3336/6059/3352 3180/6060/3196
f 3186/5752/3202 3335/6057/3351 3185/5912/3201
f 3093/5539/3107 3263/5919/3279 3094/5540/3108
f 3103/6061/3118 3187/6062/3203 3337/6063/3353
f 3106/5917/3122 3338/6064/3354 3189/5765/3205
f 3109/5763/3125 3011/5768/3025 3188/5764/3204
f 3011/5768/3025 3339/6065/3355 3188/5764/3204
f 3110/5587/3126 3340/6066/3356 2846/5031/2857
f 3191/5769/3207 3341/6067/3357 3264/6068/3280
f 3111/5590/3127 3341/6067/3357 3191/5769/3207
f 3111/5590/3127 3190/5766/3206 3341/6067/3357
f 2845/5030/2856 3342/6069/3358 3011/5386/3025
f 2845/5030/2856 3192/5770/3208 3342/6069/3358
f 3193/5771/3209 3343/6070/3359 2847/5206/2858
f 2847/5206/2858 3343/6070/3359 2706/4794/2716
f 2630/4651/2640 3344/6071/3360 2346/4113/2353
f 3113/5932/3129 3194/5929/3210 3268/5933/3284
f 2935/5602/2946 3345/6072/3361 2932/6073/2943
f 2935/5602/2946 3271/5938/3287 3345/6072/3361
f 3114/5600/3130 3346/6074/3362 3199/5782/3215
f 3018/5401/3032 3198/5781/3214 3200/5784/3216
f 2707/4795/2717 3347/6075/3363 3271/6076/3287
f 2936/5606/2947 2707/5940/2717 3271/5938/3287
f 2937/6077/2948 3348/6078/3364 3349/6079/3365
f 2639/4664/2649 3200/5784/3216 3350/6080/3366
f 2937/6077/2948 2564/4541/2574 3348/6078/3364
f 2639/4664/2649 3350/6080/3366 3019/5402/3033
f 2564/4541/2574 2857/5050/2868 3348/6078/3364
f 2770/4896/2781 3272/5941/3288 3202/5786/3218
f 2941/5228/2952 3203/5787/3219 3351/6081/3367
f 2941/5228/2952 2858/5051/2869 3203/5787/3219
f 2430/6082/2439 3202/6083/3218 3352/6084/3368
f 2430/4290/2439 3352/6085/3368 2709/4798/2719
f 2708/4797/2718 3022/5408/3036 3203/5787/3219
f 2709/5790/2719 3352/6086/3368 3204/5788/3220
f 2944/5232/2955 3207/5956/3223 3276/5949/3292
f 3024/5410/3038 3023/5409/3037 3278/6087/3294
f 3207/6088/3223 3120/6089/3136 3353/6090/3369
f 2945/6091/2956 3354/6092/3370 3119/6093/3135
f 3208/5797/3224 3355/6094/3371 2860/5053/2871
f 2945/6091/2956 3279/6095/3295 3354/6092/3370
f 3025/5411/3039 3356/6096/3372 3120/5616/3136
f 2860/5053/2871 3355/6094/3371 3122/5618/3138
f 3121/5617/3137 3357/6097/3373 2775/4901/2786
f 2775/4901/2786 3357/6097/3373 3209/5798/3225
f 2715/5413/2725 3211/5806/3227 3281/6098/3297
f 3211/5806/3227 3358/6099/3374 3281/6098/3297
f 3280/5959/3296 3123/5801/3139 3359/6100/3375
f 3360/6101/3376 2947/5802/2958 3209/5804/3225
f 3210/5960/3226 3212/5808/3228 3361/6102/3377
f 3360/6103/3376 2716/4806/2726 2947/5238/2958
f 3123/5620/3139 3027/5415/3041 3359/6104/3375
f 3214/5810/3230 3283/5963/3299 2862/5059/2873
f 3362/6105/3378 3216/5817/3232 2863/5816/2874
f 3127/5627/3143 3215/6106/3231 2779/5819/2790
f 3363/6107/3379 2576/4555/2586 3283/5963/3299
f 3286/6108/3302 3364/6109/3380 3130/5635/3146
f 3364/6109/3380 3365/6110/3381 3131/5636/3147
f 3364/6109/3380 3131/5636/3147 3130/5635/3146
f 3363/6107/3379 2782/4911/2793 2576/4555/2586
f 3363/6111/3379 3288/5972/3304 2782/5066/2793
f 3365/6110/3381 3366/6112/3382 3131/5636/3147
f 3366/6112/3382 3036/5640/3050 3131/5636/3147
f 3288/5972/3304 2866/5067/2877 2782/5066/2793
f 3367/6113/3383 3218/5821/3234 3219/5823/3235
f 3288/6114/3304 3368/6115/3384 3220/6116/3236
f 3368/6117/3384 3289/5973/3305 3220/5825/3236
f 3369/6118/3385 3038/5434/3052 3291/5977/3307
f 3294/5980/3310 3039/5435/3053 3038/5434/3052
f 3292/5978/3308 2951/5243/2962 3133/5644/3149
f 3223/5832/3239 2579/4559/2589 3295/5981/3311
f 3370/6119/3386 2952/5244/2963 2873/5076/2884
f 2659/4691/2669 2953/5245/2964 3295/5981/3311
f 2876/5079/2887 3135/5646/3151 2304/4020/2311
f 3133/5644/3149 2954/5246/2965 3371/6120/3387
f 3372/6121/3388 3134/5645/3150 2952/5244/2963
f 3371/6120/3387 2954/5246/2965 3297/5985/3313
f 3225/5834/3241 2877/5081/2888 2789/4920/2800
f 3225/5834/3241 3373/6122/3389 2877/5081/2888
f 3373/6122/3389 3136/5836/3152 2877/5081/2888
f 3374/6123/3390 2790/5439/2801 3040/5440/3054
f 3040/5984/3054 2879/5086/2890 3298/6124/3314
f 2439/4305/2448 3299/5987/3315 2956/5248/2967
f 3299/6125/3315 2792/5250/2803 3300/5988/3316
f 3300/6126/3316 2881/5251/2892 3302/5991/3318
f 3302/5991/3318 2307/4028/2314 3303/5992/3319
f 3303/5992/3319 2719/4814/2729 3138/5651/3154
f 3042/5444/3056 3139/6127/3155 2583/4566/2593
f 3375/6128/3391 3230/5996/3246 2884/5094/2895
f 3230/5842/3246 3305/5997/3321 2794/4926/2805
f 3229/5841/3245 2721/4816/2731 3376/6129/3392
f 2721/5096/2731 3306/5998/3322 3376/6130/3392
f 3141/5655/3157 3377/6131/3393 3378/6132/3394
f 3141/5655/3157 3378/6132/3394 3142/5656/3158
f 2725/4820/2735 3046/6133/3060 3233/5846/3249
f 3140/5654/3156 3377/6131/3393 3141/5655/3157
f 3046/5451/3060 2515/4441/2525 2961/6134/2972
f 2590/4574/2600 3379/6135/3395 2961/5257/2972
f 2962/5258/2973 3144/5659/3160 3307/6001/3323
f 2799/4932/2810 3235/5848/3251 3234/6136/3250
f 3235/5848/3251 3236/5849/3252 3380/6137/3396
f 2798/4931/2809 3146/5661/3162 2314/4045/2321
f 2888/5101/2899 3237/5850/3253 3048/5453/3062
f 3048/5453/3062 3237/5850/3253 3308/6002/3324
f 3381/6138/3397 3154/6139/3170 2896/6140/2907
f 3049/5455/3063 2675/4719/2685 3310/6006/3326
f 2894/5111/2905 3240/5857/3256 3382/6141/3398
f 3308/6002/3324 3383/6142/3399 3050/5456/3064
f 3240/5857/3256 3317/6143/3333 3384/6144/3400
f 2734/5293/2744 3055/5470/3069 3310/6145/3326
f 2891/5858/2902 3311/6007/3327 3238/5852/3254
f 2967/5273/2978 3241/6146/3257 2803/4941/2814
f 3050/5459/3064 3383/6147/3399 3147/5663/3163
f 3309/6005/3325 3239/6004/3255 3312/6148/3328
f 3151/5671/3167 2966/5272/2977 3385/6149/3401
f 3148/5666/3164 3152/5673/3168 3313/6010/3329
f 3386/6150/3402 3152/5673/3168 2970/5672/2981
f 3387/6151/3403 3242/5861/3258 3153/5862/3169
f 3388/6152/3404 3238/5852/3254 3311/6007/3327
f 3389/6153/3405 3312/6008/3328 3313/6010/3329
f 3390/6154/3406 3153/5674/3169 3314/6011/3330
f 3150/5864/3166 3168/5726/3184 3315/6012/3331
f 3168/5726/3184 3150/5864/3166 3073/5496/3087
f 3155/6155/3171 3391/6156/3407 2978/6157/2989
f 3165/5716/3181 3151/5671/3167 3385/6149/3401
f 3245/6158/3261 3392/6159/3408 3243/6160/3259
f 3243/6161/3259 3392/6162/3408 3159/6163/3175
f 3393/6164/3409 3319/6165/3335 2978/6157/2989
f 3393/6164/3409 3244/6166/3260 3319/6165/3335
f 3318/6017/3334 3075/5498/3089 3244/5877/3260
f 3165/5716/3181 3385/6149/3401 3001/5346/3012
f 3385/6149/3401 3394/6167/3410 3001/5346/3012
f 3246/5884/3262 3315/6012/3331 3168/5726/3184
f 3394/6167/3410 3320/6168/3336 3001/5346/3012
f 2831/5347/2842 3001/5346/3012 3320/6168/3336
f 2831/4993/2842 3320/6024/3336 3169/5727/3185
f 2833/4997/2844 3248/5889/3264 3324/6033/3340
f 3324/6033/3340 2617/4620/2627 2833/4997/2844
f 3395/6169/3411 3250/6035/3266 3171/5729/3187
f 3326/6037/3342 3091/5537/3105 3250/5894/3266
f 3091/5537/3105 3326/6037/3342 3254/5902/3270
f 3328/6170/3344 3252/5896/3268 2693/4749/2703
f 3181/5742/3197 3086/5905/3100 3396/6171/3412
f 3086/5527/3100 3005/5528/3016 3397/6172/3413
f 3397/6173/3413 3005/6048/3016 3253/6047/3269
f 3179/6174/3195 3180/3097/3196 3329/6175/3345
f 3398/6176/3414 3178/6177/3194 3399/6178/3415
f 3399/6179/3415 3178/6180/3194 2915/532/2926
f 3400/6181/3416 3178/6182/3194 3398/6183/3414
f 3400/6181/3416 3097/6184/3112 3178/6182/3194
f 3093/6185/3107 3183/6186/3199 3401/6187/3417
f 3254/5902/3270 3184/5748/3200 3333/6054/3349
f 2700/4778/2710 2622/4625/2632 3258/5907/3274
f 3402/6188/3418 3261/5914/3277 3333/6189/3349
f 3402/6190/3418 3333/6191/3349 3184/6192/3200
f 3402/6193/3418 3184/6194/3200 3260/6195/3276
f 3334/6196/3350 3098/5552/3113 3403/6197/3419
f 3104/5556/3119 3261/5914/3277 3402/6188/3418
f 3261/5914/3277 3104/5556/3119 3099/5549/3114
f 3337/6063/3353 3336/6198/3352 3103/6061/3118
f 3404/6199/3420 3186/5752/3202 3263/5918/3279
f 3404/6200/3420 3263/6201/3279 3093/6185/3107
f 3262/5916/3278 3338/6064/3354 3106/5917/3122
f 3098/5552/3113 3188/5764/3204 3403/6197/3419
f 3338/6064/3354 3405/6202/3421 3189/5765/3205
f 3405/6202/3421 3190/5766/3206 3189/5765/3205
f 3339/6065/3355 3011/5768/3025 3342/6203/3358
f 3406/6204/3422 3407/6205/3423 3408/6206/3424
f 3408/6206/3424 3265/6207/3281 3406/6204/3422
f 3409/6208/3425 3406/6204/3422 3265/6207/3281
f 3110/5589/3126 3264/5922/3280 3340/6209/3356
f 3410/6210/3426 3341/6067/3357 3190/5766/3206
f 3265/6211/3281 2846/6212/2857 3340/6209/3356
f 3341/6213/3357 3340/6209/3356 3264/5922/3280
f 3265/6207/3281 3408/6206/3424 3193/6214/3209
f 3408/6206/3424 3411/6215/3427 3343/6216/3359
f 3408/6206/3424 3343/6216/3359 3193/6214/3209
f 3411/6215/3427 3412/6217/3428 3343/6216/3359
f 3412/6217/3428 2706/6218/2716 3343/6216/3359
f 3413/6219/3429 3266/6220/3282 3195/6221/3211
f 3267/5931/3283 3268/5933/3284 3194/5929/3210
f 2559/4531/2569 2848/5935/2859 3269/5934/3285
f 3414/6222/3430 2632/4653/2642 2560/4532/2570
f 3414/6222/3430 3197/5777/3213 2632/4653/2642
f 3198/6223/3214 2932/6073/2943 3345/6072/3361
f 3114/5600/3130 3015/5397/3029 3270/5937/3286
f 3415/6224/3431 3016/6225/3030 3349/6226/3365
f 3016/6225/3030 2937/6227/2948 3349/6226/3365
f 3350/6080/3366 3200/5784/3216 3198/5781/3214
f 3346/6228/3362 2938/5225/2949 3199/5783/3215
f 3416/6229/3432 2939/5226/2950 2938/5225/2949
f 3417/6230/3433 3275/4162/3291 2772/4898/2783
f 3201/5785/3217 2941/5228/2952 3351/6081/3367
f 3418/6231/3434 3021/5947/3035 3020/5404/3034
f 3419/6232/3435 3116/6233/3132 3117/6234/3133
f 3419/6232/3435 3117/6234/3133 3420/6235/3436
f 3420/6235/3436 3117/6234/3133 3205/6236/3221
f 3421/6237/3437 3023/6238/3037 3021/6239/3035
f 3422/6240/3438 3276/6241/3292 3207/6088/3223
f 3423/6242/3439 3206/5952/3222 3277/5950/3293
f 3422/6240/3438 3207/6088/3223 3353/6090/3369
f 3424/6243/3440 3121/6244/3137 3206/5952/3222
f 3425/6245/3441 3208/5955/3224 3278/5954/3294
f 3120/6089/3136 3426/6246/3442 3353/6090/3369
f 3120/6089/3136 3356/6247/3372 3426/6246/3442
f 3122/5618/3138 3211/6248/3227 2861/5619/2872
f 3209/5804/3225 3427/6249/3443 3360/6101/3376
f 3428/6250/3444 3210/5805/3226 3361/6251/3377
f 3212/6252/3228 3026/5414/3040 3282/5962/3298
f 3360/6103/3376 3429/6253/3445 2716/4806/2726
f 3281/5961/3297 3430/6254/3446 3431/6255/3447
f 3359/6104/3375 3027/5415/3041 3213/6256/3229
f 3281/5961/3297 3431/6255/3447 2948/5239/2959
f 2948/5239/2959 3362/6257/3378 2863/5060/2874
f 3432/6258/3448 3214/5810/3230 2716/4806/2726
f 3433/6259/3449 3284/5964/3300 3216/5812/3232
f 3126/6260/3142 3434/6261/3450 3285/5966/3301
f 3435/6262/3451 3127/5627/3143 3285/5966/3301
f 3435/6262/3451 3215/6106/3231 3127/5627/3143
f 3032/5420/3046 2867/5068/2878 3217/5820/3233
f 3367/6113/3383 3436/6263/3452 3218/5821/3234
f 3219/5828/3235 3221/5830/3237 3437/6264/3453
f 3036/5432/3050 3438/6265/3454 3291/5976/3307
f 3290/5975/3306 3439/6266/3455 3037/5433/3051
f 3438/6267/3454 3369/6118/3385 3291/5977/3307
f 3437/6268/3453 3221/5827/3237 3440/6269/3456
f 3440/6269/3456 3221/5827/3237 3224/5833/3240
f 2871/5074/2882 3223/5832/3239 3441/6270/3457
f 3038/5434/3052 3369/6118/3385 3294/5980/3310
f 3222/5831/3238 3293/5979/3309 2872/5075/2883
f 2717/4810/2727 3294/5980/3310 3225/5834/3241
f 3370/6119/3386 3372/6121/3388 2952/5244/2963
f 2581/4562/2591 3226/5835/3242 2875/5080/2886
f 3226/5835/3242 2790/4921/2801 3374/6271/3390
f 3373/6122/3389 3227/5838/3243 3136/5836/3152
f 3374/4786/3390 3040/5984/3054 3298/6124/3314
f 2880/6272/2891 3442/6273/3458 3298/6274/3314
f 2441/4308/2451 3443/6275/3459 2791/4922/2802
f 3296/5982/3312 2958/5252/2969 2955/5247/2966
f 2957/5249/2968 2882/5839/2893 3297/5985/3313
f 2882/5839/2893 3301/5990/3317 3297/5985/3313
f 3444/6276/3460 3137/5649/3153 2791/4922/2802
f 3301/5990/3317 3043/5989/3057 3445/6277/3461
f 3444/6276/3460 3446/6278/3462 3137/5649/3153
f 3043/5995/3057 3304/5994/3320 3445/6279/3461
f 3446/6278/3462 3304/6280/3320 3137/5649/3153
f 3375/6281/3391 2884/6282/2895 2883/6283/2894
f 3305/5997/3321 3447/6284/3463 2722/4817/2732
f 2723/4818/2733 2724/4819/2734 3231/5843/3247
f 3231/5843/3247 2724/4819/2734 3448/6285/3464
f 3448/6285/3464 2724/4819/2734 3233/5846/3249
f 3232/6286/3248 3377/6131/3393 3140/5654/3156
f 3046/6133/3060 3449/6287/3465 3450/6288/3466
f 3046/6289/3060 3450/6290/3466 3233/6291/3249
f 3378/6132/3394 3451/6292/3467 3142/5656/3158
f 3046/5451/3060 2961/6134/2972 3449/6293/3465
f 3451/6294/3467 3047/5452/3061 3142/5657/3158
f 2591/6295/2601 2889/6003/2900 3309/6005/3325
f 2896/5662/2907 3049/5455/3063 3452/6296/3468
f 3310/6006/3326 3453/6297/3469 3049/5455/3063
f 2894/5111/2905 3454/6298/3470 2968/5275/2979
f 3382/6141/3398 3240/5857/3256 3384/6144/3400
f 3154/6139/3170 3381/6138/3397 3316/6299/3332
f 3310/6145/3326 3055/5470/3069 3318/6017/3334
f 3308/6002/3324 3455/6300/3471 3383/6142/3399
f 3309/6005/3325 3312/6148/3328 3456/6301/3472
f 2967/6302/2978 3147/5663/3163 3457/6303/3473
f 3312/6148/3328 3389/6304/3405 3456/6301/3472
f 3242/6305/3258 3386/6150/3402 2970/5672/2981
f 3242/6305/3258 3387/6306/3403 3386/6150/3402
f 3311/6007/3327 3458/6307/3474 3459/6308/3475
f 3241/6146/3257 3458/6309/3474 3311/6310/3327
f 3241/6146/3257 2967/5273/2978 3458/6309/3474
f 2967/6302/2978 3457/6303/3473 3458/6311/3474
f 3147/5663/3163 3383/6147/3399 3460/6312/3476
f 3152/5673/3168 3461/6313/3477 3313/6010/3329
f 3316/6314/3332 3462/6315/3478 3155/6155/3171
f 3462/6315/3478 3391/6156/3407 3155/6155/3171
f 3238/5852/3254 3385/6149/3401 2966/5272/2977
f 3389/6304/3405 3463/6316/3479 3456/6301/3472
f 3463/6317/3479 3389/6153/3405 3464/6318/3480
f 3313/6010/3329 3464/6318/3480 3389/6153/3405
f 3153/5862/3169 3390/6319/3406 3387/6151/3403
f 3465/6320/3481 3317/6321/3333 3159/6322/3175
f 3391/6156/3407 3393/6164/3409 2978/6157/2989
f 3393/6323/3409 3318/6017/3334 3244/5877/3260
f 3238/5852/3254 3394/6167/3410 3385/6149/3401
f 3238/5852/3254 3388/6152/3404 3394/6167/3410
f 3388/6152/3404 3311/6007/3327 3466/6324/3482
f 3459/6308/3475 3466/6324/3482 3311/6007/3327
f 3383/6147/3399 3455/6325/3471 3460/6312/3476
f 3461/6313/3477 3464/6318/3480 3313/6010/3329
f 3314/6011/3330 3467/6326/3483 3390/6154/3406
f 3315/6012/3331 3246/5884/3262 3314/6011/3330
f 3246/5884/3262 3467/6326/3483 3314/6011/3330
f 3322/6327/3338 3467/6326/3483 3170/5885/3186
f 3246/5884/3262 3170/5885/3186 3467/6326/3483
f 3468/6328/3484 3321/6028/3337 3320/6168/3336
f 3468/6328/3484 3248/6029/3264 3321/6028/3337
f 3469/6329/3485 3324/6330/3340 3248/6029/3264
f 3322/6327/3338 3247/6331/3263 3470/6332/3486
f 3470/6332/3486 3247/6331/3263 3323/6333/3339
f 3325/6034/3341 3395/6169/3411 3171/5729/3187
f 3326/6037/3342 3250/5894/3266 3395/6334/3411
f 3175/5735/3191 3326/6037/3342 3471/6335/3487
f 3323/6032/3339 3004/5355/3015 3472/6336/3488
f 3473/6337/3489 3328/6043/3344 3474/6338/3490
f 3473/6339/3489 3252/5896/3268 3328/6170/3344
f 3474/6338/3490 3328/6043/3344 3475/6340/3491
f 3174/5732/3190 3476/6341/3492 3325/6036/3341
f 3475/6340/3491 3328/6043/3344 3088/6042/3102
f 3174/5732/3190 3329/6045/3345 3476/6341/3492
f 3251/5895/3267 3173/5731/3189 3477/6342/3493
f 3472/6343/3488 3004/6344/3015 3003/6345/3014
f 3183/5744/3199 3259/5909/3275 3173/6346/3189
f 3259/5909/3275 3477/6347/3493 3173/6346/3189
f 3477/6348/3493 3259/6349/3275 3334/6196/3350
f 3331/6350/3347 3087/5530/3101 3478/6351/3494
f 3478/6351/3494 3087/5530/3101 2839/5010/2850
f 3479/6352/3495 3401/6187/3417 3183/6186/3199
f 3480/6353/3496 2920/6354/2931 3006/6051/3020
f 3003/6345/3014 2920/6354/2931 3480/6353/3496
f 2915/5162/2926 3182/5743/3198 3399/6178/3415
f 3181/6355/3197 3182/5745/3198 2841/5014/2852
f 3400/6356/3416 3481/6357/3497 3097/5915/3112
f 3180/6060/3196 3336/6059/3352 3329/6045/3345
f 3097/5915/3112 3481/6357/3497 3262/5916/3278
f 3401/6187/3417 3482/6358/3498 3093/6185/3107
f 3483/6359/3499 3187/5753/3203 3104/5556/3119
f 3186/5752/3202 3404/6199/3420 3335/6057/3351
f 3482/6358/3498 3404/6200/3420 3093/6185/3107
f 3337/6063/3353 3187/6062/3203 3483/6360/3499
f 3406/6361/3422 3409/6362/3425 3407/6363/3423
f 3188/5764/3204 3339/6065/3355 3484/6364/3500
f 3405/6202/3421 3410/6210/3426 3190/5766/3206
f 3410/6210/3426 3485/6365/3501 3341/6067/3357
f 3485/6366/3501 3340/6209/3356 3341/6213/3357
f 3340/6209/3356 3486/6367/3502 3265/6211/3281
f 2346/4113/2353 3487/6368/3503 3192/5925/3208
f 3412/6217/3428 3488/6369/3504 2706/6218/2716
f 3488/6370/3504 3195/5926/3211 2706/4794/2716
f 3413/6371/3429 3195/5926/3211 3488/6370/3504
f 3012/5936/3026 3489/6372/3505 3196/5775/3212
f 3198/5781/3214 3490/6373/3506 3350/6080/3366
f 3347/6075/3363 2707/4795/2717 3491/6374/3507
f 2707/4795/2717 2771/4897/2782 3491/6374/3507
f 3350/6080/3366 3492/6375/3508 3019/5402/3033
f 3348/6078/3364 2857/5050/2868 3493/6376/3509
f 2939/5226/2950 3494/6377/3510 3272/5941/3288
f 3019/5943/3033 3495/6378/3511 3274/5944/3290
f 3417/6379/3433 2772/5230/2783 3116/5611/3132
f 3202/6380/3218 3496/6381/3512 3352/6086/3368
f 3418/6382/3434 3421/6383/3437 3021/1138/3035
f 3022/5408/3036 3497/6384/3513 3203/5787/3219
f 3497/6385/3513 3022/6386/3036 3276/6241/3292
f 3352/6086/3368 3498/6387/3514 3204/5788/3220
f 3498/6387/3514 3277/5950/3293 3204/5788/3220
f 3498/6387/3514 3499/6388/3515 3277/5950/3293
f 3497/6385/3513 3276/6241/3292 3422/6240/3438
f 3420/6235/3436 3205/6236/3221 3500/6389/3516
f 3501/6390/3517 3023/6238/3037 3421/6237/3437
f 3499/6388/3515 3423/6242/3439 3277/5950/3293
f 3501/6390/3517 3502/6391/3518 3023/6238/3037
f 3205/6236/3221 3119/6093/3135 3500/6389/3516
f 3502/6391/3518 3278/5954/3294 3023/6238/3037
f 3500/6389/3516 3119/6093/3135 3503/6392/3519
f 3423/6242/3439 3424/6243/3440 3206/5952/3222
f 3422/6240/3438 3353/6090/3369 3504/6393/3520
f 3278/5954/3294 3502/6391/3518 3425/6245/3441
f 3503/6392/3519 3119/6093/3135 3354/6092/3370
f 3424/6243/3440 3505/6394/3521 3121/6244/3137
f 3208/5955/3224 3425/6245/3441 3355/6395/3371
f 3505/6394/3521 3357/6396/3373 3121/6244/3137
f 3356/6096/3372 3025/5411/3039 3506/6397/3522
f 3025/5411/3039 3210/5805/3226 3506/6397/3522
f 3506/6397/3522 3210/5805/3226 3428/6250/3444
f 3507/6398/3523 3280/5959/3296 3359/6100/3375
f 3211/5806/3227 3508/6399/3524 3358/6099/3374
f 3212/5808/3228 3282/6400/3298 3361/6102/3377
f 3358/6099/3374 3430/6401/3446 3281/6098/3297
f 3508/6399/3524 3430/6401/3446 3358/6099/3374
f 3213/6256/3229 3509/6402/3525 3359/6104/3375
f 3282/5962/3298 3125/5623/3141 3510/6403/3526
f 2716/4806/2726 3429/6253/3445 3432/6258/3448
f 3431/6255/3447 3362/6257/3378 2948/5239/2959
f 3213/6404/3229 3124/6405/3140 3511/6406/3527
f 3028/5818/3042 3511/6407/3527 3124/6408/3140
f 3028/5818/3042 3032/5420/3046 3511/6407/3527
f 3433/6259/3449 3286/5967/3302 3284/5964/3300
f 3032/5420/3046 3512/6409/3528 3511/6407/3527
f 3285/5966/3301 3434/6261/3450 3435/6262/3451
f 3216/5817/3232 3362/6105/3378 3433/6410/3449
f 3126/5626/3142 3513/6411/3529 3434/6412/3450
f 3283/5963/3299 3514/6413/3530 3363/6107/3379
f 3126/5626/3142 3132/5638/3148 3515/6414/3531
f 3217/6415/3233 3218/5821/3234 3436/6263/3452
f 3219/5828/3235 3437/6264/3453 3516/6416/3532
f 2870/5073/2881 3517/6417/3533 3035/5430/3049
f 3439/6266/3455 3518/6418/3534 3037/5433/3051
f 2871/5074/2882 3441/6270/3457 2870/5073/2881
f 3037/5433/3051 3518/6418/3534 3222/5831/3238
f 3292/5978/3308 3133/5644/3149 3519/6419/3535
f 3520/6420/3536 3223/5832/3239 3295/5981/3311
f 2873/5076/2884 3293/5979/3309 3370/6119/3386
f 3294/5980/3310 3521/6421/3537 3225/5834/3241
f 3373/6122/3389 3522/6422/3538 3227/5838/3243
f 3298/6423/3314 3442/6424/3458 3374/6425/3390
f 3522/6422/3538 3442/6426/3458 3227/5838/3243
f 3227/5838/3243 3442/6426/3458 2880/5088/2891
f 3134/5645/3150 3443/6275/3459 2441/4308/2451
f 3443/6275/3459 3444/6276/3460 2791/4922/2802
f 2883/5093/2894 3139/5652/3155 3375/6128/3391
f 3229/5841/3245 3376/6129/3392 3523/6427/3539
f 2722/4927/2732 3447/6428/3463 2959/5253/2970
f 2960/5254/2971 3524/6429/3540 3232/5844/3248
f 3378/6132/3394 3377/6131/3393 3525/6430/3541
f 2796/4929/2807 3526/6431/3542 2887/5099/2898
f 2797/4930/2808 2445/4314/2455 3527/6432/3543
f 3143/5658/3159 3528/6433/3544 2663/4702/2673
f 2445/6434/2455 3234/6136/3250 3527/6435/3543
f 2663/4702/2673 3528/6433/3544 3144/5659/3160
f 3145/5660/3161 3529/6436/3545 2798/4931/2809
f 2896/5662/2907 3452/6296/3468 3381/6437/3397
f 2894/6438/2905 3382/6439/3398 3454/1348/3470
f 3310/6145/3326 3318/6017/3334 3453/6440/3469
f 2968/6441/2979 3454/6442/3470 3156/6018/3172
f 3317/6321/3333 3530/6443/3546 3384/6444/3400
f 3465/6320/3481 3530/6443/3546 3317/6321/3333
f 3457/6445/3473 3531/6446/3547 3458/6447/3474
f 3387/6151/3403 3532/6448/3548 3386/6449/3402
f 3454/6442/3470 3245/5878/3261 2983/5710/2994
f 3152/5673/3168 3386/6150/3402 3461/6313/3477
f 3533/6450/3549 3461/6451/3477 3386/6452/3402
f 3393/6164/3409 3391/6156/3407 3534/6453/3550
f 3147/5663/3163 3535/6454/3551 3457/6303/3473
f 3147/5663/3163 3460/6312/3476 3535/6454/3551
f 3463/6455/3479 3536/6456/3552 3456/6457/3472
f 3159/6458/3175 3392/6459/3408 3465/6460/3481
f 3455/6300/3471 3537/6461/3553 3460/6462/3476
f 3463/6455/3479 3464/6463/3480 3536/6456/3552
f 3460/6464/3476 3538/6465/3554 3535/6466/3551
f 3539/6467/3555 3464/6318/3480 3461/6313/3477
f 3390/6154/3406 3467/6326/3483 3540/6468/3556
f 3466/6324/3482 3468/6328/3484 3388/6152/3404
f 3394/6167/3410 3388/6152/3404 3320/6168/3336
f 3541/6469/3557 3468/6328/3484 3466/6324/3482
f 3470/6332/3486 3540/6468/3556 3467/6326/3483
f 3320/6168/3336 3388/6152/3404 3468/6328/3484
f 3248/6029/3264 3468/6328/3484 3541/6469/3557
f 3470/6332/3486 3467/6326/3483 3322/6327/3338
f 3541/6469/3557 3469/6329/3485 3248/6029/3264
f 3542/6470/3558 3469/6329/3485 3541/6469/3557
f 3469/6471/3485 3543/6472/3559 3324/6473/3340
f 3249/5892/3265 3175/5735/3191 3471/6335/3487
f 3544/6474/3560 3326/6475/3342 3395/6476/3411
f 3395/6477/3411 3325/6036/3341 3544/6478/3560
f 3172/5730/3188 3083/5890/3097 3545/6479/3561
f 3172/5730/3188 3545/6479/3561 3173/5731/3189
f 3255/5903/3271 3177/5738/3193 3327/6480/3343
f 3546/6481/3562 3327/6482/3343 3084/5737/3098
f 3252/5896/3268 3547/6483/3563 3253/5899/3269
f 3173/6484/3189 3548/4055/3564 3183/6485/3199
f 3330/6046/3346 3549/6486/3565 3546/6481/3562
f 3084/5737/3098 3330/6046/3346 3546/6481/3562
f 3090/6487/3104 3475/6340/3491 3088/6042/3102
f 3256/6488/3272 3475/6340/3491 3090/6487/3104
f 3330/6046/3346 3331/6050/3347 3549/6486/3565
f 3086/5527/3100 3550/6489/3566 3396/6490/3412
f 3086/5527/3100 3397/6172/3413 3550/6489/3566
f 3251/5895/3267 3551/6491/3567 3258/5907/3274
f 3089/5532/3103 3552/6492/3568 3257/5906/3273
f 3006/6051/3020 3332/6053/3348 3480/6353/3496
f 3551/6491/3567 3553/6493/3569 3258/5907/3274
f 3092/5538/3106 3552/6494/3568 3089/5536/3103
f 3260/5913/3276 3554/6495/3570 3402/6496/3418
f 3481/6357/3497 3555/6497/3571 3262/5916/3278
f 3336/6498/3352 3337/6499/3353 3556/6500/3572
f 3404/6199/3420 3482/6501/3498 3335/6057/3351
f 3556/6502/3572 3337/6503/3353 3557/6504/3573
f 3405/6505/3421 3338/6506/3354 3558/6507/3574
f 3403/6197/3419 3188/5764/3204 3484/6364/3500
f 3405/6505/3421 3558/6507/3574 3559/6508/3575
f 3559/6508/3575 3558/6507/3574 3409/6208/3425
f 3559/6509/3575 3560/6510/3576 3405/6511/3421
f 3405/6202/3421 3560/6512/3576 3410/6210/3426
f 3409/6208/3425 3486/6513/3502 3559/6508/3575
f 3561/6514/3577 3559/6509/3575 3486/6515/3502
f 3407/6516/3423 3562/6517/3578 3408/6518/3424
f 3409/6208/3425 3265/6207/3281 3486/6513/3502
f 3485/6366/3501 3486/6367/3502 3340/6209/3356
f 3192/5770/3208 3563/6519/3579 3342/6069/3358
f 3408/6518/3424 3562/6517/3578 3411/6520/3427
f 3192/5770/3208 3487/6521/3503 3563/6519/3579
f 2346/4113/2353 3344/6071/3360 3487/6368/3503
f 2631/4652/2641 3564/6522/3580 2630/4651/2640
f 2631/4652/2641 2850/5039/2861 3564/6522/3580
f 3012/5390/3026 3197/5776/3213 3489/6523/3505
f 3348/6078/3364 3493/6376/3509 3565/6524/3581
f 2771/4897/2782 3566/6525/3582 3491/6374/3507
f 3019/5402/3033 3492/6375/3508 3495/6526/3511
f 2857/5050/2868 3273/5942/3289 3493/6376/3509
f 2942/5403/2953 3275/6527/3291 3567/6528/3583
f 3568/6529/3584 3275/6530/3291 3417/6531/3433
f 3272/6532/3288 3496/6381/3512 3202/6380/3218
f 3020/5404/3034 3569/6533/3585 3418/6231/3434
f 3421/6237/3437 3418/6534/3434 3570/6535/3586
f 3498/6387/3514 3352/6086/3368 3496/6381/3512
f 3498/6387/3514 3422/6240/3438 3499/6388/3515
f 3498/6387/3514 3497/6385/3513 3422/6240/3438
f 3420/6235/3436 3500/6389/3516 3501/6390/3517
f 3501/6390/3517 3500/6389/3516 3502/6391/3518
f 3422/6240/3438 3423/6242/3439 3499/6388/3515
f 3500/6389/3516 3571/6536/3587 3502/6391/3518
f 3500/6389/3516 3503/6392/3519 3571/6536/3587
f 3423/6242/3439 3422/6240/3438 3504/6393/3520
f 3571/6536/3587 3425/6245/3441 3502/6391/3518
f 3426/6246/3442 3504/6393/3520 3353/6090/3369
f 3572/6537/3588 3279/6095/3295 3280/5959/3296
f 3572/6537/3588 3280/5959/3296 3573/6538/3589
f 3280/5959/3296 3507/6398/3523 3573/6538/3589
f 3122/6539/3138 3574/6540/3590 3211/5806/3227
f 3211/5806/3227 3574/6540/3590 3508/6399/3524
f 3360/6101/3376 3427/6249/3443 3429/6541/3445
f 3361/6542/3377 3510/6543/3526 3428/6544/3444
f 3361/6542/3377 3282/6545/3298 3510/6543/3526
f 3125/5623/3141 3575/6546/3591 3510/6403/3526
f 3432/6258/3448 3576/6547/3592 3214/5810/3230
f 3125/5623/3141 3215/5811/3231 3575/6546/3591
f 3433/6259/3449 3577/6548/3593 3286/5967/3302
f 3511/6407/3527 3512/6409/3528 3578/6549/3594
f 3286/6108/3302 3577/6550/3593 3364/6109/3380
f 3513/6411/3529 3126/5626/3142 3515/6414/3531
f 3579/6551/3595 3580/6552/3596 3581/6553/3597
f 3132/5968/3148 3287/5970/3303 3515/6554/3531
f 3363/6555/3379 3582/6556/3598 3288/6114/3304
f 3583/6557/3599 3580/6558/3596 3367/6559/3383
f 3580/6552/3596 3436/6263/3452 3367/6113/3383
f 3584/6560/3600 3289/6561/3305 3368/6115/3384
f 3584/6562/3600 3585/6563/3601 3289/5974/3305
f 3585/6563/3601 3586/6564/3602 3289/5974/3305
f 3289/5974/3305 3586/6564/3602 3290/5975/3306
f 3219/6565/3235 3516/6566/3532 3587/6567/3603
f 3518/6418/3534 3588/6568/3604 3222/5831/3238
f 3441/6270/3457 3223/5832/3239 3589/6569/3605
f 3440/6269/3456 3224/5833/3240 3590/6570/3606
f 3590/6570/3606 3224/5833/3240 3292/5978/3308
f 3591/6571/3607 3294/5980/3310 3369/6118/3385
f 3223/5832/3239 3520/6420/3536 3589/6569/3605
f 3292/5978/3308 3519/6419/3535 3592/6572/3608
f 2875/5078/2886 3593/6573/3609 2874/5436/2885
f 2876/5079/2887 2874/5077/2885 3594/6574/3610
f 3595/6575/3611 2875/5080/2886 3226/5835/3242
f 3295/5981/3311 2953/5245/2964 3596/6576/3612
f 2953/5245/2964 2956/5248/2967 3596/6576/3612
f 3372/6121/3388 3443/6275/3459 3134/5645/3150
f 3297/5985/3313 3301/5990/3317 3597/6577/3613
f 3445/6279/3461 3597/6578/3613 3301/6579/3317
f 3304/5994/3320 3446/6580/3462 3445/6279/3461
f 3138/5651/3154 3598/6581/3614 3303/5992/3319
f 3138/5651/3154 3228/5840/3244 3598/6581/3614
f 3230/5842/3246 3599/6582/3615 3305/5997/3321
f 3376/6130/3392 3306/5998/3322 3600/6583/3616
f 3601/6584/3617 3044/5449/3058 3231/5843/3247
f 3045/5450/3059 3524/6429/3540 2960/5254/2971
f 3525/6430/3541 3377/6131/3393 3602/6585/3618
f 3603/6586/3619 3450/6288/3466 3449/6287/3465
f 3450/6290/3466 3448/6587/3464 3233/6291/3249
f 3450/6288/3466 3603/6586/3619 3448/6285/3464
f 3525/6588/3541 3451/6589/3467 3378/6590/3394
f 2961/5257/2972 3379/6135/3395 3449/6287/3465
f 3047/5452/3061 3604/6591/3620 2796/4929/2807
f 2797/4930/2808 3379/6135/3395 2590/4574/2600
f 2887/5099/2898 3526/6431/3542 3143/5658/3159
f 3144/5659/3160 3605/6592/3621 3307/6001/3323
f 3234/6136/3250 3235/5848/3251 3606/6593/3622
f 3145/5660/3161 3307/6001/3323 3529/6436/3545
f 2798/4931/2809 3529/6436/3545 3146/5661/3162
f 3236/6594/3252 2591/6295/2601 3309/6005/3325
f 3452/6296/3468 3049/5455/3063 3453/6297/3469
f 3309/6005/3325 3456/6301/3472 3607/6595/3623
f 3318/6017/3334 3393/6323/3409 3453/6440/3469
f 3156/6018/3172 3454/6442/3470 2983/5710/2994
f 3316/6299/3332 3381/6138/3397 3462/6596/3478
f 3607/6595/3623 3456/6301/3472 3608/6597/3624
f 3531/6598/3547 3609/6599/3625 3458/6600/3474
f 3457/6445/3473 3610/6601/3626 3531/6446/3547
f 3454/6442/3470 3392/6602/3408 3245/5878/3261
f 3609/6599/3625 3611/6603/3627 3458/6600/3474
f 3458/6600/3474 3611/6603/3627 3459/6604/3475
f 3612/6605/3628 3537/6461/3553 3455/6300/3471
f 3465/6460/3481 3392/6459/3408 3613/6606/3629
f 3464/6463/3480 3614/6607/3630 3536/6456/3552
f 3464/6463/3480 3539/6608/3555 3614/6607/3630
f 3457/6445/3473 3535/6466/3551 3610/6601/3626
f 3537/6461/3553 3538/6609/3554 3460/6462/3476
f 3539/6608/3555 3615/6610/3631 3614/6607/3630
f 3390/6319/3406 3540/6611/3556 3616/6612/3632
f 3466/6324/3482 3459/6308/3475 3541/6469/3557
f 3617/6613/3633 3542/6614/3558 3618/6615/3634
f 3542/6614/3558 3543/6472/3559 3469/6471/3485
f 3470/6332/3486 3619/6616/3635 3620/6617/3636
f 3619/6616/3635 3470/6332/3486 3323/6333/3339
f 3471/6618/3487 3326/6619/3342 3621/6620/3637
f 3544/6621/3560 3622/6622/3638 3326/6623/3342
f 3324/6033/3340 3543/6624/3559 3085/5526/3099
f 3544/6478/3560 3325/6036/3341 3623/6625/3639
f 3624/6626/3640 3083/5890/3097 3249/6627/3265
f 3624/6626/3640 3545/6479/3561 3083/5890/3097
f 3625/6628/3641 3473/6337/3489 3474/6338/3490
f 3626/6629/3642 3255/6052/3271 3327/6630/3343
f 3545/6479/3561 3548/6631/3564 3173/5731/3189
f 3626/6629/3642 3627/6632/3643 3255/6052/3271
f 3628/6633/3644 3256/6488/3272 3085/6634/3099
f 3629/6635/3645 3183/6636/3199 3548/6637/3564
f 3183/6186/3199 3629/6638/3645 3479/6352/3495
f 3627/6632/3643 3332/6053/3348 3255/6052/3271
f 3547/6483/3563 3630/6639/3646 3253/5899/3269
f 3630/6640/3646 3397/6173/3413 3253/6047/3269
f 3477/6342/3493 3551/6491/3567 3251/5895/3267
f 3331/6350/3347 3478/6351/3494 3549/6641/3565
f 3257/5906/3273 3478/6351/3494 2839/5010/2850
f 3396/6171/3412 3631/6642/3647 3181/5742/3197
f 3092/5538/3106 3632/6643/3648 3552/6494/3568
f 3334/6196/3350 3403/6197/3419 3633/6644/3649
f 3631/6645/3647 3634/6646/3650 3181/6355/3197
f 3400/6356/3416 3635/1418/3651 3481/6357/3497
f 3181/6355/3197 3634/6646/3650 3182/5745/3198
f 3553/6493/3569 2700/4778/2710 3258/5907/3274
f 3632/6643/3648 3092/5538/3106 2700/6647/2710
f 3335/6057/3351 3554/6495/3570 3260/5913/3276
f 3335/6057/3351 3636/6648/3652 3554/6495/3570
f 3335/6649/3351 3482/6650/3498 3636/6651/3652
f 3483/6359/3499 3557/6652/3573 3337/6653/3353
f 3555/6497/3571 3637/6654/3653 3262/5916/3278
f 3262/5916/3278 3637/6654/3653 3338/6064/3354
f 3403/6655/3419 3484/6656/3500 3638/6657/3654
f 3558/6658/3574 3338/6064/3354 3637/6654/3653
f 3484/6659/3500 3339/6660/3355 3639/6661/3655
f 3559/6509/3575 3561/6514/3577 3560/6510/3576
f 3339/6065/3355 3342/6203/3358 3639/6662/3655
f 3639/6662/3655 3342/6203/3358 3640/6663/3656
f 3342/6069/3358 3563/6519/3579 3640/6664/3656
f 3562/6517/3578 3641/6665/3657 3411/6520/3427
f 3641/6666/3657 3412/6667/3428 3411/6668/3427
f 3641/6666/3657 3488/6669/3504 3412/6667/3428
f 3413/6371/3429 3488/6370/3504 3642/6670/3658
f 3266/6671/3282 3413/6672/3429 3267/6673/3283
f 2630/4651/2640 3564/6522/3580 3643/6674/3659
f 3268/5933/3284 3644/6675/3660 3269/5934/3285
f 3644/6675/3660 2559/4531/2569 3269/5934/3285
f 2559/4531/2569 3644/6675/3660 2851/5040/2862
f 2851/5040/2862 3645/6676/3661 2560/4532/2570
f 3645/6676/3661 3414/6222/3430 2560/4532/2570
f 3415/6677/3431 3270/5937/3286 3016/5399/3030
f 3415/6224/3431 3349/6226/3365 3646/6678/3662
f 3346/6228/3362 3647/6679/3663 2938/5225/2949
f 3349/6079/3365 3348/6078/3364 3565/6524/3581
f 3648/6680/3664 3492/6375/3508 3350/6080/3366
f 3492/6375/3508 3649/6681/3665 3495/6526/3511
f 3566/6525/3582 2771/4897/2782 3567/6528/3583
f 3416/6229/3432 3494/6377/3510 2939/5226/2950
f 2771/4897/2782 2942/5403/2953 3567/6528/3583
f 3494/6682/3510 3650/6683/3666 3272/6532/3288
f 3201/5785/3217 3351/6081/3367 3651/6684/3667
f 3274/5944/3290 3569/6685/3585 3020/5946/3034
f 3417/6531/3433 3116/6233/3132 3419/6232/3435
f 3351/6686/3367 3652/6687/3668 3653/6688/3669
f 3351/6686/3367 3203/6689/3219 3652/6687/3668
f 3652/6687/3668 3203/6689/3219 3654/6690/3670
f 3203/6689/3219 3497/6385/3513 3654/6690/3670
f 3496/6381/3512 3654/6690/3670 3498/6387/3514
f 3570/6535/3586 3655/6691/3671 3421/6237/3437
f 3654/6690/3670 3497/6385/3513 3498/6387/3514
f 3419/6232/3435 3420/6235/3436 3655/6691/3671
f 3655/6691/3671 3501/6390/3517 3421/6237/3437
f 3655/6691/3671 3420/6235/3436 3501/6390/3517
f 3423/6242/3439 3504/6393/3520 3424/6243/3440
f 3503/6392/3519 3656/6692/3672 3571/6536/3587
f 3503/6392/3519 3354/6092/3370 3656/6692/3672
f 3424/6243/3440 3657/6693/3673 3505/6394/3521
f 3424/6243/3440 3658/6694/3674 3657/6693/3673
f 3504/6393/3520 3658/6694/3674 3424/6243/3440
f 3426/6246/3442 3659/6695/3675 3504/6393/3520
f 3425/6245/3441 3660/6696/3676 3355/6395/3371
f 3354/6092/3370 3279/6095/3295 3572/6537/3588
f 3661/6697/3677 3574/6540/3590 3355/6395/3371
f 3662/6698/3678 3356/6247/3372 3506/6699/3522
f 3574/6540/3590 3122/6539/3138 3355/6395/3371
f 3357/6396/3373 3663/6700/3679 3209/6701/3225
f 3209/6702/3225 3663/6703/3679 3664/6704/3680
f 3209/6702/3225 3664/6704/3680 3427/6705/3443
f 3506/6397/3522 3428/6250/3444 3665/6706/3681
f 3664/6704/3680 3666/6707/3682 3427/6705/3443
f 3574/6708/3590 3667/6709/3683 3508/6710/3524
f 3667/6709/3683 3668/6711/3684 3508/6710/3524
f 3428/6250/3444 3510/6712/3526 3665/6706/3681
f 3666/6707/3682 3429/6713/3445 3427/6705/3443
f 3508/6710/3524 3668/6711/3684 3430/6714/3446
f 3578/6715/3594 3509/6716/3525 3213/6717/3229
f 3213/6717/3229 3511/6718/3527 3578/6715/3594
f 3214/5810/3230 3576/6547/3592 3283/5963/3299
f 3433/6259/3449 3669/6719/3685 3577/6548/3593
f 3576/6547/3592 3514/6413/3530 3283/5963/3299
f 3434/6412/3450 3513/6411/3529 3670/6720/3686
f 3435/6721/3451 3575/6546/3591 3215/5811/3231
f 3032/5420/3046 3217/5820/3233 3512/6409/3528
f 3514/6722/3530 3582/6556/3598 3363/6555/3379
f 3671/6723/3687 3582/6556/3598 3514/6722/3530
f 3671/6723/3687 3672/6724/3688 3673/6725/3689
f 3673/6726/3689 3674/6727/3690 3671/6728/3687
f 3580/6552/3596 3583/6729/3599 3581/6553/3597
f 3584/6560/3600 3582/6556/3598 3671/6723/3687
f 3584/6562/3600 3671/6730/3687 3674/6731/3690
f 3368/6115/3384 3288/6114/3304 3582/6556/3598
f 3584/6560/3600 3368/6115/3384 3582/6556/3598
f 3583/6557/3599 3367/6559/3383 3675/6732/3691
f 3035/5430/3049 3676/6733/3692 3287/5971/3303
f 3367/6559/3383 3219/6565/3235 3587/6567/3603
f 3441/6270/3457 3517/6417/3533 2870/5073/2881
f 3369/6118/3385 3438/6267/3454 3677/6734/3693
f 3441/6735/3457 3589/6736/3605 3678/6737/3694
f 3295/5981/3311 3679/6738/3695 3520/6420/3536
f 3519/6419/3535 3133/5644/3149 3371/6120/3387
f 3680/6739/3696 3373/6122/3389 3225/5834/3241
f 3681/6740/3697 3371/6120/3387 3297/5985/3313
f 3226/5835/3242 3374/6271/3390 3682/6741/3698
f 3683/6742/3699 3522/6422/3538 3373/6122/3389
f 3374/6743/3390 3442/6744/3458 3522/6745/3538
f 3684/6746/3700 3300/6126/3316 3302/5991/3318
f 2958/5252/2969 3685/6747/3701 3042/5444/3056
f 3229/5841/3245 3523/6427/3539 3686/6748/3702
f 3687/6749/3703 2959/5253/2970 3447/6428/3463
f 3687/6749/3703 3045/6000/3059 2959/5253/2970
f 3044/5449/3058 3601/6584/3617 3600/6750/3616
f 3601/6584/3617 3231/5843/3247 3688/6751/3704
f 3689/6752/3705 3602/6585/3618 3232/6286/3248
f 3602/6585/3618 3377/6131/3393 3232/6286/3248
f 3690/6753/3706 3451/6292/3467 3525/6430/3541
f 3691/6754/3707 3603/6586/3619 3449/6287/3465
f 3526/6431/3542 2796/4929/2807 3604/6591/3620
f 3605/6592/3621 3144/5659/3160 3528/6433/3544
f 3606/6593/3622 3235/5848/3251 3380/6137/3396
f 3381/6755/3397 3452/6756/3468 3692/6757/3708
f 3613/6758/3629 3382/6759/3398 3384/6760/3400
f 3693/6761/3709 3308/6002/3324 3237/5850/3253
f 3693/6761/3709 3455/6300/3471 3308/6002/3324
f 3534/6762/3550 3462/6763/3478 3692/6757/3708
f 3534/6453/3550 3391/6156/3407 3462/6315/3478
f 3693/6761/3709 3612/6605/3628 3455/6300/3471
f 3386/6452/3402 3532/6764/3548 3533/6450/3549
f 3392/6459/3408 3454/6765/3470 3613/6606/3629
f 3530/6766/3546 3465/6460/3481 3613/6606/3629
f 3456/6767/3472 3536/6768/3552 3608/6769/3624
f 3390/6319/3406 3616/6612/3632 3387/6151/3403
f 3611/6603/3627 3541/6770/3557 3459/6604/3475
f 3610/6601/3626 3535/6466/3551 3538/6465/3554
f 3533/6450/3549 3539/6771/3555 3461/6451/3477
f 3615/6772/3631 3539/6771/3555 3533/6450/3549
f 3541/6469/3557 3611/6773/3627 3618/6774/3634
f 3541/6469/3557 3618/6774/3634 3542/6470/3558
f 3540/6468/3556 3620/6617/3636 3694/6775/3710
f 3620/6617/3636 3540/6468/3556 3470/6332/3486
f 3695/6776/3711 3617/6777/3633 3618/6774/3634
f 3696/6778/3712 3542/6614/3558 3617/6613/3633
f 3543/6472/3559 3542/6614/3558 3696/6778/3712
f 3619/6616/3635 3323/6333/3339 3472/6343/3488
f 3623/6625/3639 3325/6036/3341 3476/6341/3492
f 3697/6779/3713 3545/6780/3561 3698/6781/3714
f 3698/6782/3714 3545/6479/3561 3624/6626/3640
f 3327/6482/3343 3546/6481/3562 3626/6783/3642
f 3699/6784/3715 3625/6785/3641 3474/6786/3490
f 3697/6779/3713 3548/6787/3564 3545/6780/3561
f 3700/6788/3716 3475/6340/3491 3256/6488/3272
f 3547/6483/3563 3252/5896/3268 3473/6339/3489
f 3472/6343/3488 3003/6345/3014 3480/6353/3496
f 3549/6486/3565 3701/6789/3717 3546/6481/3562
f 3627/6632/3643 3702/6790/3718 3332/6053/3348
f 3703/6791/3719 3332/6053/3348 3702/6790/3718
f 3704/6792/3720 3477/6348/3493 3334/6196/3350
f 3550/6793/3566 3397/6173/3413 3630/6640/3646
f 3704/6794/3720 3551/6491/3567 3477/6342/3493
f 3705/6795/3721 3549/6641/3565 3706/6796/3722
f 3332/6053/3348 3703/6791/3719 3480/6353/3496
f 3706/6796/3722 3549/6641/3565 3478/6351/3494
f 3635/6797/3651 3400/6181/3416 3398/6183/3414
f 3399/6178/3415 3182/5743/3198 3707/6798/3723
f 3329/6045/3345 3336/6059/3352 3708/6799/3724
f 3709/6800/3725 3336/6059/3352 3556/6801/3572
f 3710/6802/3726 3483/6359/3499 3104/5556/3119
f 3711/6803/3727 3403/6804/3419 3712/6805/3728
f 3712/6806/3728 3636/6651/3652 3482/6650/3498
f 3713/6807/3729 3556/6808/3572 3557/6809/3573
f 3712/6806/3728 3403/6655/3419 3638/6657/3654
f 3555/6810/3571 3714/6811/3730 3637/6812/3653
f 3485/6813/3501 3715/6814/3731 3486/6815/3502
f 3344/6071/3360 2630/4651/2640 3643/6674/3659
f 3716/6816/3732 3268/5933/3284 3267/5931/3283
f 3716/6816/3732 3644/6675/3660 3268/5933/3284
f 3489/6372/3505 3717/6817/3733 3196/5775/3212
f 2852/5596/2863 3196/5775/3212 3717/6817/3733
f 3718/6818/3734 3415/6677/3431 3646/6819/3662
f 3346/6074/3362 3114/5600/3130 3270/5937/3286
f 3271/6076/3287 3347/6075/3363 3719/6820/3735
f 3720/6821/3736 3416/6229/3432 2938/5225/2949
f 3347/6822/3363 3491/6823/3507 3719/6824/3735
f 3719/6825/3735 3491/6826/3507 3721/6827/3737
f 3722/6828/3738 3493/6376/3509 3273/5942/3289
f 3723/6829/3739 3273/5942/3289 3201/5785/3217
f 3651/6830/3667 3351/6686/3367 3653/6688/3669
f 3650/6683/3666 3652/6687/3668 3272/6532/3288
f 3568/6529/3584 3419/6232/3435 3724/6831/3740
f 3569/6832/3585 3724/6831/3740 3418/6534/3434
f 3417/6531/3433 3419/6232/3435 3568/6529/3584
f 3652/6687/3668 3496/6381/3512 3272/6532/3288
f 3652/6687/3668 3654/6690/3670 3496/6381/3512
f 3570/6535/3586 3418/6534/3434 3724/6831/3740
f 3570/6535/3586 3724/6831/3740 3419/6232/3435
f 3419/6232/3435 3655/6691/3671 3570/6535/3586
f 3425/6245/3441 3571/6536/3587 3660/6696/3676
f 3725/6833/3741 3355/6395/3371 3660/6696/3676
f 3656/6692/3672 3354/6092/3370 3572/6537/3588
f 3659/6695/3675 3426/6246/3442 3662/6698/3678
f 3426/6246/3442 3356/6247/3372 3662/6698/3678
f 3726/6834/3742 3572/6537/3588 3727/6835/3743
f 3357/6396/3373 3505/6394/3521 3663/6700/3679
f 3727/6835/3743 3572/6537/3588 3573/6538/3589
f 3728/6836/3744 3506/6397/3522 3665/6706/3681
f 3573/6837/3589 3507/6838/3523 3729/6839/3745
f 3729/6839/3745 3507/6838/3523 3359/6840/3375
f 3432/6258/3448 3429/6253/3445 3730/6841/3746
f 3669/6719/3685 3731/6842/3747 3577/6548/3593
f 3670/6843/3686 3435/6262/3451 3434/6261/3450
f 3732/6844/3748 3433/6410/3449 3362/6105/3378
f 3732/6845/3748 3669/6719/3685 3433/6259/3449
f 3670/6720/3686 3513/6411/3529 3733/6846/3749
f 3672/6724/3688 3671/6723/3687 3514/6722/3530
f 3579/6847/3595 3581/6848/3597 3734/6849/3750
f 3512/6850/3528 3436/6263/3452 3735/6851/3751
f 3736/6852/3752 3365/6853/3381 3364/6016/3380
f 3579/6551/3595 3735/6851/3751 3580/6552/3596
f 3580/6552/3596 3735/6851/3751 3436/6263/3452
f 3512/6850/3528 3217/6415/3233 3436/6263/3452
f 3737/6854/3753 3673/6855/3689 3672/6856/3688
f 3513/6857/3529 3515/6858/3531 3738/6859/3754
f 3736/6860/3752 3366/6112/3382 3365/6110/3381
f 3738/6861/3754 3515/6554/3531 3287/5970/3303
f 3739/6034/3755 3581/6862/3597 3583/6863/3599
f 3674/6731/3690 3585/6563/3601 3584/6562/3600
f 3367/6559/3383 3587/6567/3603 3675/6732/3691
f 3366/6112/3382 3740/6864/3756 3036/5640/3050
f 3676/6733/3692 3035/5430/3049 3741/6865/3757
f 3742/6866/3758 3587/6567/3603 3516/6566/3532
f 3586/6867/3602 3743/6868/3759 3290/6869/3306
f 3035/5430/3049 3517/6417/3533 3741/6865/3757
f 3744/6870/3760 3438/6265/3454 3036/5432/3050
f 3516/6871/3532 3437/6872/3453 3745/6873/3761
f 3439/6266/3455 3290/5975/3306 3743/6874/3759
f 3746/6875/3762 3369/6118/3385 3677/6734/3693
f 3746/6875/3762 3591/6571/3607 3369/6118/3385
f 3747/6876/3763 3222/5831/3238 3588/6568/3604
f 3747/6876/3763 3293/5979/3309 3222/5831/3238
f 3590/6570/3606 3292/5978/3308 3592/6572/3608
f 3591/6571/3607 3521/6421/3537 3294/5980/3310
f 3748/6877/3764 3370/6119/3386 3293/5979/3309
f 3593/6573/3609 2875/5078/2886 3595/6878/3611
f 3370/6119/3386 3748/6877/3764 3372/6121/3388
f 3521/6421/3537 3680/6739/3696 3225/5834/3241
f 3679/6738/3695 3295/5981/3311 3596/6576/3612
f 3135/5646/3151 3749/6879/3765 3296/5982/3312
f 3596/6576/3612 2956/5248/2967 3750/6880/3766
f 3374/6881/3390 3522/6882/3538 3682/6883/3698
f 3522/6882/3538 3683/6884/3699 3682/6883/3698
f 3751/6885/3767 2958/5252/2969 3296/5982/3312
f 3446/6580/3462 3752/6886/3768 3445/6279/3461
f 3042/5444/3056 3685/6747/3701 3139/6127/3155
f 3375/6128/3391 3753/6887/3769 3230/5996/3246
f 3753/6888/3769 3599/6582/3615 3230/5842/3246
f 3306/5999/3322 3044/5449/3058 3600/6750/3616
f 3231/5843/3247 3448/6285/3464 3688/6751/3704
f 3524/6429/3540 3689/6889/3705 3232/5844/3248
f 3449/6287/3465 3379/6135/3395 3691/6754/3707
f 3451/6294/3467 3754/6890/3770 3047/5452/3061
f 3754/6890/3770 3604/6591/3620 3047/5452/3061
f 3755/6891/3771 2797/4930/2808 3756/6892/3772
f 3756/6893/3772 2797/6894/2808 3527/6895/3543
f 3234/6136/3250 3606/6593/3622 3527/6435/3543
f 3307/6001/3323 3757/6896/3773 3529/6436/3545
f 3236/5849/3252 3758/6897/3774 3380/6137/3396
f 3759/6898/3775 3693/6761/3709 3146/5661/3162
f 3236/6594/3252 3309/6005/3325 3760/6899/3776
f 3693/6761/3709 3237/5850/3253 3146/5661/3162
f 3309/6005/3325 3607/6595/3623 3760/6899/3776
f 3452/6756/3468 3534/6762/3550 3692/6757/3708
f 3452/6756/3468 3453/6440/3469 3534/6762/3550
f 3382/6759/3398 3613/6758/3629 3454/6900/3470
f 3453/6440/3469 3393/6323/3409 3534/6762/3550
f 3532/6448/3548 3387/6151/3403 3616/6612/3632
f 3536/6456/3552 3614/6607/3630 3608/6901/3624
f 3611/6773/3627 3695/6776/3711 3618/6774/3634
f 3540/6468/3556 3694/6775/3710 3616/6902/3632
f 3695/6903/3711 3696/6778/3712 3617/6613/3633
f 3620/6904/3636 3761/6905/3777 3694/6906/3710
f 3761/6905/3777 3620/6904/3636 3619/6907/3635
f 3762/6908/3778 3473/6337/3489 3625/6628/3641
f 3621/6909/3637 3326/6623/3342 3622/6622/3638
f 3763/6910/3779 3249/6627/3265 3471/6911/3487
f 3763/6910/3779 3624/6626/3640 3249/6627/3265
f 3543/6912/3559 3628/6633/3644 3085/6634/3099
f 3543/6912/3559 3696/6913/3712 3628/6633/3644
f 3472/6343/3488 3761/6914/3777 3619/6616/3635
f 3764/6915/3780 3699/6916/3715 3474/6917/3490
f 3764/6918/3780 3474/6338/3490 3475/6340/3491
f 3697/6779/3713 3765/6919/3781 3629/6638/3645
f 3697/6920/3713 3629/6635/3645 3548/6637/3564
f 3764/6918/3780 3475/6340/3491 3700/6788/3716
f 3703/6791/3719 3766/6921/3782 3480/6353/3496
f 3472/6343/3488 3480/6353/3496 3766/6921/3782
f 3476/6341/3492 3329/6045/3345 3767/6922/3783
f 3768/6923/3784 3630/6639/3646 3547/6483/3563
f 3701/6789/3717 3549/6486/3565 3705/6924/3721
f 3704/6792/3720 3334/6196/3350 3769/6925/3785
f 3396/6490/3412 3550/6489/3566 3770/6926/3786
f 3478/6927/3494 3257/6928/3273 3771/6929/3787
f 3398/6176/3414 3399/6178/3415 3772/6930/3788
f 3772/6931/3788 3635/6797/3651 3398/6183/3414
f 3551/6491/3567 3773/6932/3789 3553/6493/3569
f 3774/6933/3790 3481/6934/3497 3635/6935/3651
f 3708/6799/3724 3336/6059/3352 3709/6800/3725
f 3104/5556/3119 3402/6188/3418 3710/6802/3726
f 3710/6936/3726 3402/6496/3418 3554/6495/3570
f 3633/6937/3649 3403/6938/3419 3711/6939/3727
f 3401/6187/3417 3775/6940/3791 3482/6358/3498
f 3775/6941/3791 3712/6806/3728 3482/6650/3498
f 3481/6934/3497 3709/6942/3725 3776/6943/3792
f 3481/6934/3497 3776/6943/3792 3555/6810/3571
f 3709/6800/3725 3556/6801/3572 3713/6944/3729
f 3712/6806/3728 3777/6945/3793 3636/6651/3652
f 3712/6806/3728 3638/6657/3654 3777/6945/3793
f 3777/6945/3793 3638/6657/3654 3778/6946/3794
f 3638/6657/3654 3484/6656/3500 3779/6947/3795
f 3637/6812/3653 3780/6948/3796 3558/6949/3574
f 3714/6950/3730 3780/3797/3796 3637/6951/3653
f 3779/6952/3795 3484/6659/3500 3781/6953/3797
f 3562/6954/3578 3407/6955/3423 3782/6956/3798
f 3407/6957/3423 3783/6958/3799 3782/6959/3798
f 3409/6960/3425 3783/6961/3799 3407/6962/3423
f 3560/6512/3576 3784/6963/3800 3410/6210/3426
f 3560/6964/3576 3561/6965/3577 3784/6966/3800
f 3410/6210/3426 3785/6967/3801 3485/6365/3501
f 3486/6515/3502 3786/6968/3802 3561/6514/3577
f 3785/6967/3801 3715/6969/3731 3485/6365/3501
f 3486/6970/3502 3715/6971/3731 3786/6972/3802
f 3641/6973/3657 3642/6974/3658 3488/6975/3504
f 3641/6976/3657 3787/6977/3803 3642/6978/3658
f 3642/6979/3658 3267/6980/3283 3413/6981/3429
f 3564/6522/3580 2850/5039/2861 3717/6982/3733
f 3270/5937/3286 3788/6983/3804 3346/6074/3362
f 3490/6373/3506 3789/6984/3805 3350/6080/3366
f 3350/6080/3366 3789/6984/3805 3648/6680/3664
f 2938/5225/2949 3647/6679/3663 3720/6821/3736
f 3491/6374/3507 3566/6525/3582 3721/6985/3737
f 3273/5942/3289 3723/6829/3739 3722/6828/3738
f 3567/6986/3583 3275/6530/3291 3790/6987/3806
f 3275/6530/3291 3568/6529/3584 3790/6987/3806
f 3790/6987/3806 3724/6831/3740 3569/6832/3585
f 3568/6529/3584 3724/6831/3740 3790/6987/3806
f 3650/6683/3666 3653/6688/3669 3652/6687/3668
f 3571/6536/3587 3656/6692/3672 3660/6696/3676
f 3504/6393/3520 3659/6695/3675 3658/6694/3674
f 3660/6696/3676 3656/6692/3672 3726/6834/3742
f 3660/6696/3676 3726/6834/3742 3725/6833/3741
f 3658/6694/3674 3791/6988/3807 3657/6693/3673
f 3657/6693/3673 3791/6988/3807 3792/6989/3808
f 3725/6833/3741 3661/6697/3677 3355/6395/3371
f 3658/6694/3674 3659/6695/3675 3791/6988/3807
f 3656/6692/3672 3572/6537/3588 3726/6834/3742
f 3792/6989/3808 3505/6394/3521 3657/6693/3673
f 3659/6695/3675 3662/6698/3678 3793/6990/3809
f 3661/6991/3677 3725/6992/3741 3794/6993/3810
f 3505/6394/3521 3792/6989/3808 3663/6700/3679
f 3662/6994/3678 3728/4731/3744 3793/6995/3809
f 3506/6397/3522 3728/6836/3744 3662/6996/3678
f 3794/6993/3810 3795/6997/3811 3661/6991/3677
f 3661/6991/3677 3795/6997/3811 3574/6708/3590
f 3727/6998/3743 3573/6999/3589 3796/7000/3812
f 3796/7001/3812 3573/6837/3589 3729/6839/3745
f 3729/7002/3745 3359/7003/3375 3797/7004/3813
f 3797/7004/3813 3359/7003/3375 3509/7005/3525
f 3668/7006/3684 3431/7007/3447 3430/7008/3446
f 3510/7009/3526 3575/7010/3591 3798/7011/3814
f 3431/7007/3447 3732/7012/3748 3362/7013/3378
f 3509/7005/3525 3578/7014/3594 3799/7015/3815
f 3432/7016/3448 3730/7017/3746 3576/7018/3592
f 3731/7019/3747 3364/6109/3380 3577/6550/3593
f 3731/7020/3747 3800/1575/3816 3364/7021/3380
f 3801/7022/3817 3734/7023/3750 3802/7024/3818
f 3514/7025/3530 3576/7018/3592 3803/7026/3819
f 3737/6854/3753 3672/6856/3688 3804/7027/3820
f 3733/6846/3749 3513/6411/3529 3738/7028/3754
f 3800/7029/3816 3736/6860/3752 3364/6109/3380
f 3734/2490/3750 3735/7030/3751 3579/7031/3595
f 3672/7032/3688 3514/7033/3530 3803/7034/3819
f 3737/6854/3753 3674/6731/3690 3673/6855/3689
f 3581/6848/3597 3739/7035/3755 3734/6849/3750
f 3739/7036/3755 3583/6557/3599 3675/6732/3691
f 3674/6731/3690 3805/7037/3821 3585/6563/3601
f 3287/5971/3303 3676/6733/3692 3738/7028/3754
f 3676/6733/3692 3806/7038/3822 3738/7028/3754
f 3806/7038/3822 3676/6733/3692 3741/6865/3757
f 3366/6112/3382 3807/7039/3823 3740/6864/3756
f 3516/6566/3532 3745/7040/3761 3742/6866/3758
f 3036/5432/3050 3740/7041/3756 3744/6870/3760
f 3517/6417/3533 3808/7042/3824 3741/6865/3757
f 3744/7043/3760 3809/7044/3825 3438/7045/3454
f 3808/7042/3824 3517/6417/3533 3810/7046/3826
f 3439/7047/3455 3811/7048/3827 3518/7049/3534
f 3809/7044/3825 3812/7050/3828 3438/7045/3454
f 3812/7051/3828 3677/7052/3693 3438/7053/3454
f 3518/7049/3534 3811/7048/3827 3813/7054/3829
f 3677/7052/3693 3812/7051/3828 3814/7055/3830
f 3441/6735/3457 3678/6737/3694 3815/7056/3831
f 3588/7057/3604 3518/7049/3534 3816/7058/3832
f 3440/7059/3456 3590/7060/3606 3817/7061/3833
f 3593/7062/3609 3594/6574/3610 2874/5077/2885
f 2876/5079/2887 3594/6574/3610 3135/5646/3151
f 3594/6574/3610 3818/7063/3834 3135/5646/3151
f 3226/5835/3242 3682/6741/3698 3595/6575/3611
f 3818/7064/3834 3819/7065/3835 3135/7066/3151
f 3519/6419/3535 3371/6120/3387 3592/6572/3608
f 3135/5646/3151 3819/7067/3835 3749/6879/3765
f 3748/6877/3764 3820/7068/3836 3372/6121/3388
f 3373/6122/3389 3821/7069/3837 3683/6742/3699
f 3372/6121/3388 3820/7068/3836 3443/6275/3459
f 2956/5248/2967 3299/5987/3315 3750/6880/3766
f 3297/5985/3313 3822/7070/3838 3681/6740/3697
f 3297/5985/3313 3597/6577/3613 3822/7070/3838
f 3302/5991/3318 3303/5992/3319 3823/7071/3839
f 3444/6276/3460 3752/7072/3768 3446/6278/3462
f 3597/6578/3613 3445/6279/3461 3824/7073/3840
f 3751/6885/3767 3685/6747/3701 2958/5252/2969
f 3376/6130/3392 3600/6583/3616 3523/7074/3539
f 3045/5450/3059 3825/7075/3841 3524/6429/3540
f 3603/6586/3619 3826/7076/3842 3448/6285/3464
f 3379/6135/3395 2797/4930/2808 3755/6891/3771
f 3529/6436/3545 3759/6898/3775 3146/5661/3162
f 3529/6436/3545 3827/7077/3843 3759/6898/3775
f 3236/5849/3252 3760/7078/3776 3758/6897/3774
f 3760/6899/3776 3607/6595/3623 3828/7079/3844
f 3613/6758/3629 3384/6760/3400 3530/7080/3546
f 3381/6138/3397 3692/7081/3708 3462/6596/3478
f 3829/7082/3845 3830/7083/3846 3693/6761/3709
f 3693/6761/3709 3830/7083/3846 3612/6605/3628
f 3610/7084/3626 3831/7085/3847 3531/7086/3547
f 3608/6597/3624 3832/7087/3848 3607/6595/3623
f 3608/6597/3624 3833/7088/3849 3832/7087/3848
f 3531/7086/3547 3831/7085/3847 3609/7089/3625
f 3532/7090/3548 3834/7091/3850 3533/7092/3549
f 3532/7090/3548 3835/7093/3851 3834/7091/3850
f 3616/6902/3632 3835/7093/3851 3532/7090/3548
f 3538/6465/3554 3836/7094/3852 3610/6601/3626
f 3537/7095/3553 3837/7096/3853 3538/7097/3554
f 3608/7098/3624 3614/7099/3630 3833/7100/3849
f 3831/7085/3847 3838/7101/3854 3609/7089/3625
f 3834/7102/3850 3615/7103/3631 3533/7104/3549
f 3616/6902/3632 3839/7105/3855 3835/7093/3851
f 3609/7089/3625 3838/7101/3854 3611/6773/3627
f 3840/7106/3856 3835/7107/3851 3839/7108/3855
f 3611/6773/3627 3838/7101/3854 3695/6776/3711
f 3695/6903/3711 3838/7109/3854 3841/7110/3857
f 3694/6775/3710 3839/7105/3855 3616/6902/3632
f 3841/7110/3857 3696/6778/3712 3695/6903/3711
f 3842/7111/3858 3621/7112/3637 3622/7113/3638
f 3621/7114/3637 3763/6910/3779 3471/6911/3487
f 3833/7100/3849 3843/7115/3859 3844/7116/3860
f 3845/7117/3861 3762/6908/3778 3625/6628/3641
f 3626/6629/3642 3844/7116/3860 3843/7115/3859
f 3626/6629/3642 3843/7115/3859 3627/6632/3643
f 3840/7118/3856 3761/6914/3777 3766/6921/3782
f 3625/6628/3641 3699/7119/3715 3845/7117/3861
f 3844/7120/3860 3626/6783/3642 3846/7121/3862
f 3845/7117/3861 3699/7119/3715 3764/6918/3780
f 3847/7122/3863 3698/6782/3714 3624/6626/3640
f 3847/7123/3863 3765/6919/3781 3698/6781/3714
f 3472/6343/3488 3766/6921/3782 3761/6914/3777
f 3623/6625/3639 3476/6341/3492 3767/6922/3783
f 3765/6919/3781 3697/6779/3713 3698/6781/3714
f 3627/7124/3643 3848/7125/3864 3702/7126/3718
f 3628/6633/3644 3700/6788/3716 3256/6488/3272
f 3849/7127/3865 3547/6483/3563 3473/6339/3489
f 3849/7127/3865 3850/7128/3866 3547/6483/3563
f 3479/6352/3495 3629/6638/3645 3765/6919/3781
f 3766/6921/3782 3703/6791/3719 3702/6790/3718
f 3850/7128/3866 3851/7129/3867 3547/6483/3563
f 3852/7130/3868 3546/6481/3562 3701/6789/3717
f 3851/7131/3867 3768/7132/3784 3547/7133/3563
f 3853/7134/3869 3704/6792/3720 3769/6925/3785
f 3768/7132/3784 3550/6793/3566 3630/6640/3646
f 3854/7135/3870 3770/6926/3786 3550/6489/3566
f 3767/6922/3783 3329/6045/3345 3708/6799/3724
f 3706/6796/3722 3478/6351/3494 3771/7136/3787
f 3771/7136/3787 3257/5906/3273 3552/6492/3568
f 3770/7137/3786 3631/6642/3647 3396/6171/3412
f 3771/7136/3787 3552/6492/3568 3855/7138/3871
f 3772/6930/3788 3399/6178/3415 3707/6798/3723
f 3401/6187/3417 3479/6352/3495 3856/7139/3872
f 3774/6933/3790 3709/6942/3725 3481/6934/3497
f 3774/6933/3790 3708/7140/3724 3709/6942/3725
f 3632/7141/3648 2700/4778/2710 3553/6493/3569
f 3712/6806/3728 3775/6941/3791 3711/7142/3727
f 3709/6942/3725 3713/7143/3729 3776/6943/3792
f 3857/7144/3873 3557/6652/3573 3483/6359/3499
f 3857/7144/3873 3483/6359/3499 3710/6802/3726
f 3857/7144/3873 3713/7145/3729 3557/6652/3573
f 3713/7143/3729 3858/7146/3874 3776/6943/3792
f 3776/6943/3792 3858/7146/3874 3714/6811/3730
f 3776/6943/3792 3714/6811/3730 3555/6810/3571
f 3858/7146/3874 3859/7147/3875 3714/6811/3730
f 3638/6657/3654 3779/6947/3795 3778/6946/3794
f 3409/7148/3425 3558/7149/3574 3783/7150/3799
f 3783/7151/3799 3558/6949/3574 3860/7152/3876
f 3860/7152/3876 3558/6949/3574 3780/6948/3796
f 3860/7153/3876 3780/7154/3796 3861/7155/3877
f 3484/6659/3500 3639/6661/3655 3781/6953/3797
f 3781/6953/3797 3639/6661/3655 3862/7156/3878
f 3410/6210/3426 3784/6963/3800 3785/6967/3801
f 3561/6965/3577 3786/7157/3802 3784/6966/3800
f 3785/7158/3801 3784/6966/3800 3786/7157/3802
f 3639/6662/3655 3640/6663/3656 3862/7159/3878
f 3785/6967/3801 3786/7160/3802 3715/6969/3731
f 3563/7161/3579 3487/6368/3503 3640/6663/3656
f 3642/7162/3658 3787/7163/3803 3267/7164/3283
f 3716/7165/3732 3267/7166/3283 3787/7167/3803
f 3863/7168/3879 2851/5040/2862 3644/6675/3660
f 3717/6982/3733 2850/5039/2861 2852/5041/2863
f 3864/7169/3880 3489/6523/3505 3197/5776/3213
f 3864/7170/3880 3197/5777/3213 3414/6222/3430
f 3270/5937/3286 3415/6677/3431 3865/7171/3881
f 3865/7171/3881 3415/6677/3431 3718/6818/3734
f 3490/7172/3506 3198/6223/3214 3345/6072/3361
f 3866/7173/3882 3345/6072/3361 3271/5938/3287
f 3788/7174/3804 3647/6679/3663 3346/6228/3362
f 3867/7175/3883 3646/7176/3662 3349/6079/3365
f 3868/7177/3884 3492/7178/3508 3648/7179/3664
f 3868/7177/3884 3649/7180/3665 3492/7178/3508
f 3720/6821/3736 3869/7181/3885 3416/6229/3432
f 3870/7182/3886 3493/6376/3509 3722/6828/3738
f 3871/7183/3887 3495/6526/3511 3649/6681/3665
f 3566/6525/3582 3567/6528/3583 3872/7184/3888
f 3274/5944/3290 3495/6378/3511 3873/7185/3889
f 3873/7185/3889 3569/6685/3585 3274/5944/3290
f 3659/6695/3675 3793/6990/3809 3791/6988/3807
f 3792/6989/3808 3791/6988/3807 3874/7186/3890
f 3875/7187/3891 3726/7188/3742 3796/7189/3812
f 3876/7190/3892 3663/6703/3679 3792/7191/3808
f 3796/7189/3812 3726/7188/3742 3727/7192/3743
f 3876/7190/3892 3877/7193/3893 3663/6703/3679
f 3795/6997/3811 3667/6709/3683 3574/6708/3590
f 3877/7193/3893 3664/6704/3680 3663/6703/3679
f 3730/7017/3746 3429/7194/3445 3666/7195/3682
f 3797/7004/3813 3509/7005/3525 3799/7015/3815
f 3878/7196/3894 3431/7007/3447 3668/7006/3684
f 3878/7196/3894 3732/7012/3748 3431/7007/3447
f 3801/7022/3817 3799/7015/3815 3578/7014/3594
f 3576/7018/3592 3730/7017/3746 3803/7026/3819
f 3879/7197/3895 3799/7015/3815 3802/7024/3818
f 3801/7022/3817 3802/7024/3818 3799/7015/3815
f 3803/7026/3819 3730/7017/3746 3880/7198/3896
f 3578/7014/3594 3512/6850/3528 3801/7022/3817
f 3804/7199/3820 3803/7026/3819 3880/7198/3896
f 3512/6850/3528 3735/6851/3751 3801/7022/3817
f 3734/7023/3750 3801/7022/3817 3735/6851/3751
f 3672/7032/3688 3803/7034/3819 3804/7200/3820
f 3807/7039/3823 3366/6112/3382 3736/6860/3752
f 3675/7201/3691 3587/7202/3603 3881/7203/3897
f 3806/7038/3822 3741/6865/3757 3882/7204/3898
f 3805/7037/3821 3586/6564/3602 3585/6563/3601
f 3883/7205/3899 3740/6864/3756 3807/7039/3823
f 3881/7206/3897 3587/6567/3603 3742/6866/3758
f 3882/7204/3898 3741/6865/3757 3884/7207/3900
f 3885/7208/3901 3742/6866/3758 3745/7040/3761
f 3740/7041/3756 3886/7209/3902 3744/6870/3760
f 3808/7042/3824 3884/7207/3900 3741/6865/3757
f 3886/7210/3902 3887/7211/3903 3744/7212/3760
f 3888/7213/3904 3887/7211/3903 3886/7210/3902
f 3744/7212/3760 3887/7211/3903 3809/7214/3825
f 3885/7208/3901 3745/7040/3761 3889/7215/3905
f 3890/7216/3906 3439/6266/3455 3743/6874/3759
f 3889/7215/3905 3745/7040/3761 3891/7217/3907
f 3437/6872/3453 3891/7218/3907 3745/6873/3761
f 3811/7219/3827 3439/7220/3455 3890/7221/3906
f 3517/6417/3533 3441/6270/3457 3810/7046/3826
f 3437/6872/3453 3440/7059/3456 3891/7218/3907
f 3441/6270/3457 3892/7222/3908 3810/7046/3826
f 3892/7222/3908 3441/6270/3457 3815/7223/3831
f 3891/7218/3907 3440/7059/3456 3817/7061/3833
f 3893/7224/3909 3518/7049/3534 3813/7054/3829
f 3815/7056/3831 3678/6737/3694 3894/7225/3910
f 3895/7226/3911 3746/7227/3762 3677/7052/3693
f 3678/6737/3694 3589/6736/3605 3520/7228/3536
f 3747/7229/3763 3588/7057/3604 3816/7058/3832
f 3896/7230/3912 3590/7060/3606 3592/7231/3608
f 3748/6877/3764 3293/5979/3309 3747/6876/3763
f 3592/6572/3608 3371/6120/3387 3897/7232/3913
f 3897/7232/3913 3371/6120/3387 3681/6740/3697
f 3680/6739/3696 3821/7069/3837 3373/6122/3389
f 3820/7068/3836 3898/7233/3914 3443/6275/3459
f 3899/7234/3915 3299/6125/3315 3300/5988/3316
f 3900/7235/3916 3445/6279/3461 3752/6886/3768
f 3823/7071/3839 3303/5992/3319 3598/6581/3614
f 3901/7236/3917 3598/6581/3614 3902/7237/3918
f 3902/7237/3918 3598/6581/3614 3228/5840/3244
f 3228/5840/3244 3229/5841/3245 3686/6748/3702
f 3903/7238/3919 3688/6751/3704 3904/7239/3920
f 3688/6751/3704 3448/6285/3464 3904/7239/3920
f 3905/7240/3921 3525/6430/3541 3602/6585/3618
f 3690/6753/3706 3525/6430/3541 3905/7240/3921
f 3906/7241/3922 3603/6586/3619 3691/6754/3707
f 3754/6890/3770 3451/6294/3467 3690/7242/3706
f 3526/6431/3542 3907/7243/3923 3143/5658/3159
f 3908/7244/3924 3756/6893/3772 3527/6895/3543
f 3757/6896/3773 3307/6001/3323 3605/6592/3621
f 3757/6896/3773 3827/7077/3843 3529/6436/3545
f 3759/6898/3775 3909/7245/3925 3693/6761/3709
f 3612/6605/3628 3837/7246/3853 3537/6461/3553
f 3612/6605/3628 3830/7083/3846 3837/7246/3853
f 3832/7087/3848 3833/7088/3849 3910/7247/3926
f 3836/7248/3852 3538/7249/3554 3837/7250/3853
f 3841/7251/3857 3831/7085/3847 3836/7252/3852
f 3836/7253/3852 3831/7254/3847 3610/7255/3626
f 3838/7101/3854 3831/7085/3847 3841/7251/3857
f 3843/7115/3859 3833/7100/3849 3614/7099/3630
f 3843/7115/3859 3614/7099/3630 3615/7256/3631
f 3843/7115/3859 3615/7256/3631 3702/6790/3718
f 3840/7118/3856 3615/7256/3631 3834/7091/3850
f 3840/7118/3856 3834/7091/3850 3835/7093/3851
f 3833/7088/3849 3844/7120/3860 3911/7257/3927
f 3615/7256/3631 3766/6921/3782 3702/6790/3718
f 3615/7256/3631 3840/7118/3856 3766/6921/3782
f 3839/7108/3855 3694/7258/3710 3840/7106/3856
f 3621/7114/3637 3912/7259/3928 3763/6910/3779
f 3621/7114/3637 3842/7260/3858 3912/7259/3928
f 3911/7257/3927 3844/7120/3860 3846/7121/3862
f 3843/7115/3859 3702/6790/3718 3848/7261/3864
f 3694/6775/3710 3761/6914/3777 3840/7118/3856
f 3764/6918/3780 3913/7262/3929 3845/7117/3861
f 3841/7251/3857 3628/6633/3644 3696/6913/3712
f 3763/6910/3779 3914/7263/3930 3624/6626/3640
f 3762/7264/3778 3849/7127/3865 3473/6339/3489
f 3848/7261/3864 3627/6632/3643 3843/7115/3859
f 3544/6478/3560 3623/6625/3639 3915/7265/3931
f 3852/7130/3868 3846/7121/3862 3626/6783/3642
f 3841/7251/3857 3700/6788/3716 3628/6633/3644
f 3626/6783/3642 3546/6481/3562 3852/7130/3868
f 3772/7266/3788 3916/7267/3932 3635/7268/3651
f 3916/7269/3932 3774/6162/3790 3635/7270/3651
f 3769/6925/3785 3334/6196/3350 3633/6644/3649
f 3633/6644/3649 3711/7271/3727 3917/7272/3933
f 3552/6494/3568 3632/6643/3648 3918/7273/3934
f 3554/6495/3570 3919/7274/3935 3710/6936/3726
f 3554/6495/3570 3636/6648/3652 3920/7275/3936
f 3636/6648/3652 3777/7276/3793 3920/7275/3936
f 3920/7275/3936 3777/7276/3793 3778/7277/3794
f 3857/7144/3873 3921/7278/3937 3713/7145/3729
f 3713/7145/3729 3921/7278/3937 3858/7279/3874
f 3858/7279/3874 3921/7278/3937 3859/7280/3875
f 3778/7277/3794 3779/7281/3795 3922/7282/3938
f 3714/6811/3730 3923/7283/3939 3780/6948/3796
f 3714/6811/3730 3859/7147/3875 3923/7283/3939
f 3923/7284/3939 3861/7155/3877 3780/7154/3796
f 3779/6952/3795 3781/6953/3797 3924/7285/3940
f 3781/6953/3797 3862/7156/3878 3924/7285/3940
f 3782/6956/3798 3925/7286/3941 3562/6954/3578
f 3640/6663/3656 3487/6368/3503 3926/7287/3942
f 3925/7288/3941 3927/7289/3943 3641/6665/3657
f 3344/6071/3360 3926/7287/3942 3487/6368/3503
f 3927/7290/3943 3787/6977/3803 3641/6976/3657
f 3863/7168/3879 3644/6675/3660 3716/6816/3732
f 3643/6674/3659 3564/6522/3580 3928/7291/3944
f 3863/7168/3879 3645/6676/3661 2851/5040/2862
f 3717/6982/3733 3929/7292/3945 3564/6522/3580
f 3270/5937/3286 3865/7171/3881 3788/6983/3804
f 3930/7293/3946 3789/6984/3805 3490/6373/3506
f 3788/7174/3804 3931/7294/3947 3647/6679/3663
f 3566/6525/3582 3872/7184/3888 3721/6985/3737
f 3416/6229/3432 3869/7181/3885 3494/6377/3510
f 3495/6378/3511 3871/7295/3887 3873/7185/3889
f 3872/7184/3888 3567/6528/3583 3932/7296/3948
f 3567/6528/3583 3790/7297/3806 3932/7296/3948
f 3932/7298/3948 3790/6987/3806 3569/6832/3585
f 3933/7299/3949 3651/6684/3667 3653/7300/3669
f 3725/7301/3741 3875/7302/3891 3794/7303/3810
f 3725/7304/3741 3726/7188/3742 3875/7187/3891
f 3791/7305/3807 3793/7306/3809 3874/7307/3890
f 3874/7186/3890 3793/6990/3809 3728/7308/3744
f 3874/7186/3890 3876/7309/3892 3792/6989/3808
f 3728/7308/3744 3665/7310/3681 3934/7311/3950
f 3796/7312/3812 3729/7002/3745 3935/7313/3951
f 3877/7193/3893 3666/6707/3682 3664/6704/3680
f 3935/7313/3951 3729/7002/3745 3797/7004/3813
f 3934/7311/3950 3665/7310/3681 3936/7314/3952
f 3667/7315/3683 3878/7196/3894 3668/7006/3684
f 3666/7195/3682 3937/7316/3953 3730/7017/3746
f 3665/7310/3681 3510/7009/3526 3936/7314/3952
f 3937/7316/3953 3938/7317/3954 3730/7017/3746
f 3730/7017/3746 3938/7317/3954 3880/7198/3896
f 3510/7009/3526 3798/7011/3814 3936/7314/3952
f 3732/6845/3748 3731/6842/3747 3669/6719/3685
f 3880/7198/3896 3938/7317/3954 3804/7199/3820
f 3939/7318/3955 3798/7319/3814 3670/6843/3686
f 3670/6843/3686 3798/7319/3814 3435/6262/3451
f 3575/6546/3591 3435/6721/3451 3798/7320/3814
f 3670/6720/3686 3733/6846/3749 3939/7321/3955
f 3938/7322/3954 3737/6854/3753 3804/7027/3820
f 3674/6731/3690 3737/6854/3753 3805/7037/3821
f 3737/6854/3753 3940/7323/3956 3805/7037/3821
f 3742/6866/3758 3885/7208/3901 3881/7206/3897
f 3740/7041/3756 3883/7324/3899 3886/7209/3902
f 3886/7210/3902 3883/7325/3899 3888/7213/3904
f 3941/7326/3957 3890/7327/3906 3586/7328/3602
f 3586/7329/3602 3890/7330/3906 3743/7331/3759
f 3885/7208/3901 3889/7215/3905 3942/7332/3958
f 3941/1423/3957 3943/7333/3959 3890/7334/3906
f 3810/7046/3826 3944/7335/3960 3808/7042/3824
f 3944/7335/3960 3884/7207/3900 3808/7042/3824
f 3810/7046/3826 3892/7222/3908 3944/7335/3960
f 3809/7214/3825 3887/7211/3903 3812/7336/3828
f 3943/7333/3959 3811/7337/3827 3890/7334/3906
f 3888/7213/3904 3945/7338/3961 3887/7211/3903
f 3887/7339/3903 3945/7340/3961 3812/7341/3828
f 3889/7215/3905 3891/7217/3907 3946/7342/3962
f 3892/7222/3908 3815/7223/3831 3947/7343/3963
f 3892/7344/3908 3947/7345/3963 3944/7346/3960
f 3945/7347/3961 3948/7348/3964 3812/7349/3828
f 3891/7217/3907 3949/7350/3965 3946/7342/3962
f 3813/7351/3829 3950/7352/3966 3893/7353/3909
f 3947/7343/3963 3815/7223/3831 3951/7354/3967
f 3948/7355/3964 3814/7356/3830 3812/7357/3828
f 3815/7223/3831 3894/7358/3910 3951/7354/3967
f 3891/7218/3907 3817/7061/3833 3949/7359/3965
f 3814/7360/3830 3952/7361/3968 3895/988/3911
f 3949/7359/3965 3817/7061/3833 3953/7362/3969
f 3814/7055/3830 3895/7226/3911 3677/7052/3693
f 3893/7224/3909 3954/7363/3970 3518/7049/3534
f 3954/7363/3970 3816/7058/3832 3518/7049/3534
f 3954/7363/3970 3955/7364/3971 3816/7058/3832
f 3590/7060/3606 3956/7365/3972 3817/7061/3833
f 3816/7058/3832 3957/7366/3973 3747/7229/3763
f 3590/7060/3606 3896/7230/3912 3956/7365/3972
f 3678/6737/3694 3520/7228/3536 3958/7367/3974
f 3748/6877/3764 3747/6876/3763 3959/7368/3975
f 3959/7368/3975 3820/7068/3836 3748/6877/3764
f 3682/6741/3698 3960/7369/3976 3595/6575/3611
f 3821/7069/3837 3680/6739/3696 3961/7370/3977
f 3960/7371/3976 3682/6883/3698 3821/7372/3837
f 3962/7373/3978 3596/6576/3612 3750/6880/3766
f 3749/6879/3765 3963/7374/3979 3296/5982/3312
f 3682/6883/3698 3683/6884/3699 3821/7372/3837
f 3963/7374/3979 3751/6885/3767 3296/5982/3312
f 3443/6275/3459 3964/7375/3980 3444/6276/3460
f 3597/6577/3613 3824/7376/3840 3822/7070/3838
f 3444/6276/3460 3964/7375/3980 3752/7072/3768
f 3751/6885/3767 3965/7377/3981 3685/6747/3701
f 3965/7377/3981 3966/7378/3982 3685/6747/3701
f 3228/5840/3244 3686/6748/3702 3902/7237/3918
f 3967/7379/3983 3523/7074/3539 3600/6583/3616
f 3688/6751/3704 3903/7238/3919 3601/6584/3617
f 3906/7241/3922 3968/7380/3984 3603/6586/3619
f 3603/7381/3619 3968/7382/3984 3826/7383/3842
f 3755/6891/3771 3756/6892/3772 3969/7384/3985
f 3527/6435/3543 3606/6593/3622 3970/7385/3986
f 3606/7386/3622 3380/7387/3396 3758/7388/3774
f 3757/6896/3773 3971/7389/3987 3827/7077/3843
f 3909/7245/3925 3829/7082/3845 3693/6761/3709
f 3972/7390/3988 3837/7246/3853 3830/7083/3846
f 3837/7391/3853 3913/7262/3929 3836/7252/3852
f 3911/7257/3927 3910/7247/3926 3833/7088/3849
f 3913/7262/3929 3700/6788/3716 3836/7252/3852
f 3762/6908/3778 3845/7117/3861 3973/7392/3989
f 3764/6918/3780 3700/6788/3716 3913/7262/3929
f 3915/677/3931 3842/7393/3858 3622/7394/3638
f 3622/7395/3638 3544/6478/3560 3915/7265/3931
f 3763/6910/3779 3912/7259/3928 3914/7263/3930
f 3974/7396/3990 3975/7397/3991 3976/7398/3992
f 3974/7396/3990 3977/7399/3993 3975/7397/3991
f 3624/6626/3640 3914/7263/3930 3847/7122/3863
f 3975/7397/3991 3977/7399/3993 3978/7400/3994
f 3623/6625/3639 3979/7401/3995 3915/7265/3931
f 3767/6922/3783 3980/7402/3996 3979/7401/3995
f 3767/6922/3783 3979/7401/3995 3623/6625/3639
f 3765/6919/3781 3847/7123/3863 3981/7403/3997
f 3765/6919/3781 3981/7403/3997 3479/6352/3495
f 3701/6789/3717 3705/6924/3721 3982/7404/3998
f 3769/6925/3785 3983/7405/3999 3853/7134/3869
f 3769/6925/3785 3633/6644/3649 3983/7405/3999
f 3853/7406/3869 3773/6932/3789 3704/6794/3720
f 3704/6794/3720 3773/6932/3789 3551/6491/3567
f 3479/6352/3495 3984/7407/4000 3856/7139/3872
f 3773/6932/3789 3985/7408/4001 3553/6493/3569
f 3401/7409/3417 3856/7410/3872 3775/7411/3791
f 3711/7142/3727 3775/6941/3791 3917/7412/3933
f 3554/6495/3570 3986/7413/4002 3919/7274/3935
f 3554/6495/3570 3920/7275/3936 3986/7413/4002
f 3778/7277/3794 3922/7282/3938 3920/7275/3936
f 3859/7280/3875 3921/7278/3937 3987/7414/4003
f 3779/7281/3795 3988/7415/4004 3922/7282/3938
f 3923/7283/3939 3859/7147/3875 3987/7416/4003
f 3779/7417/3795 3924/7418/3940 3988/7419/4004
f 3783/6958/3799 3925/7420/3941 3782/6959/3798
f 3862/7159/3878 3640/6663/3656 3989/7421/4005
f 3640/6663/3656 3926/7287/3942 3989/7421/4005
f 3562/6517/3578 3925/7288/3941 3641/6665/3657
f 3787/7167/3803 3990/7422/4006 3716/7165/3732
f 3564/6522/3580 3929/7292/3945 3928/7291/3944
f 3867/7175/3883 3991/7423/4007 3646/7176/3662
f 3271/6076/3287 3719/6820/3735 3866/7424/3882
f 3349/6079/3365 3565/6524/3581 3867/7175/3883
f 3565/6524/3581 3493/6376/3509 3870/7182/3886
f 3992/7425/4008 3869/7181/3885 3720/6821/3736
f 3649/7180/3665 3868/7177/3884 3871/7426/3887
f 3651/6684/3667 3723/6829/3739 3201/5785/3217
f 3651/6684/3667 3933/7299/3949 3723/6829/3739
f 3728/7308/3744 3934/7311/3950 3874/7186/3890
f 3794/7303/3810 3993/7427/4009 3795/7428/3811
f 3795/7428/3811 3878/7196/3894 3667/7315/3683
f 3795/7428/3811 3993/7427/4009 3878/7196/3894
f 3666/7195/3682 3877/7429/3893 3937/7316/3953
f 3799/7015/3815 3879/7197/3895 3994/7430/4010
f 3939/7431/3955 3995/7432/4011 3798/7011/3814
f 3732/6845/3748 3996/7433/4012 3731/6842/3747
f 3734/7434/3750 3879/7435/3895 3802/7436/3818
f 3734/7437/3750 3997/7438/4013 3879/7439/3895
f 3997/7438/4013 3734/7437/3750 3739/7440/3755
f 3998/7441/4014 3736/6860/3752 3800/7029/3816
f 3739/7036/3755 3675/6732/3691 3999/7442/4015
f 3675/7443/3691 3881/7444/3897 3999/7445/4015
f 3805/7037/3821 3941/7446/3957 3586/6564/3602
f 3882/7204/3898 3884/7207/3900 4000/7447/4016
f 3881/7448/3897 3885/7449/3901 3942/7450/3958
f 4001/7451/4017 3943/7452/3959 3941/7446/3957
f 4002/7453/4018 3945/7338/3961 3888/7213/3904
f 4003/7454/4019 3884/7455/3900 3944/7346/3960
f 3889/7215/3905 3946/7342/3962 3942/7332/3958
f 3811/7337/3827 3943/7333/3959 3813/7456/3829
f 3944/7346/3960 3947/7345/3963 4003/7454/4019
f 3942/7450/3958 3946/7457/3962 4004/7458/4020
f 3946/7457/3962 4005/7459/4021 4004/7458/4020
f 3943/7333/3959 3950/7460/3966 3813/7456/3829
f 3951/7461/3967 4006/7462/4022 3947/7345/3963
f 3947/7345/3963 4006/7462/4022 4003/7454/4019
f 4002/7453/4018 3948/7463/3964 3945/7338/3961
f 3949/7464/3965 4005/7459/4021 3946/7457/3962
f 3949/7464/3965 3953/7465/3969 4005/7459/4021
f 3894/7358/3910 4006/7466/4022 3951/7354/3967
f 4002/7453/4018 3814/7467/3830 3948/7463/3964
f 4002/7453/4018 3952/7468/3968 3814/7467/3830
f 3950/7352/3966 3954/7469/3970 3893/7353/3909
f 3953/7362/3969 3817/7061/3833 4007/7470/4023
f 3952/7471/3968 4008/7472/4024 3895/7226/3911
f 3895/7226/3911 4008/7472/4024 4009/7473/4025
f 3894/7225/3910 3678/6737/3694 4010/7474/4026
f 4011/7475/4027 4007/7470/4023 4012/7476/4028
f 3817/7061/3833 4012/7476/4028 4007/7470/4023
f 4012/7476/4028 3817/7061/3833 3956/7365/3972
f 4009/7473/4025 3746/7227/3762 3895/7226/3911
f 4013/7477/4029 3591/7478/3607 3746/7227/3762
f 4013/7477/4029 3521/7479/3537 3591/7478/3607
f 3520/7228/3536 3679/7480/3695 3958/7367/3974
f 4014/7481/4030 3594/6574/3610 3593/7062/3609
f 4014/7481/4030 3818/7063/3834 3594/6574/3610
f 3593/6573/3609 3595/6878/3611 4015/7482/4031
f 3896/7230/3912 3592/7231/3608 3897/7483/3913
f 3679/6738/3695 3596/6576/3612 4016/7484/4032
f 4016/7484/4032 3596/6576/3612 3962/7373/3978
f 3962/7373/3978 3750/6880/3766 4017/7485/4033
f 4017/7485/4033 3750/6880/3766 4018/7486/4034
f 3750/6880/3766 3299/5987/3315 4018/7486/4034
f 4019/7487/4035 3751/6885/3767 3963/7374/3979
f 4018/7488/4034 3299/6125/3315 3899/7234/3915
f 4020/7489/4036 3681/6740/3697 3822/7070/3838
f 3302/5991/3318 3823/7071/3839 3684/6746/3700
f 3823/7071/3839 3598/6581/3614 3901/7236/3917
f 3966/7378/3982 3139/6127/3155 3685/6747/3701
f 3966/7490/3982 4021/7491/4037 3139/5652/3155
f 4022/7492/4038 3753/6887/3769 3375/6128/3391
f 3599/6582/3615 3753/6888/3769 4022/7493/4038
f 3599/6582/3615 4023/7494/4039 3305/5997/3321
f 4024/7495/4040 3045/6000/3059 3687/6749/3703
f 3600/6750/3616 3601/6584/3617 4025/7496/4041
f 3904/7239/3920 3448/6285/3464 3826/7076/3842
f 4026/7497/4042 3690/6753/3706 3905/7240/3921
f 4027/7498/4043 3906/7499/3922 3691/7500/3707
f 4026/7501/4042 3754/6890/3770 3690/7242/3706
f 4027/7502/4043 3691/6754/3707 3379/6135/3395
f 4027/7502/4043 3379/6135/3395 3755/6891/3771
f 4028/7503/4044 3604/6591/3620 3754/6890/3770
f 4028/7503/4044 3526/6431/3542 3604/6591/3620
f 3969/7504/3985 3756/6893/3772 3908/7244/3924
f 4029/7505/4045 3143/5658/3159 3907/7243/3923
f 3908/4598/3924 3527/7433/3543 4030/7506/4046
f 4029/7505/4045 3528/6433/3544 3143/5658/3159
f 4030/7507/4046 3527/6435/3543 3970/7385/3986
f 4031/7508/4047 3605/6592/3621 3528/6433/3544
f 3606/7386/3622 3758/7388/3774 4032/7509/4048
f 3759/7510/3775 3827/7511/3843 4033/7512/4049
f 3607/6595/3623 4034/7513/4050 3828/7079/3844
f 3972/7514/3988 3830/7515/3846 3829/7516/3845
f 4034/7513/4050 3607/6595/3623 3832/7087/3848
f 3913/7517/3929 3837/7246/3853 3972/7390/3988
f 4035/7518/4051 4036/7519/4052 4037/7520/4053
f 4035/7518/4051 4038/7521/4054 4036/7519/4052
f 3700/6788/3716 3841/7251/3857 3836/7252/3852
f 3849/7127/3865 3762/7264/3778 3973/7522/3989
f 4038/7521/4054 3974/7396/3990 4036/7519/4052
f 3976/7398/3992 4036/7519/4052 3974/7396/3990
f 3914/7523/3930 3912/7524/3928 4039/7525/4055
f 3852/7526/3868 3977/7399/3993 3974/7396/3990
f 3915/7265/3931 3979/7401/3995 4040/7527/4056
f 4041/7528/4057 3975/7529/3991 3978/7530/3994
f 3851/7131/3867 4042/7531/4058 4043/7532/4059
f 3851/7533/3867 3850/7534/3866 4042/7535/4058
f 3977/7399/3993 3982/7536/3998 3978/7400/3994
f 4041/7528/4057 3978/7530/3994 3982/7537/3998
f 3701/6789/3717 3982/7404/3998 3852/7130/3868
f 3708/6799/3724 3980/7402/3996 3767/6922/3783
f 3773/6932/3789 3853/7406/3869 3983/7538/3999
f 3983/7405/3999 3633/6644/3649 4044/7539/4060
f 3707/7540/3723 3182/5745/3198 3634/6646/3650
f 4045/7541/4061 4046/7542/4062 3710/7543/3726
f 3710/6802/3726 4046/7544/4062 3857/7144/3873
f 4046/7544/4062 3921/7278/3937 3857/7144/3873
f 4047/7545/4063 3987/7414/4003 3921/7278/3937
f 3987/7416/4003 4048/7546/4064 3923/7283/3939
f 3861/7547/3877 3923/7283/3939 4048/7546/4064
f 4049/7548/4065 3860/7152/3876 3861/7547/3877
f 4049/7548/4065 3861/7547/3877 4050/7549/4066
f 4048/7546/4064 4050/7549/4066 3861/7547/3877
f 4051/7550/4067 3783/7151/3799 3860/7152/3876
f 4052/7551/4068 3924/7418/3940 3862/7552/3878
f 4053/7553/4069 3787/6977/3803 3927/7290/3943
f 3926/7287/3942 3344/6071/3360 4054/7554/4070
f 3990/7555/4006 3863/7168/3879 3716/6816/3732
f 3991/7556/4007 3718/6818/3734 3646/6819/3662
f 4055/7557/4071 3719/6820/3735 4056/7558/4072
f 3719/6820/3735 3721/6985/3737 4056/7558/4072
f 4057/7559/4073 3565/6524/3581 3870/7182/3886
f 3721/6985/3737 3872/7184/3888 4058/7560/4074
f 4059/7561/4075 3872/7184/3888 3932/7296/3948
f 3871/7562/3887 4060/7563/4076 3873/7564/3889
f 3869/7565/3885 4061/7566/4077 3494/7567/3510
f 4062/7568/4078 3722/6828/3738 3723/6829/3739
f 4061/7566/4077 3650/7569/3666 3494/7567/3510
f 3650/7569/3666 4063/7570/4079 3653/7571/3669
f 4063/7572/4079 3933/7573/3949 3653/7574/3669
f 4064/7575/4080 3569/6685/3585 3873/7185/3889
f 3875/7302/3891 4065/7576/4081 3794/7303/3810
f 3875/7302/3891 3796/7312/3812 4065/7576/4081
f 4065/7576/4081 3993/7427/4009 3794/7303/3810
f 3876/7309/3892 4066/7577/4082 3877/7429/3893
f 3876/7309/3892 3874/7186/3890 4066/7577/4082
f 3796/7312/3812 3935/7313/3951 4065/7576/4081
f 3874/7186/3890 3934/7311/3950 4066/7577/4082
f 3877/7429/3893 4066/7577/4082 3937/7316/3953
f 4066/7577/4082 4067/7578/4083 3937/7316/3953
f 3934/7311/3950 3936/7314/3952 4066/7577/4082
f 3937/7316/3953 4067/7578/4083 3938/7317/3954
f 3936/7314/3952 3995/7432/4011 4066/7577/4082
f 3797/7004/3813 3994/7430/4010 3935/7313/3951
f 3993/7427/4009 4068/7579/4084 3732/7012/3748
f 3797/7004/3813 3799/7015/3815 3994/7430/4010
f 3878/7196/3894 3993/7427/4009 3732/7012/3748
f 3732/7012/3748 4068/7579/4084 3996/7580/4012
f 3798/7011/3814 3995/7432/4011 3936/7314/3952
f 4069/7581/4085 3731/7582/3747 3996/7580/4012
f 4069/7581/4085 3800/7583/3816 3731/7582/3747
f 3998/7441/4014 3800/7029/3816 4069/7584/4085
f 3739/7440/3755 3999/7585/4015 3997/7438/4013
f 3733/6846/3749 3738/7028/3754 4070/7586/4086
f 3940/7323/3956 3941/7446/3957 3805/7037/3821
f 3881/7448/3897 3942/7450/3958 4004/7458/4020
f 3884/7207/3900 4003/7587/4019 4000/7447/4016
f 4001/7451/4017 4071/7588/4087 3943/7452/3959
f 4071/7589/4087 3950/7460/3966 3943/7333/3959
f 4006/7466/4022 4072/7590/4088 4003/7587/4019
f 3953/7591/3969 4073/7592/4089 4005/7593/4021
f 4002/7594/4018 4074/7595/4090 3952/7596/3968
f 4071/7589/4087 4075/7597/4091 3950/7460/3966
f 4006/7466/4022 3894/7358/3910 4076/7598/4092
f 4006/7466/4022 4076/7598/4092 4072/7590/4088
f 3953/7591/3969 4007/7599/4023 4073/7592/4089
f 3894/7358/3910 4010/7600/4026 4077/7601/4093
f 3950/7352/3966 4075/7602/4091 3954/7469/3970
f 4075/7602/4091 3955/7603/3971 3954/7469/3970
f 4078/7604/4094 4007/7599/4023 4011/7605/4027
f 4010/7600/4026 4079/7606/4095 4077/7601/4093
f 4008/7472/4024 4080/7607/4096 4009/7473/4025
f 3955/7364/3971 4081/7608/4097 3816/7058/3832
f 3678/6737/3694 3958/7367/3974 4010/7474/4026
f 4010/7474/4026 3958/7367/3974 4082/7609/4098
f 3746/7227/3762 4009/7473/4025 4013/7477/4029
f 3957/7366/3973 3959/7610/3975 3747/7229/3763
f 3958/7367/3974 3679/7480/3695 4083/7611/4099
f 4083/7611/4099 3679/7480/3695 4016/7612/4032
f 4084/7613/4100 3680/6739/3696 3521/6421/3537
f 3961/7614/3977 3960/7615/3976 3821/2065/3837
f 4018/7488/4034 3899/7234/3915 4085/7616/4101
f 3899/7234/3915 3300/5988/3316 3684/7617/3700
f 3822/7070/3838 3824/7376/3840 4086/7618/4102
f 3824/7073/3840 3445/6279/3461 3900/7235/3916
f 3964/7619/3980 4087/7620/4103 4088/7621/4104
f 3964/7375/3980 4088/7622/4104 3752/7072/3768
f 3824/7623/3840 4089/4990/4105 4086/7624/4102
f 3823/7071/3839 3901/7236/3917 4090/7625/4106
f 3139/5652/3155 4021/7491/4037 3375/6128/3391
f 3902/7237/3918 3686/6748/3702 4091/7626/4107
f 4021/7627/4037 4022/7628/4038 3375/7629/3391
f 3523/6427/3539 3967/7630/3983 3686/6748/3702
f 4023/7494/4039 3447/6284/3463 3305/5997/3321
f 3447/6428/3463 4092/7631/4108 3687/6749/3703
f 4092/7631/4108 4024/7495/4040 3687/6749/3703
f 4024/7495/4040 3825/7632/3841 3045/6000/3059
f 3601/6584/3617 3903/7238/3919 4093/7633/4109
f 3968/7380/3984 3906/7241/3922 4094/7634/4110
f 3905/7240/3921 3602/6585/3618 4095/7635/4111
f 3905/7240/3921 4095/7635/4111 4026/7497/4042
f 4094/7634/4110 3906/7241/3922 4027/7502/4043
f 4096/7636/4112 3755/6891/3771 3969/7384/3985
f 3526/6431/3542 4028/7503/4044 3907/7243/3923
f 4029/7505/4045 4031/7508/4047 3528/6433/3544
f 3758/7388/3774 4097/7637/4113 4032/7509/4048
f 3827/7077/3843 3971/7389/3987 4033/7638/4049
f 3758/7639/3774 3828/7640/3844 4097/7641/4113
f 3760/7642/3776 3828/7640/3844 3758/7639/3774
f 3759/7510/3775 4033/7512/4049 3909/7643/3925
f 4098/7644/4114 4099/7645/4115 4035/7518/4051
f 3972/7646/3988 3845/7117/3861 3913/7262/3929
f 3972/7646/3988 4100/7647/4116 3845/7117/3861
f 4100/7647/4116 3973/7392/3989 3845/7117/3861
f 4101/7648/4117 4102/7649/4118 4103/7650/4119
f 4036/7651/4052 4104/7652/4120 4037/7653/4053
f 4103/7654/4119 4102/7655/4118 4105/7656/4121
f 4036/7651/4052 3976/7657/3992 4104/7652/4120
f 4103/7654/4119 4105/7656/4121 4106/7658/4122
f 4104/7652/4120 3976/7657/3992 4107/7659/4123
f 3842/7660/3858 3915/7661/3931 4040/7662/4056
f 3976/7398/3992 3975/7397/3991 4107/7663/4123
f 3975/7529/3991 4041/7528/4057 4107/7664/4123
f 3852/7526/3868 3982/7536/3998 3977/7399/3993
f 4106/7665/4122 4042/7535/4058 3850/7534/3866
f 4106/7666/4122 4043/7667/4059 4042/7668/4058
f 4108/7669/4124 3847/7122/3863 3914/7263/3930
f 3982/7670/3998 3705/7671/3721 4041/7672/4057
f 3980/7673/3996 3708/7140/3724 4109/7674/4125
f 3981/7403/3997 3984/7407/4000 3479/6352/3495
f 4109/7674/4125 3774/6933/3790 3916/7675/3932
f 4109/7674/4125 3708/7140/3724 3774/6933/3790
f 4110/7676/4126 3768/7132/3784 3851/7131/3867
f 3772/6930/3788 4111/7677/4127 3916/7678/3932
f 3768/7132/3784 4110/7676/4126 3550/6793/3566
f 3856/7410/3872 4112/7679/4128 3775/7411/3791
f 3917/7412/3933 3775/6941/3791 4112/7680/4128
f 3985/7408/4001 4113/7681/4129 3553/6493/3569
f 3855/7682/3871 3552/6494/3568 3918/7273/3934
f 3553/6493/3569 3918/7683/3934 3632/7141/3648
f 3553/6493/3569 4113/7681/4129 3918/7683/3934
f 3919/7684/3935 4045/7541/4061 3710/7543/3726
f 3920/7685/3936 4114/7686/4130 3986/7687/4002
f 4114/7686/4130 3920/7685/3936 3922/7688/3938
f 4046/7544/4062 4047/7545/4063 3921/7278/3937
f 4049/7548/4065 4051/7550/4067 3860/7152/3876
f 3988/7419/4004 3924/7418/3940 4052/7551/4068
f 3862/7552/3878 3989/7689/4005 4052/7551/4068
f 3783/7151/3799 4051/7550/4067 3925/7690/3941
f 4054/7554/4070 3344/6071/3360 3643/6674/3659
f 3990/7691/4006 3787/6977/3803 4053/7553/4069
f 3489/6523/3505 3864/7169/3880 4115/7692/4131
f 4115/7693/4131 3717/6817/3733 3489/6372/3505
f 4115/7693/4131 3929/7694/3945 3717/6817/3733
f 3490/7172/3506 4116/7695/4132 3930/7696/3946
f 3490/7172/3506 3345/6072/3361 4116/7695/4132
f 3866/7173/3882 3719/7697/3735 4055/7698/4071
f 3647/6679/3663 3992/7425/4008 3720/6821/3736
f 4062/7699/4078 3723/7700/3739 4117/7701/4133
f 4117/7701/4133 3723/7700/3739 3933/7573/3949
f 3993/7427/4009 4065/7576/4081 4068/7579/4084
f 4065/7576/4081 3935/7313/3951 4118/7702/4134
f 4066/7577/4082 3995/7432/4011 4067/7578/4083
f 4065/7576/4081 4118/7702/4134 4068/7579/4084
f 3935/7313/3951 3994/7430/4010 4118/7702/4134
f 4118/7702/4134 4119/7703/4135 4068/7579/4084
f 4118/7702/4134 4120/7704/4136 4119/7703/4135
f 3994/7430/4010 4120/7704/4136 4118/7702/4134
f 4068/7579/4084 4119/7703/4135 3996/7580/4012
f 4120/7704/4136 3994/7430/4010 4121/7705/4137
f 3995/7432/4011 4122/7706/4138 4067/7578/4083
f 3995/7432/4011 3939/7431/3955 4122/7706/4138
f 4119/7703/4135 4069/7581/4085 3996/7580/4012
f 3938/7317/3954 4067/7578/4083 4123/7707/4139
f 4069/7581/4085 4119/7703/4135 4124/7708/4140
f 4122/7706/4138 3939/7431/3955 4070/7709/4086
f 3938/7322/3954 4123/7710/4139 3737/6854/3753
f 3737/6854/3753 4123/7710/4139 3940/7323/3956
f 3736/6860/3752 4125/7711/4141 3807/7039/3823
f 3807/7039/3823 4125/7711/4141 3883/7205/3899
f 4125/7711/4141 4126/7712/4142 3883/7205/3899
f 3883/7205/3899 4126/7712/4142 3888/7713/3904
f 3952/7596/3968 4074/7595/4090 4008/7714/4024
f 4077/7601/4093 4076/7598/4092 3894/7358/3910
f 4007/7599/4023 4078/7604/4094 4073/7592/4089
f 3955/7715/3971 4075/7716/4091 4127/7717/4143
f 4008/7714/4024 4128/7718/4144 4080/7719/4096
f 4080/7719/4096 4128/7718/4144 4129/7720/4145
f 4129/7720/4145 4011/7721/4027 4080/7719/4096
f 4127/7722/4143 4077/7723/4093 4079/7724/4095
f 4127/7722/4143 4081/7608/4097 3955/7364/3971
f 4079/7724/4095 4081/7608/4097 4127/7722/4143
f 4011/7475/4027 4130/7725/4146 4080/7607/4096
f 4079/7724/4095 4131/7726/4147 4081/7608/4097
f 3958/7367/3974 4083/7611/4099 4082/7609/4098
f 3521/7479/3537 4013/7477/4029 4084/7727/4100
f 3595/7728/3611 3960/7729/3976 4015/7730/4031
f 3959/7610/3975 4132/7731/4148 3820/7732/3836
f 3819/7067/3835 4133/7733/4149 3749/6879/3765
f 3680/6739/3696 4084/7613/4100 3961/7370/3977
f 3961/7370/3977 4084/7613/4100 4134/7734/4150
f 3681/6740/3697 4020/7489/4036 3897/7232/3913
f 4018/7486/4034 4135/7735/4151 4017/7485/4033
f 3898/7233/3914 4136/7736/4152 3443/6275/3459
f 3965/7377/3981 3751/6885/3767 4019/7487/4035
f 3443/6275/3459 4136/7736/4152 3964/7375/3980
f 3823/7071/3839 4090/7625/4106 3684/6746/3700
f 3964/7375/3980 4136/7736/4152 4137/7737/4153
f 4089/7738/4105 3824/7739/3840 3900/7740/3916
f 3752/6886/3768 4088/7741/4104 3900/7235/3916
f 3964/7375/3980 4137/7737/4153 4087/7742/4103
f 4086/7624/4102 4089/4990/4105 4138/7743/4154
f 4022/7493/4038 4023/7494/4039 3599/6582/3615
f 4023/7494/4039 4139/7744/4155 3447/6284/3463
f 4139/7744/4155 4092/7745/4108 3447/6284/3463
f 3967/7379/3983 4025/7746/4041 4140/7747/4156
f 3967/7379/3983 3600/6583/3616 4025/7746/4041
f 4025/7496/4041 3601/6584/3617 4093/7633/4109
f 3524/7748/3540 3825/7632/3841 4141/7749/4157
f 3968/7382/3984 4142/7750/4158 3826/7383/3842
f 3968/7382/3984 4094/7751/4110 4142/7750/4158
f 4027/7502/4043 4096/7636/4112 4143/7752/4159
f 3755/6891/3771 4096/7636/4112 4027/7502/4043
f 4029/7753/4045 3907/7754/3923 4144/7755/4160
f 3605/6592/3621 4031/7508/4047 3757/6896/3773
f 4031/7508/4047 4145/7756/4161 3757/6896/3773
f 3757/6896/3773 4145/7756/4161 3971/7389/3987
f 3970/7757/3986 3606/7386/3622 4032/7509/4048
f 4097/7641/4113 3828/7640/3844 4146/7758/4162
f 3909/7643/3925 4147/7759/4163 3829/7760/3845
f 4146/7758/4162 3828/7640/3844 4148/7761/4164
f 3829/7762/3845 4147/7763/4163 3972/7764/3988
f 3828/7640/3844 4034/7765/4050 4148/7761/4164
f 4034/7765/4050 4149/7766/4165 4150/7767/4166
f 4149/7766/4165 4151/7768/4167 4150/7767/4166
f 4150/7767/4166 4098/7644/4114 4152/7769/4168
f 4151/7768/4167 4098/7644/4114 4150/7767/4166
f 4153/7770/4169 4154/7771/4170 4101/7648/4117
f 4151/7768/4167 4099/7645/4115 4098/7644/4114
f 4098/7644/4114 4035/7518/4051 4152/7769/4168
f 4102/7649/4118 4101/7648/4117 4154/7771/4170
f 4099/7772/4115 4155/7773/4171 4038/7774/4054
f 4035/7518/4051 4099/7645/4115 4038/7521/4054
f 4154/7775/4170 4156/7776/4172 4102/7655/4118
f 4101/7648/4117 4103/7650/4119 4157/7777/4173
f 3910/7778/3926 3911/7514/3927 3832/7779/3848
f 3973/7392/3989 4158/7780/4174 3849/7781/3865
f 4103/7650/4119 4106/7665/4122 4157/7777/4173
f 4157/7777/4173 4106/7665/4122 4158/7780/4174
f 4159/7782/4175 3912/7524/3928 3842/7660/3858
f 3912/7524/3928 4160/7783/4176 4039/7525/4055
f 3849/7781/3865 4158/7780/4174 3850/7534/3866
f 4105/7784/4121 4043/7785/4059 4106/7786/4122
f 4107/7787/4123 4161/7788/4177 4104/7789/4120
f 4038/7521/4054 3852/7526/3868 3974/7396/3990
f 3850/7534/3866 4158/7780/4174 4106/7665/4122
f 4041/7528/4057 4161/7790/4177 4107/7664/4123
f 3979/7401/3995 3980/7402/3996 4162/7791/4178
f 3847/7123/3863 4108/7792/4124 3981/7403/3997
f 4043/7532/4059 4163/7793/4179 3851/7131/3867
f 3705/6795/3721 4164/7794/4180 4041/7528/4057
f 3916/7678/3932 4165/7795/4181 4109/7796/4125
f 3983/7538/3999 4044/7797/4060 3773/6932/3789
f 3916/7678/3932 4111/7677/4127 4165/7795/4181
f 3633/6644/3649 3917/7272/3933 4044/7539/4060
f 3705/6795/3721 3706/6796/3722 4164/7794/4180
f 3770/7137/3786 4166/7798/4182 3631/6642/3647
f 3770/6926/3786 3854/7135/3870 4166/7799/4182
f 3707/6798/3723 4111/7677/4127 3772/6930/3788
f 3919/7684/3935 3986/7687/4002 4045/7541/4061
f 3922/7688/3938 3988/7419/4004 4167/7800/4183
f 3987/7416/4003 4168/7801/4184 4048/7546/4064
f 4052/7551/4068 4167/7800/4183 3988/7419/4004
f 4052/7551/4068 4169/7802/4185 4167/7800/4183
f 4050/7803/4066 4048/7804/4064 4170/7805/4186
f 4052/7806/4068 4171/7807/4187 4169/7808/4185
f 4171/7807/4187 4052/7806/4068 4172/7809/4188
f 4052/7551/4068 3989/7689/4005 4172/7810/4188
f 3645/6676/3661 4173/7811/4189 3414/6222/3430
f 3414/6222/3430 4174/7812/4190 3864/7170/3880
f 3866/7173/3882 4055/7698/4071 4175/7813/4191
f 3565/6524/3581 4057/7559/4073 3867/7175/3883
f 4059/7561/4075 4058/7560/4074 3872/7184/3888
f 3722/6828/3738 4062/7568/4078 4176/7814/4192
f 3869/7565/3885 4177/7815/4193 4061/7566/4077
f 3871/7426/3887 4178/7816/4194 4060/7817/4076
f 4060/7563/4076 4064/7818/4080 3873/7564/3889
f 3650/7569/3666 4061/7566/4077 4063/7570/4079
f 3933/7573/3949 4063/7572/4079 4117/7701/4133
f 3932/7819/3948 3569/7820/3585 4064/7821/4080
f 3939/7822/3955 3733/7823/3749 4070/7824/4086
f 3940/7323/3956 4179/7825/4195 3941/7446/3957
f 3881/7826/3897 4004/7827/4020 4180/7828/4196
f 3941/7446/3957 4179/7825/4195 4001/7451/4017
f 3888/7713/3904 4126/7712/4142 4002/7829/4018
f 4004/7827/4020 4181/7830/4197 4180/7828/4196
f 4001/7451/4017 4182/7831/4198 4071/7588/4087
f 4004/7827/4020 4005/7593/4021 4181/7830/4197
f 4005/7593/4021 4073/7592/4089 4181/7830/4197
f 4071/7832/4087 4182/7833/4198 4075/7716/4091
f 4008/7714/4024 4074/7595/4090 4128/7718/4144
f 4182/7833/4198 4183/7834/4199 4075/7716/4091
f 4075/7716/4091 4183/7834/4199 4127/7717/4143
f 4011/7605/4027 4129/7835/4145 4078/7604/4094
f 4127/7717/4143 4183/7834/4199 4077/7836/4093
f 4080/7607/4096 4130/7725/4146 4184/7837/4200
f 4079/7724/4095 4010/7474/4026 4131/7726/4147
f 4080/7607/4096 4184/7837/4200 4009/7473/4025
f 4011/7475/4027 4012/7476/4028 4130/7725/4146
f 4010/7474/4026 4082/7609/4098 4131/7726/4147
f 4012/7476/4028 3956/7365/3972 4185/7838/4201
f 4009/7473/4025 4186/7839/4202 4013/7477/4029
f 3956/7365/3972 4187/7840/4203 4185/7838/4201
f 3956/7365/3972 3896/7230/3912 4187/7840/4203
f 3593/6573/3609 4015/7482/4031 4188/7841/4204
f 4014/7481/4030 4189/7842/4205 3818/7063/3834
f 3896/7230/3912 3897/7483/3913 4187/7840/4203
f 3960/7729/3976 4190/7843/4206 4015/7730/4031
f 3960/7844/3976 3961/7845/3977 4190/7846/4206
f 3962/7847/3978 4017/7848/4033 4016/7612/4032
f 4133/7733/4149 3963/7374/3979 3749/6879/3765
f 3897/7483/3913 4020/7849/4036 4191/7850/4207
f 4018/7488/4034 4085/7616/4101 4135/7851/4151
f 4085/7616/4101 3899/7234/3915 4192/7852/4208
f 3899/7234/3915 3684/7617/3700 4192/7852/4208
f 4020/7489/4036 3822/7070/3838 4193/7853/4209
f 3822/7854/3838 4086/7855/4102 4193/7856/4209
f 3965/7377/3981 4194/7857/4210 3966/7378/3982
f 4195/7858/4211 4022/7859/4038 4021/7860/4037
f 4025/7496/4041 4093/7633/4109 4196/7861/4212
f 3524/6429/3540 4197/7862/4213 3689/6889/3705
f 3826/7076/3842 4142/7863/4158 3904/7239/3920
f 3602/6585/3618 3689/6752/3705 4197/7864/4213
f 4095/7865/4111 4198/7866/4214 4026/7867/4042
f 4026/7501/4042 4028/7503/4044 3754/6890/3770
f 4030/7507/4046 4199/7868/4215 4200/7869/4216
f 3971/7870/3987 4201/7871/4217 4033/7872/4049
f 4033/7512/4049 4147/7759/4163 3909/7643/3925
f 4148/7873/4164 4150/7874/4166 4202/7875/4218
f 4148/7761/4164 4034/7765/4050 4150/7767/4166
f 4150/7874/4166 4203/7876/4219 4202/7875/4218
f 4147/7877/4163 4204/7878/4220 3972/7646/3988
f 3972/7646/3988 4204/7878/4220 4100/7647/4116
f 4149/7766/4165 4205/7879/4221 4151/7768/4167
f 4100/7647/4116 4204/7878/4220 4206/7880/4222
f 4153/7881/4169 4207/7882/4223 4208/7883/4224
f 4153/7770/4169 4208/7884/4224 4154/7771/4170
f 4151/7768/4167 4205/7879/4221 4099/7645/4115
f 3832/7885/3848 4205/7879/4221 4034/7765/4050
f 4100/7647/4116 4206/7880/4222 3973/7392/3989
f 4101/7648/4117 4157/7777/4173 4153/7770/4169
f 4099/7772/4115 4205/7886/4221 4155/7773/4171
f 4035/7518/4051 4037/7520/4053 4152/7769/4168
f 4152/7887/4168 4037/7653/4053 4209/7888/4225
f 3832/7087/3848 3911/7257/3927 3846/7121/3862
f 3832/7885/3848 3846/7889/3862 4205/7879/4221
f 4104/7652/4120 4209/7888/4225 4037/7653/4053
f 3842/7660/3858 4040/7662/4056 4210/7890/4226
f 4210/7890/4226 4159/7782/4175 3842/7660/3858
f 4211/7891/4227 3912/7524/3928 4159/7782/4175
f 4156/7776/4172 4105/7656/4121 4102/7655/4118
f 4104/7789/4120 4161/7788/4177 4209/7892/4225
f 4038/7521/4054 4155/7893/4171 3852/7526/3868
f 4155/7893/4171 3846/7889/3862 3852/7526/3868
f 4105/7894/4121 4212/7895/4228 4043/7896/4059
f 4040/7527/4056 3979/7401/3995 4162/7791/4178
f 4039/7897/4055 4213/7898/4229 3914/7899/3930
f 3914/7900/3930 4213/7901/4229 4108/7792/4124
f 4044/7539/4060 3917/7272/3933 4214/7902/4230
f 4044/7797/4060 4214/7903/4230 4215/7904/4231
f 4044/7797/4060 4215/7904/4231 3773/6932/3789
f 3984/7905/4000 4112/7679/4128 3856/7410/3872
f 4164/7794/4180 3706/6796/3722 4216/7906/4232
f 3550/6489/3566 4217/7907/4233 3854/7135/3870
f 3706/6796/3722 3771/7136/3787 4216/7906/4232
f 3771/7136/3787 3855/7138/3871 4216/7906/4232
f 3631/6645/3647 4166/7908/4182 3634/6646/3650
f 3986/7687/4002 4114/7686/4130 4045/7541/4061
f 4046/7542/4062 4218/7909/4234 4047/7910/4063
f 4047/7910/4063 4219/7911/4235 3987/7416/4003
f 4219/7911/4235 4220/7912/4236 3987/7416/4003
f 3987/7416/4003 4220/7912/4236 4168/7801/4184
f 4048/7546/4064 4221/7913/4237 4170/7914/4186
f 4048/7546/4064 4168/7801/4184 4221/7913/4237
f 4050/7549/4066 4222/7915/4238 4049/7548/4065
f 4050/7803/4066 4170/7805/4186 4222/7916/4238
f 4171/7917/4187 4223/7918/4239 4169/7802/4185
f 4051/7550/4067 3927/7919/3943 3925/7690/3941
f 3989/7421/4005 3926/7287/3942 4054/7554/4070
f 4115/7693/4131 4224/7920/4240 3929/7694/3945
f 4115/7921/4131 4174/7922/4190 4225/7667/4241
f 4115/7921/4131 3864/7923/3880 4174/7922/4190
f 4173/7811/4189 4174/7812/4190 3414/6222/3430
f 3866/7173/3882 4116/7695/4132 3345/6072/3361
f 3721/6985/3737 4058/7560/4074 4056/7558/4072
f 3648/7179/3664 4226/7924/4242 3868/7177/3884
f 3992/7925/4008 4177/7815/4193 3869/7565/3885
f 4178/7816/4194 4227/7926/4243 4060/7817/4076
f 3932/7927/3948 4227/7928/4243 4059/1822/4075
f 4061/7566/4077 4228/7929/4244 4063/7570/4079
f 4063/7930/4079 4229/7931/4245 4117/7932/4133
f 4227/7928/4243 4064/7818/4080 4060/7563/4076
f 3932/7927/3948 4064/7818/4080 4227/7928/4243
f 4119/7703/4135 4120/7704/4136 4124/7708/4140
f 3994/7430/4010 3997/7933/4013 4121/7705/4137
f 3994/7934/4010 3879/7439/3895 3997/7438/4013
f 4069/7584/4085 4124/7935/4140 3998/7441/4014
f 3999/7585/4015 4230/7936/4246 3997/7438/4013
f 3738/7028/3754 4231/7937/4247 4070/7586/4086
f 3998/7441/4014 4125/7711/4141 3736/6860/3752
f 3738/7028/3754 3806/7038/3822 4231/7937/4247
f 3806/7038/3822 3882/7204/3898 4231/7937/4247
f 3881/7826/3897 4230/7938/4246 3999/7939/4015
f 4179/7825/4195 4232/7940/4248 4001/7451/4017
f 4077/7601/4093 4233/7941/4249 4076/7598/4092
f 4183/7834/4199 4233/7942/4249 4077/7836/4093
f 4130/7725/4146 4012/7476/4028 4234/7943/4250
f 3816/7058/3832 4081/7608/4097 3957/7366/3973
f 4131/7726/4147 4235/7944/4251 4236/7945/4252
f 4131/7726/4147 4082/7609/4098 4235/7944/4251
f 4012/7476/4028 4185/7838/4201 4234/7943/4250
f 3593/7062/3609 4188/7946/4204 4014/7481/4030
f 3957/7366/3973 4237/7947/4253 3959/7610/3975
f 4082/7609/4098 4083/7611/4099 4238/7948/4254
f 3818/7949/3834 4189/7950/4205 3819/7951/3835
f 4238/7948/4254 4083/7611/4099 4016/7612/4032
f 4132/7731/4148 3959/7610/3975 4239/7952/4255
f 3897/7483/3913 4191/7850/4207 4187/7840/4203
f 4134/7953/4150 4190/7846/4206 3961/7845/3977
f 3820/7732/3836 4132/7731/4148 3898/7954/3914
f 4017/7848/4033 4135/7955/4151 4240/7956/4256
f 4085/7616/4101 4192/7852/4208 4135/7851/4151
f 4088/7741/4104 4241/7957/4257 3900/7235/3916
f 3902/7237/3918 4242/7958/4258 3901/7236/3917
f 3686/6748/3702 4243/7959/4259 4091/7626/4107
f 4244/7960/4260 4023/7494/4039 4022/7493/4038
f 3686/6748/3702 3967/7630/3983 4243/7959/4259
f 4243/7959/4259 3967/7630/3983 4245/7961/4261
f 3967/7630/3983 4140/7962/4156 4245/7961/4261
f 4025/7746/4041 4246/7963/4262 4140/7747/4156
f 4025/7496/4041 4247/7964/4263 4246/7965/4262
f 4024/7495/4040 4092/7631/4108 4248/7966/4264
f 4025/7496/4041 4196/7861/4212 4247/7964/4263
f 3524/6429/3540 4141/7967/4157 4197/7862/4213
f 4249/7968/4265 4198/7969/4214 4095/7635/4111
f 4094/7970/4110 4027/7971/4043 4250/7972/4266
f 3602/6585/3618 4249/7968/4265 4095/7635/4111
f 4198/7866/4214 4251/7973/4267 4026/7867/4042
f 4026/7501/4042 4251/7974/4267 4028/7503/4044
f 3908/7975/3924 4030/7976/4046 4200/7977/4216
f 4030/7507/4046 3970/7385/3986 4199/7868/4215
f 4146/7978/4162 4252/7979/4268 4097/7637/4113
f 4148/7873/4164 4252/7979/4268 4146/7978/4162
f 4208/7980/4224 4253/7981/4269 4154/7982/4170
f 4034/7765/4050 4205/7879/4221 4149/7766/4165
f 4150/7874/4166 4152/7887/4168 4203/7876/4219
f 4207/7882/4223 4153/7881/4169 4254/7983/4270
f 4254/7984/4270 4157/7777/4173 4206/7880/4222
f 4153/7770/4169 4157/7777/4173 4254/7984/4270
f 4157/7777/4173 4158/7780/4174 4206/7880/4222
f 4154/7775/4170 4253/7985/4269 4156/7776/4172
f 4205/7879/4221 3846/7889/3862 4155/7893/4171
f 3973/7986/3989 4206/7987/4222 4158/7988/4174
f 4160/7783/4176 3912/7524/3928 4211/7891/4227
f 4255/7989/4271 4256/7990/4272 4257/7991/4273
f 4258/7992/4274 4259/7993/4275 4257/7994/4273
f 4160/7995/4176 4260/7996/4276 4039/7897/4055
f 4156/7997/4172 4261/7998/4277 4105/7999/4121
f 4255/8000/4271 4257/8001/4273 4259/8002/4275
f 4209/2189/4225 4161/8003/4177 4262/8004/4278
f 4213/7901/4229 3981/7403/3997 4108/7792/4124
f 4212/8005/4228 4163/7793/4179 4043/7532/4059
f 4041/7528/4057 4164/7794/4180 4161/7790/4177
f 3980/7402/3996 4109/7796/4125 4162/7791/4178
f 4163/7793/4179 4110/7676/4126 3851/7131/3867
f 3773/6932/3789 4215/7904/4231 3985/7408/4001
f 3550/6793/3566 4110/7676/4126 4217/8006/4233
f 3854/8007/3870 4217/8008/4233 4166/8009/4182
f 4166/7908/4182 4263/8010/4279 3634/6646/3650
f 3634/6646/3650 4263/8010/4279 3707/7540/3723
f 4046/7542/4062 4045/7541/4061 4264/8011/4280
f 4264/8011/4280 4218/7909/4234 4046/7542/4062
f 4114/7686/4130 3922/7688/3938 4265/8012/4281
f 4218/7909/4234 4266/8013/4282 4047/7910/4063
f 4047/7910/4063 4266/8013/4282 4219/7911/4235
f 4167/7800/4183 4265/8012/4281 3922/7688/3938
f 4219/7911/4235 4267/8014/4283 4220/7912/4236
f 4219/7911/4235 4268/8015/4284 4267/8014/4283
f 4168/8016/4184 4220/8017/4236 4221/8018/4237
f 4170/7805/4186 4269/8019/4285 4222/7916/4238
f 4051/7550/4067 4049/7548/4065 4270/8020/4286
f 4222/7915/4238 4270/8020/4286 4049/7548/4065
f 4171/7807/4187 4172/7809/4188 4271/8021/4287
f 4051/8022/4067 4272/8023/4288 3927/8024/3943
f 3989/7689/4005 4054/8025/4070 4172/7810/4188
f 3643/6674/3659 3928/7291/3944 4273/8026/4289
f 4225/8027/4241 4224/7920/4240 4115/7693/4131
f 3863/7168/3879 4274/8028/4290 3645/6676/3661
f 4174/8029/4190 4275/8030/4291 4225/8031/4241
f 4116/7695/4132 4276/8032/4292 3930/7696/3946
f 3866/7173/3882 4175/7813/4191 4116/7695/4132
f 3865/7171/3881 4277/8033/4293 3788/6983/3804
f 3930/7293/3946 4278/8034/4294 3789/6984/3805
f 3788/7174/3804 4277/8035/4293 3931/7294/3947
f 4278/8034/4294 3648/6680/3664 3789/6984/3805
f 3722/6828/3738 4176/7814/4192 3870/7182/3886
f 3868/7177/3884 4279/8036/4295 3871/7426/3887
f 4059/7561/4075 4280/8037/4296 4058/7560/4074
f 4227/8038/4243 4280/8037/4296 4059/7561/4075
f 4063/8039/4079 4228/8040/4244 4229/8041/4245
f 3881/7826/3897 4180/7828/4196 4230/7938/4246
f 4000/7447/4016 4003/7587/4019 4281/8042/4297
f 4001/7451/4017 4232/7940/4248 4182/7831/4198
f 4002/7594/4018 4282/8043/4298 4074/7595/4090
f 4074/7595/4090 4282/8043/4298 4283/8044/4299
f 4074/7595/4090 4283/8044/4299 4128/7718/4144
f 4076/7598/4092 4233/7941/4249 4072/7590/4088
f 4073/7592/4089 4284/8045/4300 4181/7830/4197
f 4182/8046/4198 4285/8047/4301 4183/8048/4199
f 4073/7592/4089 4078/7604/4094 4284/8045/4300
f 4129/8049/4145 4284/8050/4300 4078/8051/4094
f 4130/7725/4146 4234/7943/4250 4184/7837/4200
f 4081/7608/4097 4131/7726/4147 4236/7945/4252
f 4184/7837/4200 4286/8052/4302 4009/7473/4025
f 4009/7473/4025 4286/8052/4302 4186/7839/4202
f 3957/7366/3973 4081/7608/4097 4237/7947/4253
f 4082/7609/4098 4238/7948/4254 4235/7944/4251
f 4237/7947/4253 4239/7952/4255 3959/7610/3975
f 4186/7839/4202 4084/7727/4100 4013/7477/4029
f 4015/7730/4031 4190/7843/4206 4287/8053/4303
f 4020/7849/4036 4288/8054/4304 4191/7850/4207
f 3898/7954/3914 4289/8055/4305 4136/8056/4152
f 4135/7851/4151 4192/7852/4208 4290/8057/4306
f 3900/7740/3916 4291/8058/4307 4089/7738/4105
f 4138/7743/4154 4193/8059/4209 4086/7624/4102
f 4087/8060/4103 4241/7957/4257 4088/7741/4104
f 4087/8060/4103 4292/8061/4308 4241/7957/4257
f 4089/8062/4105 4293/8063/4309 4138/8064/4154
f 3901/7236/3917 4242/7958/4258 4294/8065/4310
f 3966/8066/3982 4194/8067/4210 4295/8068/4311
f 3966/8066/3982 4295/8068/4311 4021/7860/4037
f 4242/7958/4258 3902/7237/3918 4091/7626/4107
f 4244/7960/4260 4296/8069/4312 4023/7494/4039
f 4023/7494/4039 4296/8069/4312 4139/7744/4155
f 4248/7966/4264 3825/7632/3841 4024/7495/4040
f 4297/8070/4313 4141/7749/4157 3825/7632/3841
f 3904/7239/3920 4298/8071/4314 3903/7238/3919
f 4250/8072/4266 4299/8073/4315 4094/8074/4110
f 4197/7864/4213 4249/7968/4265 3602/6585/3618
f 4094/7751/4110 4299/683/4315 4142/7750/4158
f 4027/7502/4043 4143/7752/4159 4250/8075/4266
f 4300/8076/4316 4251/7974/4267 4301/8077/4317
f 4300/8076/4316 4028/7503/4044 4251/7974/4267
f 4143/7752/4159 4096/7636/4112 4302/8078/4318
f 4096/7636/4112 3969/7384/3985 4303/8079/4319
f 4300/8076/4316 3907/7243/3923 4028/7503/4044
f 4303/8080/4319 3969/7504/3985 3908/7244/3924
f 4304/8081/4320 4144/7755/4160 3907/7754/3923
f 3908/8082/3924 4200/8083/4216 4305/8084/4321
f 4252/7979/4268 4032/7509/4048 4097/7637/4113
f 4202/7875/4218 4252/7979/4268 4148/7873/4164
f 4201/7871/4217 4306/8085/4322 4033/7872/4049
f 4147/7877/4163 4206/7880/4222 4204/7878/4220
f 4147/7877/4163 4207/8086/4223 4206/7880/4222
f 4207/8086/4223 4254/7984/4270 4206/7880/4222
f 4203/7876/4219 4152/7887/4168 4307/8087/4323
f 4307/8087/4323 4152/7887/4168 4209/7888/4225
f 4256/7990/4272 4308/8088/4324 4258/8089/4274
f 4257/7991/4273 4256/7990/4272 4258/8089/4274
f 4211/8090/4227 4260/7996/4276 4160/7995/4176
f 4309/8091/4325 4255/8000/4271 4259/8002/4275
f 4310/8092/4326 4213/7898/4229 4039/7897/4055
f 4310/8092/4326 4311/8093/4327 4213/7898/4229
f 4105/7999/4121 4261/7998/4277 4212/8094/4228
f 4212/8005/4228 4261/8095/4277 4163/7793/4179
f 4311/8096/4327 3981/7403/3997 4213/7901/4229
f 4262/8004/4278 4161/8003/4177 4312/8097/4328
f 4312/8098/4328 4161/7790/4177 4164/7794/4180
f 4312/8098/4328 4164/7794/4180 4313/8099/4329
f 4314/8100/4330 4214/7902/4230 3917/7272/3933
f 4216/8101/4232 3855/8102/3871 3918/8103/3934
f 4045/7541/4061 4114/7686/4130 4264/8011/4280
f 4265/8012/4281 4264/8011/4280 4114/7686/4130
f 4315/8104/4331 4265/8012/4281 4316/8105/4332
f 4265/8012/4281 4167/7800/4183 4316/8105/4332
f 4315/8104/4331 4219/7911/4235 4266/8013/4282
f 4219/7911/4235 4317/8106/4333 4268/8015/4284
f 4317/8106/4333 4219/7911/4235 4315/8104/4331
f 4316/8105/4332 4167/7800/4183 4318/8107/4334
f 4167/7800/4183 4169/7802/4185 4318/8107/4334
f 4222/7916/4238 4269/8019/4285 4270/8108/4286
f 4051/7550/4067 4270/8020/4286 4272/8109/4288
f 4172/7810/4188 4054/8025/4070 4319/8110/4335
f 3990/7555/4006 4274/8028/4290 3863/7168/3879
f 3929/8111/3945 4224/8112/4240 4320/8113/4336
f 4274/8028/4290 4173/7811/4189 3645/6676/3661
f 4321/8114/4337 3865/7171/3881 4322/8115/4338
f 4322/8115/4338 3865/7171/3881 3718/6818/3734
f 4322/8115/4338 3718/6818/3734 3991/7556/4007
f 3931/7294/3947 3992/7425/4008 3647/6679/3663
f 4278/8116/4294 4226/7924/4242 3648/7179/3664
f 4056/7558/4072 4058/7560/4074 4323/8117/4339
f 4279/8036/4295 4178/7816/4194 3871/7426/3887
f 4177/7815/4193 4228/7929/4244 4061/7566/4077
f 4324/8118/4340 3940/7323/3956 4123/7710/4139
f 4325/8119/4341 4070/7709/4086 4231/8120/4247
f 4324/8118/4340 4179/7825/4195 3940/7323/3956
f 4326/8121/4342 4231/7937/4247 3882/7204/3898
f 4326/8121/4342 3882/7204/3898 4000/7447/4016
f 4282/8043/4298 4002/7594/4018 4126/8122/4142
f 4327/8123/4343 4328/8124/4344 4329/8125/4345
f 4330/8126/4346 4331/8127/4347 4327/8123/4343
f 4327/8123/4343 4331/8127/4347 4328/8124/4344
f 4180/7828/4196 4181/7830/4197 4332/8128/4348
f 4003/7587/4019 4072/7590/4088 4281/8042/4297
f 4072/7590/4088 4233/7941/4249 4333/8129/4349
f 4331/8127/4347 4334/8130/4350 4328/8124/4344
f 4284/8050/4300 4129/8049/4145 4128/8131/4144
f 4335/8132/4351 4334/8133/4350 4331/8134/4347
f 4334/8130/4350 4336/8135/4352 4328/8124/4344
f 4337/8136/4353 4328/8124/4344 4336/8135/4352
f 4334/8130/4350 4338/8137/4354 4336/8135/4352
f 4338/8137/4354 4339/8138/4355 4336/8135/4352
f 4340/8139/4356 4338/8140/4354 4334/8133/4350
f 4341/8141/4357 4338/8140/4354 4340/8139/4356
f 4336/8135/4352 4339/8138/4355 4342/8142/4358
f 4338/8137/4354 4343/8143/4359 4339/8138/4355
f 4344/8144/4360 4188/8145/4204 4015/7730/4031
f 4344/8144/4360 4015/7730/4031 4345/8146/4361
f 4338/8137/4354 4341/8147/4357 4343/8143/4359
f 4081/7608/4097 4236/7945/4252 4237/7947/4253
f 4236/7945/4252 4346/8148/4362 4237/7947/4253
f 4185/7838/4201 4187/7840/4203 4347/8149/4363
f 4190/7846/4206 4134/7953/4150 4348/8150/4364
f 4016/7612/4032 4017/7848/4033 4238/7948/4254
f 4191/7850/4207 4349/8151/4365 4187/7840/4203
f 4348/8152/4364 4134/8153/4150 4350/8154/4366
f 4347/8149/4363 4187/7840/4203 4349/8151/4365
f 4351/8155/4367 4238/7948/4254 4017/7848/4033
f 4019/7487/4035 3963/7374/3979 4133/7733/4149
f 4017/7848/4033 4240/7956/4256 4351/8155/4367
f 4132/7731/4148 4289/8055/4305 3898/7954/3914
f 4240/8156/4256 4135/7851/4151 4290/8057/4306
f 4136/8056/4152 4289/8055/4305 4352/8157/4368
f 4353/8158/4369 3965/8159/3981 4019/8160/4035
f 4288/8054/4304 4020/7849/4036 4193/8161/4209
f 4136/8056/4152 4354/8162/4370 4137/8163/4153
f 4292/8164/4308 4087/7742/4103 4137/7737/4153
f 4294/8065/4310 4090/7625/4106 3901/7236/3917
f 4353/8158/4369 4194/8067/4210 3965/8159/3981
f 4091/8165/4107 4243/8166/4259 4355/8167/4371
f 4356/8168/4372 4022/7859/4038 4195/7858/4211
f 4244/7960/4260 4022/7493/4038 4356/8169/4372
f 4357/8170/4373 4243/8171/4259 4245/8172/4261
f 4245/7961/4261 4140/7962/4156 4358/8173/4374
f 4358/8174/4374 4140/7747/4156 4246/7963/4262
f 4297/8070/4313 3825/7632/3841 4248/7966/4264
f 4297/8175/4313 4359/8176/4375 4141/8177/4157
f 4298/8071/4314 4093/7633/4109 3903/7238/3919
f 4197/8178/4213 4141/8177/4157 4360/8179/4376
f 4298/8071/4314 3904/7239/3920 4142/7863/4158
f 4249/7968/4265 4197/7864/4213 4360/8180/4376
f 4301/8181/4317 4251/7973/4267 4198/7866/4214
f 4249/7968/4265 4301/8182/4317 4198/7969/4214
f 4096/8183/4112 4303/8184/4319 4302/8185/4318
f 4300/8186/4316 4361/8187/4377 3907/7754/3923
f 4303/8188/4319 3908/8189/3924 4305/8190/4321
f 4144/8191/4160 4031/7508/4047 4029/7505/4045
f 4145/7756/4161 4362/8192/4378 3971/7389/3987
f 4033/8193/4049 4306/8194/4322 4147/8195/4163
f 4306/8196/4322 4207/8086/4223 4147/7877/4163
f 4306/8196/4322 4208/7884/4224 4207/8086/4223
f 4363/8197/4379 4364/8198/4380 4365/8199/4381
f 4307/8200/4323 4308/8088/4324 4203/8201/4219
f 4307/8200/4323 4258/8089/4274 4308/8088/4324
f 4363/8202/4379 4366/8203/4382 4364/8204/4380
f 4363/8202/4379 4367/8205/4383 4366/8203/4382
f 4159/8206/4175 4210/8207/4226 4368/8208/4384
f 4369/8209/4385 4256/7990/4272 4370/8210/4386
f 4209/8211/4225 4262/8022/4278 4307/8212/4323
f 4256/7990/4272 4255/7989/4271 4370/8210/4386
f 4366/8213/4382 4367/8214/4383 4371/8215/4387
f 4210/8207/4226 4040/7527/4056 4372/8216/4388
f 4258/7992/4274 4373/7629/4389 4259/7993/4275
f 4364/8204/4380 4366/8203/4382 4374/8217/4390
f 4374/8217/4390 4261/7998/4277 4364/8204/4380
f 4371/8215/4387 4374/8218/4390 4366/8213/4382
f 4372/8216/4388 4040/7527/4056 4162/7791/4178
f 4260/7996/4276 4310/8092/4326 4039/7897/4055
f 4365/8219/4381 4261/7998/4277 4156/7997/4172
f 4261/7998/4277 4374/8217/4390 4163/8220/4179
f 3981/8221/3997 4311/8222/4327 4314/8223/4330
f 3981/8221/3997 4314/8223/4330 3984/8224/4000
f 4375/8225/4391 4110/7676/4126 4163/7793/4179
f 4109/7796/4125 4165/7795/4181 4162/7791/4178
f 4214/8226/4230 4376/8227/4392 4215/8228/4231
f 4165/8229/4181 4375/8230/4391 4162/8231/4178
f 4314/8223/4330 3917/7412/3933 4112/7680/4128
f 4376/8232/4392 3985/7408/4001 4215/7904/4231
f 4164/8233/4180 4216/8101/4232 4377/8234/4393
f 3707/6798/3723 4263/8235/4279 4111/7677/4127
f 4264/8236/4280 4378/8237/4394 4218/8238/4234
f 4378/8239/4394 4265/1877/4281 4315/8240/4331
f 4267/8241/4283 4268/8242/4284 4379/8243/4395
f 4220/8017/4236 4380/8244/4396 4221/8018/4237
f 4379/8245/4395 4381/8246/4397 4267/8247/4283
f 4267/8014/4283 4381/8248/4397 4220/7912/4236
f 4170/7914/4186 4221/7913/4237 4382/8249/4398
f 4169/7802/4185 4223/7918/4239 4318/8107/4334
f 4223/7918/4239 4383/8250/4399 4318/8107/4334
f 4171/7917/4187 4271/8251/4287 4223/7918/4239
f 4271/8251/4287 4383/8250/4399 4223/7918/4239
f 4270/8020/4286 4269/8252/4285 4384/8253/4400
f 3927/7919/3943 4272/8109/4288 4053/8254/4069
f 4054/7554/4070 3643/6674/3659 4273/8026/4289
f 4053/8254/4069 4385/8255/4401 3990/8256/4006
f 4273/8026/4289 3928/7291/3944 4386/8257/4402
f 4387/8258/4403 4224/7920/4240 4225/8027/4241
f 3928/7291/3944 3929/7292/3945 4320/8259/4336
f 4388/8260/4404 4173/8261/4189 4274/8262/4290
f 4173/8261/4189 4388/8260/4404 4174/8263/4190
f 4275/8264/4291 4174/8263/4190 4388/8260/4404
f 3991/7556/4007 4389/8265/4405 4322/8115/4338
f 4175/7813/4191 4055/7698/4071 4390/8266/4406
f 4055/7557/4071 4056/7558/4072 4391/8267/4407
f 3867/7175/3883 4392/8268/4408 3991/7423/4007
f 3867/7175/3883 4057/7559/4073 4392/8268/4408
f 4392/8268/4408 4057/7559/4073 3870/7182/3886
f 4392/8268/4408 3870/7182/3886 4393/8269/4409
f 3870/7182/3886 4176/7814/4192 4393/8269/4409
f 3868/7177/3884 4226/7924/4242 4279/8036/4295
f 4394/8270/4410 4058/7560/4074 4280/8037/4296
f 4229/7931/4245 4062/8271/4078 4117/7932/4133
f 4178/7816/4194 4280/8272/4296 4227/7926/4243
f 4121/7705/4137 4395/8273/4411 4120/7704/4136
f 4123/7707/4139 4067/7578/4083 4396/8274/4412
f 4067/7578/4083 4122/7706/4138 4396/8274/4412
f 4120/7704/4136 4395/8273/4411 4124/7708/4140
f 4122/7706/4138 4070/7709/4086 4396/8274/4412
f 4230/8275/4246 4397/8276/4413 3997/7933/4013
f 3998/7441/4014 4398/8277/4414 4125/7711/4141
f 4398/8277/4414 4126/7712/4142 4125/7711/4141
f 4326/8121/4342 4000/7447/4016 4281/8042/4297
f 4399/8278/4415 4182/8046/4198 4232/8279/4248
f 4333/8129/4349 4281/8042/4297 4072/7590/4088
f 4332/8128/4348 4181/7830/4197 4284/8045/4300
f 4330/8280/4346 4335/8132/4351 4331/8134/4347
f 4182/8046/4198 4399/8278/4415 4285/8047/4301
f 4328/8124/4344 4337/8136/4353 4329/8125/4345
f 4335/8132/4351 4400/8281/4416 4334/8133/4350
f 4400/8281/4416 4340/8139/4356 4334/8133/4350
f 4336/8135/4352 4342/8142/4358 4337/8136/4353
f 4340/8139/4356 4401/8282/4417 4341/8141/4357
f 4342/8142/4358 4339/8138/4355 4402/8283/4418
f 4339/8138/4355 4403/8284/4419 4402/8283/4418
f 4339/8138/4355 4343/8143/4359 4403/8284/4419
f 4188/7946/4204 4344/8285/4360 4404/8286/4420
f 4188/7946/4204 4189/7842/4205 4014/7481/4030
f 4404/8286/4420 4189/7842/4205 4188/7946/4204
f 4015/7730/4031 4287/8053/4303 4345/8146/4361
f 4405/8287/4421 3819/7951/3835 4189/7950/4205
f 3819/7951/3835 4405/8287/4421 4133/8288/4149
f 4184/7837/4200 4406/8289/4422 4286/8052/4302
f 4234/7943/4250 4406/8289/4422 4184/7837/4200
f 4235/7944/4251 4238/7948/4254 4407/8290/4423
f 4237/7947/4253 4346/8148/4362 4239/7952/4255
f 4286/8052/4302 4408/8291/4424 4186/7839/4202
f 4190/7843/4206 4409/8292/4425 4287/8053/4303
f 4190/7843/4206 4348/8293/4364 4409/8292/4425
f 4186/7839/4202 4408/8291/4424 4084/7727/4100
f 4239/7952/4255 4410/8294/4426 4132/7731/4148
f 4084/7727/4100 4408/8291/4424 4134/8295/4150
f 4348/8293/4364 4350/8296/4366 4409/8292/4425
f 4408/8291/4424 4350/8297/4366 4134/8295/4150
f 4350/8298/4366 4408/8299/4424 4411/8300/4427
f 4191/7850/4207 4288/8054/4304 4349/8151/4365
f 4351/8301/4367 4240/8156/4256 4290/8057/4306
f 4290/8057/4306 4192/7852/4208 4412/8302/4428
f 4192/8303/4208 3684/6746/3700 4090/7625/4106
f 4413/8304/4429 4090/8305/4106 4294/8306/4310
f 4136/8056/4152 4352/8157/4368 4354/8162/4370
f 4291/8307/4307 3900/7235/3916 4241/7957/4257
f 4241/7957/4257 4292/8061/4308 4414/8308/4430
f 4138/8309/4154 4415/8310/4431 4193/8161/4209
f 4138/8311/4154 4293/8312/4309 4415/8313/4431
f 4353/8158/4369 4416/8314/4432 4194/8067/4210
f 4021/7860/4037 4295/8068/4311 4195/7858/4211
f 4355/8315/4371 4243/8316/4259 4357/8317/4373
f 4245/8318/4261 4358/8319/4374 4357/8320/4373
f 4417/8321/4433 4418/8322/4434 4139/7744/4155
f 4139/7744/4155 4418/8322/4434 4092/7745/4108
f 4419/8323/4435 4246/7965/4262 4247/7964/4263
f 4092/7631/4108 4420/8324/4436 4248/7966/4264
f 4420/8324/4436 4421/8325/4437 4248/7966/4264
f 4359/8326/4375 4297/8070/4313 4422/8327/4438
f 4248/7966/4264 4422/8327/4438 4297/8070/4313
f 4359/8176/4375 4423/8328/4439 4141/8177/4157
f 4196/7861/4212 4093/7633/4109 4424/8329/4440
f 4093/7633/4109 4298/8071/4314 4424/8329/4440
f 4423/8328/4439 4360/8179/4376 4141/8177/4157
f 4298/8330/4314 4142/8331/4158 4299/8332/4315
f 4425/8333/4441 4299/8334/4315 4250/8335/4266
f 4426/8336/4442 4301/8182/4317 4249/7968/4265
f 3907/7754/3923 4361/8187/4377 4304/8081/4320
f 4200/7869/4216 4199/7868/4215 4427/8337/4443
f 4199/8338/4215 3970/8339/3986 4428/8340/4444
f 3970/7757/3986 4032/7509/4048 4428/8341/4444
f 4202/7875/4218 4429/8342/4445 4252/7979/4268
f 4208/7884/4224 4430/8343/4446 4253/8344/4269
f 4202/7875/4218 4203/7876/4219 4429/8342/4445
f 4308/8088/4324 4431/8345/4447 4203/8201/4219
f 4431/8345/4447 4256/7990/4272 4369/8209/4385
f 4308/8088/4324 4256/7990/4272 4431/8345/4447
f 4432/8346/4448 4367/8205/4383 4363/8202/4379
f 4211/7891/4227 4159/7782/4175 4433/8347/4449
f 4307/4307/4323 4373/7629/4389 4258/7992/4274
f 4210/8207/4226 4372/8216/4388 4368/8208/4384
f 4367/8214/4383 4372/8348/4388 4371/8215/4387
f 4255/8000/4271 4309/8091/4325 4370/8349/4386
f 4364/8204/4380 4261/7998/4277 4365/8219/4381
f 4259/8002/4275 4373/8350/4389 4309/8091/4325
f 4374/8217/4390 4371/8351/4387 4163/8220/4179
f 4262/8004/4278 4312/8097/4328 4373/8352/4389
f 4163/7793/4179 4371/8353/4387 4375/8225/4391
f 4371/8354/4387 4162/8231/4178 4375/8230/4391
f 4313/8355/4329 4376/8356/4392 4312/5194/4328
f 4214/8226/4230 4314/8223/4330 4376/8227/4392
f 4375/8230/4391 4165/8229/4181 4110/8357/4126
f 4112/7680/4128 3984/8224/4000 4314/8223/4330
f 4110/8357/4126 4165/8229/4181 4217/8358/4233
f 4165/8229/4181 4111/8359/4127 4217/8358/4233
f 4164/7794/4180 4377/8360/4393 4313/8099/4329
f 4376/8356/4392 4313/8355/4329 3985/8361/4001
f 4313/8355/4329 4377/8234/4393 3985/8361/4001
f 3985/8361/4001 4377/8234/4393 4113/8362/4129
f 4217/8358/4233 4111/8359/4127 4263/8363/4279
f 4113/8362/4129 4377/8234/4393 4216/8101/4232
f 4217/8358/4233 4263/8363/4279 4166/8364/4182
f 3918/8103/3934 4113/8362/4129 4216/8101/4232
f 4264/8365/4280 4265/8366/4281 4378/738/4394
f 4218/8238/4234 4378/8237/4394 4266/8367/4282
f 4266/8013/4282 4378/8368/4394 4315/8104/4331
f 4316/8369/4332 4434/8370/4450 4315/8371/4331
f 4268/8372/4284 4435/8373/4451 4379/308/4395
f 4318/8374/4334 4434/8370/4450 4316/8369/4332
f 4220/7912/4236 4381/8248/4397 4380/8375/4396
f 4221/8018/4237 4380/8244/4396 4382/8376/4398
f 4170/7914/4186 4382/8249/4398 4269/8252/4285
f 4382/8249/4398 4436/8377/4452 4269/8252/4285
f 4269/8378/4285 4436/8379/4452 4384/8380/4400
f 4270/8020/4286 4384/8253/4400 4272/8109/4288
f 4172/8381/4188 4319/8382/4335 4271/8383/4287
f 4272/8109/4288 4385/8255/4401 4053/8254/4069
f 3928/7291/3944 4320/8259/4336 4386/8257/4402
f 3990/6994/4006 4437/7930/4453 4274/8384/4290
f 4437/8385/4453 4388/8386/4404 4274/8387/4290
f 4116/7695/4132 4438/8388/4454 4276/8032/4292
f 4276/8389/4292 4278/8034/4294 3930/7293/3946
f 3991/7423/4007 4392/8268/4408 4389/8390/4405
f 4056/7558/4072 4323/8117/4339 4391/8267/4407
f 4229/8391/4245 4439/8392/4455 4062/8393/4078
f 4396/8274/4412 4324/8394/4340 4123/7707/4139
f 4070/7709/4086 4325/8119/4341 4396/8274/4412
f 3997/7933/4013 4397/8276/4413 4121/7705/4137
f 4124/7708/4140 4398/8395/4414 3998/8396/4014
f 4325/8119/4341 4231/8120/4247 4326/8397/4342
f 4324/8394/4340 4232/8279/4248 4179/8398/4195
f 4230/7938/4246 4180/7828/4196 4440/8399/4456
f 4329/8400/4345 4441/8401/4457 4327/8402/4343
f 4330/8280/4346 4442/8403/4458 4335/8132/4351
f 4233/8404/4249 4285/8047/4301 4333/8405/4349
f 4284/8050/4300 4128/8131/4144 4443/8406/4459
f 4183/8048/4199 4285/8047/4301 4233/8404/4249
f 4185/7838/4201 4347/8149/4363 4234/7943/4250
f 4236/7945/4252 4407/8290/4423 4346/8148/4362
f 4235/7944/4251 4407/8290/4423 4236/7945/4252
f 4286/8052/4302 4406/8289/4422 4408/8291/4424
f 4234/7943/4250 4347/8149/4363 4444/8407/4460
f 4346/8148/4362 4410/8294/4426 4239/7952/4255
f 4133/8288/4149 4445/8408/4461 4019/8160/4035
f 4350/8296/4366 4411/8409/4427 4409/8292/4425
f 4238/7948/4254 4351/8155/4367 4407/8290/4423
f 4407/8290/4423 4351/8155/4367 4446/8410/4462
f 4408/8291/4424 4447/8411/4463 4411/8412/4427
f 4132/7731/4148 4410/8294/4426 4289/8055/4305
f 4290/8413/4306 4448/8414/4464 4351/8155/4367
f 4290/8057/4306 4412/8302/4428 4448/8415/4464
f 4449/8416/4465 4349/8151/4365 4288/8054/4304
f 4289/8055/4305 4450/8417/4466 4352/8157/4368
f 4288/8054/4304 4193/8161/4209 4449/8416/4465
f 4090/8305/4106 4413/8304/4429 4451/8418/4467
f 4452/8419/4468 4354/8162/4370 4352/8157/4368
f 4241/7957/4257 4453/8420/4469 4291/8307/4307
f 4241/7957/4257 4414/8308/4430 4453/8420/4469
f 4354/8162/4370 4454/8421/4470 4137/8163/4153
f 4193/8161/4209 4415/8310/4431 4455/8422/4471
f 4137/8423/4153 4454/8424/4470 4292/8061/4308
f 4416/8314/4432 4295/8068/4311 4194/8067/4210
f 4294/8306/4310 4456/8425/4472 4457/8426/4473
f 4242/8427/4258 4456/8425/4472 4294/8306/4310
f 4091/8165/4107 4458/8428/4474 4242/8427/4258
f 4295/8068/4311 4459/8429/4475 4195/7858/4211
f 4460/8430/4476 4461/8431/4477 4356/8168/4372
f 4356/8169/4372 4461/8432/4477 4244/7960/4260
f 4355/8167/4371 4357/8433/4373 4462/8434/4478
f 4244/7960/4260 4461/8432/4477 4296/8069/4312
f 4357/8320/4373 4358/8319/4374 4462/8435/4478
f 4296/8436/4312 4417/8437/4433 4139/8438/4155
f 4418/8439/4434 4463/8440/4479 4092/8441/4108
f 4247/7964/4263 4464/8442/4480 4419/8323/4435
f 4463/8443/4479 4420/8444/4436 4092/8445/4108
f 4247/7964/4263 4196/7861/4212 4464/8442/4480
f 4196/7861/4212 4424/8329/4440 4465/8446/4481
f 4466/8447/4482 4424/8448/4440 4298/8449/4314
f 4298/8449/4314 4467/8450/4483 4466/8447/4482
f 4467/8451/4483 4299/8332/4315 4468/8452/4484
f 4298/8330/4314 4299/8332/4315 4467/8451/4483
f 4425/8453/4441 4469/8454/4485 4299/8332/4315
f 4249/7968/4265 4360/8180/4376 4426/8336/4442
f 4301/8182/4317 4426/8336/4442 4470/8455/4486
f 4250/8456/4266 4471/8457/4487 4425/8453/4441
f 4250/8456/4266 4143/8458/4159 4471/8457/4487
f 4301/8459/4317 4472/8460/4488 4300/8186/4316
f 4300/8186/4316 4472/8460/4488 4473/8461/4489
f 4302/8185/4318 4471/8457/4487 4143/8458/4159
f 4300/8186/4316 4473/8461/4489 4361/8187/4377
f 4303/8184/4319 4474/8462/4490 4302/8185/4318
f 4303/8463/4319 4305/8464/4321 4474/8465/4490
f 4361/8187/4377 4475/8466/4491 4304/8081/4320
f 4305/8467/4321 4200/8468/4216 4476/8469/4492
f 4304/8470/4320 4477/8471/4493 4144/8191/4160
f 4144/8191/4160 4478/8472/4494 4031/7508/4047
f 3971/8473/3987 4362/8474/4378 4201/8475/4217
f 4201/8475/4217 4479/8476/4495 4306/8196/4322
f 4479/8476/4495 4430/8343/4446 4306/8196/4322
f 4208/7884/4224 4306/8196/4322 4430/8343/4446
f 4430/8477/4446 4156/7776/4172 4253/7985/4269
f 4480/8478/4496 4481/8479/4497 4363/8202/4379
f 4369/8209/4385 4482/8480/4498 4431/8345/4447
f 4363/8202/4379 4481/8479/4497 4432/8346/4448
f 4481/8479/4497 4483/8481/4499 4432/8346/4448
f 4211/8090/4227 4433/8482/4449 4260/7996/4276
f 4432/8483/4448 4372/8348/4388 4367/8214/4383
f 4369/8209/4385 4370/8210/4386 4310/8484/4326
f 4307/8485/4323 4262/8486/4278 4373/8487/4389
f 4370/8210/4386 4311/8222/4327 4310/8484/4326
f 4370/8210/4386 4309/8488/4325 4311/8222/4327
f 4372/8489/4388 4162/8231/4178 4371/8354/4387
f 4309/8488/4325 4373/8490/4389 4311/8222/4327
f 4312/8097/4328 4376/8491/4392 4373/8352/4389
f 4268/7971/4284 4317/8492/4333 4435/8493/4451
f 4315/8104/4331 4434/8494/4450 4317/8106/4333
f 4318/8374/4334 4484/8495/4500 4434/8370/4450
f 4381/8248/4397 4485/8496/4501 4380/8375/4396
f 4380/8244/4396 4486/8497/4502 4382/8376/4398
f 4383/8250/4399 4487/8498/4503 4318/8107/4334
f 4383/8250/4399 4488/8499/4504 4487/8498/4503
f 4271/8251/4287 4319/8110/4335 4489/8500/4505
f 4272/8109/4288 4384/8253/4400 4385/8255/4401
f 4319/8110/4335 4054/8025/4070 4273/8501/4289
f 3990/8502/4006 4490/8503/4506 4437/8504/4453
f 4225/8031/4241 4275/8030/4291 4387/8505/4403
f 4387/8506/4403 4320/8113/4336 4224/8112/4240
f 4275/8507/4291 4388/5630/4404 4491/8508/4507
f 4175/7813/4191 4438/8388/4454 4116/7695/4132
f 3865/7171/3881 4321/8114/4337 4277/8033/4293
f 4058/7560/4074 4394/8270/4410 4323/8117/4339
f 4492/8509/4508 4178/7816/4194 4279/8036/4295
f 4124/7708/4140 4395/8273/4411 4398/8395/4414
f 4121/7705/4137 4397/8276/4413 4395/8273/4411
f 4396/8274/4412 4325/8119/4341 4493/8510/4509
f 4493/8510/4509 4325/8119/4341 4326/8397/4342
f 4397/8276/4413 4230/8275/4246 4440/8511/4456
f 4398/8395/4414 4494/8512/4510 4126/8513/4142
f 4126/8513/4142 4494/8512/4510 4282/8514/4298
f 4326/8397/4342 4281/8515/4297 4495/8516/4511
f 4180/8517/4196 4496/8518/4512 4440/8511/4456
f 4282/8514/4298 4494/8512/4510 4283/8519/4299
f 4327/8520/4343 4441/8521/4457 4442/8522/4458
f 4330/8523/4346 4327/8520/4343 4442/8522/4458
f 4495/8516/4511 4333/8405/4349 4497/8524/4513
f 4495/8516/4511 4281/8515/4297 4333/8405/4349
f 4496/8525/4512 4180/7828/4196 4332/8128/4348
f 4283/8519/4299 4443/8406/4459 4128/8131/4144
f 4284/8050/4300 4443/8406/4459 4332/8526/4348
f 4442/8522/4458 4498/8527/4514 4335/8528/4351
f 4335/8528/4351 4498/8527/4514 4400/8529/4416
f 4341/8530/4357 4401/8531/4417 4499/8532/4515
f 4341/8533/4357 4499/8534/4515 4343/8535/4359
f 4343/8535/4359 4499/8534/4515 4403/8536/4419
f 4405/8287/4421 4445/8408/4461 4133/8288/4149
f 4407/8290/4423 4500/8537/4516 4346/8148/4362
f 4234/7943/4250 4444/8407/4460 4406/8289/4422
f 4346/8148/4362 4500/8537/4516 4410/8294/4426
f 4411/8538/4427 4447/8539/4463 4409/8540/4425
f 4408/8291/4424 4406/8289/4422 4501/8541/4517
f 4408/8291/4424 4501/8541/4517 4447/8411/4463
f 4406/8289/4422 4502/8542/4518 4501/8541/4517
f 4447/8543/4463 4503/8544/4519 4504/4025/4520
f 4447/8411/4463 4501/8541/4517 4503/8545/4519
f 4501/8541/4517 4502/8542/4518 4503/8545/4519
f 4503/536/4519 4505/8546/4521 4504/8547/4520
f 4502/8542/4518 4505/8548/4521 4503/8545/4519
f 4351/8155/4367 4448/8414/4464 4446/8410/4462
f 4353/8158/4369 4019/8160/4035 4445/8408/4461
f 4446/8549/4462 4448/8415/4464 4506/8550/4522
f 4347/8149/4363 4349/8151/4365 4444/8407/4460
f 4349/8151/4365 4449/8416/4465 4444/8407/4460
f 4410/8294/4426 4507/8551/4523 4289/8055/4305
f 4507/8551/4523 4450/8417/4466 4289/8055/4305
f 4507/8552/4523 4508/8553/4524 4450/8554/4466
f 4090/8305/4106 4451/8418/4467 4509/8555/4525
f 4192/8303/4208 4090/7625/4106 4509/8556/4525
f 4450/8554/4466 4510/8557/4526 4352/8558/4368
f 4511/8559/4527 4414/8560/4430 4512/8561/4528
f 4513/8562/4529 4291/8563/4307 4453/8564/4469
f 4453/8564/4469 4414/8560/4430 4511/8559/4527
f 4089/8565/4105 4291/8566/4307 4514/8567/4530
f 4354/8568/4370 4512/8569/4528 4454/5198/4470
f 4292/8061/4308 4454/8424/4470 4414/8308/4430
f 4414/8560/4430 4454/8570/4470 4512/8561/4528
f 4193/8161/4209 4455/8422/4471 4449/8416/4465
f 4293/8312/4309 4515/8571/4531 4415/8313/4431
f 4415/8572/4431 4515/8573/4531 4455/8574/4471
f 4515/8575/4531 4516/8576/4532 4455/8422/4471
f 4413/8304/4429 4294/8306/4310 4457/8426/4473
f 4242/8427/4258 4458/8428/4474 4456/8425/4472
f 4460/8430/4476 4195/7858/4211 4459/8429/4475
f 4460/8430/4476 4356/8168/4372 4195/7858/4211
f 4517/8577/4533 4355/8167/4371 4462/8434/4478
f 4518/8578/4534 4519/8579/4535 4359/8176/4375
f 4196/7861/4212 4465/8446/4481 4464/8442/4480
f 4248/7966/4264 4421/8325/4437 4422/8327/4438
f 4422/8580/4438 4518/8581/4534 4359/8582/4375
f 4359/8176/4375 4519/8579/4535 4423/8328/4439
f 4468/8452/4484 4299/8332/4315 4469/8454/4485
f 4470/8583/4486 4472/8460/4488 4301/8459/4317
f 4425/8453/4441 4471/8457/4487 4520/8584/4536
f 4302/8185/4318 4521/8585/4537 4471/8457/4487
f 4302/8185/4318 4474/8462/4490 4521/8585/4537
f 4304/8470/4320 4475/8586/4491 4477/8471/4493
f 4477/8471/4493 4478/8472/4494 4144/8191/4160
f 4031/7508/4047 4478/8472/4494 4145/7756/4161
f 4428/8340/4444 4522/8587/4538 4199/8338/4215
f 4032/7509/4048 4252/7979/4268 4428/8341/4444
f 4252/8588/4268 4429/8589/4445 4428/8340/4444
f 4479/8476/4495 4523/8590/4539 4430/8343/4446
f 4481/8479/4497 4524/8591/4540 4483/8481/4499
f 4525/8592/4541 4429/8589/4445 4203/8201/4219
f 4526/8593/4542 4159/8206/4175 4527/8594/4543
f 4526/8595/4542 4433/8347/4449 4159/7782/4175
f 4526/8596/4542 4528/8597/4544 4433/8482/4449
f 4482/8480/4498 4525/8592/4541 4431/8345/4447
f 4431/8345/4447 4525/8592/4541 4203/8201/4219
f 4159/8206/4175 4368/8208/4384 4527/8594/4543
f 4483/8481/4499 4368/8598/4384 4432/8346/4448
f 4432/8346/4448 4368/8598/4384 4372/8599/4388
f 4311/8222/4327 4373/8490/4389 4314/8223/4330
f 4376/8227/4392 4314/8223/4330 4373/8490/4389
f 4435/8600/4451 4317/8106/4333 4529/8601/4545
f 4435/8600/4451 4530/8602/4546 4379/8603/4395
f 4434/8370/4450 4484/8495/4500 4531/8604/4547
f 4484/8495/4500 4318/8374/4334 4532/8605/4548
f 4380/8375/4396 4485/8496/4501 4486/8606/4502
f 4381/8246/4397 4379/8245/4395 4485/8607/4501
f 4318/8374/4334 4487/8608/4503 4532/8605/4548
f 4383/8250/4399 4271/8251/4287 4489/8500/4505
f 4488/8499/4504 4533/8609/4549 4487/8498/4503
f 4383/8250/4399 4489/8500/4505 4488/8499/4504
f 4436/8377/4452 4534/8610/4550 4384/8253/4400
f 4384/8253/4400 4534/8610/4550 4385/8255/4401
f 4319/8110/4335 4535/8611/4551 4489/8500/4505
f 4319/8110/4335 4273/8501/4289 4535/8611/4551
f 4387/8612/4403 4536/8613/4552 4537/8614/4553
f 4387/8506/4403 4537/8615/4553 4320/8113/4336
f 4437/8616/4453 4491/8617/4507 4388/8618/4404
f 4275/8619/4291 4491/8617/4507 4387/8506/4403
f 4055/7557/4071 4391/8267/4407 4390/8620/4406
f 3931/7294/3947 4277/8035/4293 4538/8621/4554
f 3931/7294/3947 4538/8621/4554 3992/7425/4008
f 4177/7815/4193 4539/8622/4555 4228/7929/4244
f 4439/8623/4455 4176/7814/4192 4062/7568/4078
f 4228/7929/4244 4539/8622/4555 4229/8391/4245
f 4439/8392/4455 4229/8391/4245 4540/8624/4556
f 4178/7816/4194 4492/8509/4508 4280/8272/4296
f 4396/8274/4412 4493/8510/4509 4324/8394/4340
f 4395/8273/4411 4397/8276/4413 4541/8625/4557
f 4395/8273/4411 4541/8625/4557 4398/8395/4414
f 4326/8397/4342 4495/8516/4511 4493/8510/4509
f 4497/8524/4513 4285/8047/4301 4399/8278/4415
f 4333/8405/4349 4285/8047/4301 4497/8524/4513
f 4442/8522/4458 4441/8521/4457 4498/8527/4514
f 4329/8626/4345 4542/8627/4558 4441/8628/4457
f 4337/8629/4353 4542/8627/4558 4329/8626/4345
f 4342/8630/4358 4542/8627/4558 4337/8629/4353
f 4400/8529/4416 4498/8527/4514 4340/8631/4356
f 4342/8630/4358 4543/8632/4559 4542/8627/4558
f 4498/8527/4514 4543/8633/4559 4340/8631/4356
f 4340/8631/4356 4543/8633/4559 4401/8531/4417
f 4543/8633/4559 4499/8532/4515 4401/8531/4417
f 4342/8630/4358 4402/8634/4418 4543/8632/4559
f 4402/8634/4418 4403/8635/4419 4543/8632/4559
f 4344/8144/4360 4345/8146/4361 4544/8636/4560
f 4544/8636/4560 4345/8146/4361 4545/8637/4561
f 4403/8638/4419 4499/8532/4515 4543/8633/4559
f 4287/8053/4303 4409/8292/4425 4546/8639/4562
f 4547/8640/4563 4548/8641/4564 4549/8642/4565
f 4550/8643/4566 4549/8642/4565 4551/8644/4567
f 4548/8641/4564 4552/8645/4568 4549/8642/4565
f 4548/8646/4564 4553/8647/4569 4552/8648/4568
f 4447/8649/4463 4504/8650/4520 4409/8651/4425
f 4446/8410/4462 4500/8537/4516 4407/8290/4423
f 4500/8537/4516 4554/8652/4570 4410/8294/4426
f 4552/8645/4568 4551/8644/4567 4549/8642/4565
f 4504/8547/4520 4505/8546/4521 4555/8653/4571
f 4406/8289/4422 4556/8654/4572 4502/8542/4518
f 4406/8289/4422 4444/8407/4460 4556/8654/4572
f 4502/8542/4518 4557/8655/4573 4505/8548/4521
f 4552/8648/4568 4558/8656/4574 4559/8657/4575
f 4505/8658/4521 4557/8659/4573 4560/8660/4576
f 4502/8542/4518 4556/8654/4572 4557/8655/4573
f 4552/8645/4568 4559/8661/4575 4551/8644/4567
f 4554/8652/4570 4561/8662/4577 4410/8294/4426
f 4500/8663/4516 4562/8664/4578 4554/8665/4570
f 4500/8666/4516 4563/8667/4579 4562/8668/4578
f 4500/8537/4516 4446/8410/4462 4563/8669/4579
f 4448/8415/4464 4412/8302/4428 4564/8670/4580
f 4448/8415/4464 4564/8670/4580 4506/8550/4522
f 4557/8671/4573 4565/8672/4581 4560/8673/4576
f 4551/8644/4567 4511/8559/4527 4566/8674/4582
f 4556/8654/4572 4565/8675/4581 4557/8655/4573
f 4551/8644/4567 4559/8661/4575 4511/8559/4527
f 4561/8662/4577 4567/8676/4583 4410/8294/4426
f 4511/8559/4527 4568/8677/4584 4566/8674/4582
f 4410/8294/4426 4567/8676/4583 4507/8551/4523
f 4566/8674/4582 4568/8677/4584 4508/8678/4524
f 4507/8679/4523 4567/8680/4583 4569/8681/4585
f 4570/8682/4586 4513/8562/4529 4559/8661/4575
f 4511/8559/4527 4512/8561/4528 4568/8677/4584
f 4568/8677/4584 4510/8683/4526 4508/8678/4524
f 4510/8557/4526 4450/8554/4466 4508/8553/4524
f 4511/8559/4527 4559/8661/4575 4453/8564/4469
f 4453/8564/4469 4559/8661/4575 4513/8562/4529
f 4352/8558/4368 4510/8557/4526 4452/8684/4468
f 4568/8677/4584 4512/8561/4528 4510/8683/4526
f 4291/8563/4307 4513/8562/4529 4514/8685/4530
f 4354/8686/4370 4452/4526/4468 4512/8687/4528
f 4512/8561/4528 4452/8688/4468 4510/8683/4526
f 4571/8689/4587 4416/8314/4432 4353/8158/4369
f 4449/8416/4465 4455/8422/4471 4572/8690/4588
f 4089/8691/4105 4514/8692/4530 4293/8312/4309
f 4293/8312/4309 4514/8692/4530 4515/8571/4531
f 4572/8693/4588 4573/8694/4589 4574/8695/4590
f 4572/8690/4588 4455/8422/4471 4573/8696/4589
f 4455/8422/4471 4516/8576/4532 4573/8696/4589
f 4295/8068/4311 4575/8697/4591 4459/8429/4475
f 4091/8165/4107 4355/8167/4371 4458/8428/4474
f 4355/8167/4371 4517/8577/4533 4458/8428/4474
f 4576/8698/4592 4577/8699/4593 4460/8430/4476
f 4461/8431/4477 4460/8430/4476 4578/8700/4594
f 4460/8430/4476 4579/8701/4595 4578/8700/4594
f 4460/8430/4476 4577/8699/4593 4580/8702/4596
f 4460/8703/4476 4580/8704/4596 4579/8705/4595
f 4296/8069/4312 4461/8432/4477 4581/8706/4597
f 4580/8702/4596 4577/8699/4593 4582/8707/4598
f 4580/8704/4596 4582/8708/4598 4583/8709/4599
f 4584/8710/4600 4462/8435/4478 4585/8711/4601
f 4586/8712/4602 4582/8707/4598 4577/8699/4593
f 4582/8707/4598 4587/8713/4603 4583/8714/4599
f 4586/8712/4602 4587/8713/4603 4582/8707/4598
f 4358/8319/4374 4585/8711/4601 4462/8435/4478
f 4296/8436/4312 4581/8715/4597 4417/8437/4433
f 4358/8319/4374 4588/8716/4604 4585/8711/4601
f 4358/8717/4374 4246/7965/4262 4588/8718/4604
f 4417/8437/4433 4581/8715/4597 4589/8719/4605
f 4464/8442/4480 4590/8720/4606 4419/8323/4435
f 4518/8581/4534 4422/8580/4438 4591/8721/4607
f 4519/8579/4535 4592/8722/4608 4423/8328/4439
f 4468/8723/4484 4593/8724/4609 4466/8447/4482
f 4468/8723/4484 4466/8447/4482 4467/8450/4483
f 4360/8179/4376 4594/8725/4610 4426/8726/4442
f 4594/8725/4610 4595/8727/4611 4426/8726/4442
f 4470/8583/4486 4426/8726/4442 4595/8727/4611
f 4520/8728/4536 4469/8729/4485 4425/8730/4441
f 4471/8457/4487 4596/8731/4612 4520/8584/4536
f 4471/8457/4487 4521/8585/4537 4596/8731/4612
f 4473/8461/4489 4597/8732/4613 4361/8187/4377
f 4475/8466/4491 4361/8187/4377 4597/8732/4613
f 4200/8468/4216 4598/8733/4614 4476/8469/4492
f 4478/8472/4494 4362/8192/4378 4145/7756/4161
f 4362/8474/4378 4599/8734/4615 4201/8475/4217
f 4201/8475/4217 4599/8734/4615 4479/8476/4495
f 4600/8735/4616 4601/8736/4617 4602/8737/4618
f 4523/8590/4539 4603/8738/4619 4430/8343/4446
f 4480/8478/4496 4603/8738/4619 4604/8739/4620
f 4524/8591/4540 4481/8479/4497 4602/8737/4618
f 4524/8591/4540 4602/8737/4618 4601/8736/4617
f 4605/8740/4621 4528/8741/4544 4606/8742/4622
f 4607/8743/4623 4482/8480/4498 4605/8740/4621
f 4607/8743/4623 4525/8592/4541 4482/8480/4498
f 4430/8343/4446 4603/8738/4619 4156/7997/4172
f 4528/8741/4544 4605/8740/4621 4482/8480/4498
f 4480/8744/4496 4363/8197/4379 4603/8745/4619
f 4524/8591/4540 4527/8746/4543 4483/8481/4499
f 4524/8591/4540 4601/8736/4617 4527/8746/4543
f 4603/8738/4619 4365/8219/4381 4156/7997/4172
f 4363/8197/4379 4365/8199/4381 4603/8745/4619
f 4483/8481/4499 4527/8746/4543 4368/8598/4384
f 4482/8480/4498 4310/8484/4326 4528/8741/4544
f 4369/8209/4385 4310/8484/4326 4482/8480/4498
f 4433/8482/4449 4528/8597/4544 4260/7996/4276
f 4528/8741/4544 4310/8484/4326 4260/8747/4276
f 4529/8748/4545 4434/8749/4450 4608/8750/4624
f 4317/8751/4333 4434/8752/4450 4529/8753/4545
f 4434/8754/4450 4531/8755/4547 4608/8756/4624
f 4486/8606/4502 4485/8496/4501 4609/8757/4625
f 4487/8758/4503 4533/8759/4549 4610/8760/4626
f 4382/8376/4398 4486/8497/4502 4436/8761/4452
f 4533/8759/4549 4611/8762/4627 4610/8760/4626
f 4489/8500/4505 4535/8611/4551 4488/8499/4504
f 4534/8610/4550 4490/8763/4506 4385/8255/4401
f 4273/8501/4289 4386/8764/4402 4535/8611/4551
f 4385/8255/4401 4490/8763/4506 3990/8256/4006
f 4537/8615/4553 4536/8765/4552 4612/8766/4628
f 4386/8764/4402 4320/8113/4336 4537/8615/4553
f 4175/7813/4191 4613/8767/4629 4438/8388/4454
f 4175/7813/4191 4390/8266/4406 4613/8767/4629
f 4392/8268/4408 4614/8768/4630 4389/8390/4405
f 4226/7924/4242 4615/8769/4631 4279/8036/4295
f 4324/8394/4340 4493/8510/4509 4616/8770/4632
f 4541/8625/4557 4397/8276/4413 4617/8771/4633
f 4493/8510/4509 4495/8516/4511 4616/8770/4632
f 4398/8395/4414 4541/8625/4557 4494/8512/4510
f 4397/8276/4413 4440/8511/4456 4617/8771/4633
f 4324/8394/4340 4616/8770/4632 4232/8279/4248
f 4541/8625/4557 4617/8771/4633 4494/8512/4510
f 4440/8511/4456 4496/8518/4512 4617/8771/4633
f 4232/8279/4248 4616/8770/4632 4399/8278/4415
f 4495/8516/4511 4497/8524/4513 4616/8770/4632
f 4283/8519/4299 4494/8512/4510 4617/8771/4633
f 4616/8770/4632 4497/8524/4513 4399/8278/4415
f 4332/8526/4348 4443/8406/4459 4496/8518/4512
f 4496/8518/4512 4443/8406/4459 4617/8771/4633
f 4283/8519/4299 4617/8771/4633 4443/8406/4459
f 4441/8521/4457 4542/8772/4558 4498/8527/4514
f 4542/8772/4558 4543/8633/4559 4498/8527/4514
f 4345/8146/4361 4618/8773/4634 4545/8637/4561
f 4345/8146/4361 4287/8053/4303 4618/8773/4634
f 4619/8774/4635 4405/8287/4421 4189/7950/4205
f 4619/8774/4635 4620/8775/4636 4405/8287/4421
f 4551/8644/4567 4621/8776/4637 4550/8643/4566
f 4409/8292/4425 4504/8777/4520 4546/8639/4562
f 4621/8776/4637 4622/8778/4638 4623/8779/4639
f 4504/8777/4520 4555/8780/4571 4546/8639/4562
f 4621/8776/4637 4551/8644/4567 4622/8778/4638
f 4551/8644/4567 4566/8674/4582 4622/8778/4638
f 4553/8647/4569 4558/8656/4574 4552/8648/4568
f 4622/8778/4638 4624/8781/4640 4625/8782/4641
f 4622/8778/4638 4626/8783/4642 4624/8781/4640
f 4622/8778/4638 4569/8784/4585 4626/8783/4642
f 4505/8658/4521 4560/8660/4576 4555/8785/4571
f 4626/8783/4642 4562/8786/4578 4624/8781/4640
f 4624/8787/4640 4627/8788/4643 4628/8789/4644
f 4627/8790/4643 4564/6179/4580 4628/8791/4644
f 4624/8781/4640 4563/8792/4579 4627/8793/4643
f 4564/8670/4580 4627/8794/4643 4506/8550/4522
f 4562/8786/4578 4563/8792/4579 4624/8781/4640
f 4506/8550/4522 4627/8794/4643 4446/8549/4462
f 4629/8795/4645 4564/8670/4580 4412/8302/4428
f 4558/8656/4574 4630/8796/4646 4559/8657/4575
f 4554/8665/4570 4562/8664/4578 4626/8797/4642
f 4446/8798/4462 4627/8799/4643 4563/8800/4579
f 4556/8654/4572 4444/8407/4460 4631/8801/4647
f 4556/8654/4572 4631/8801/4647 4565/8675/4581
f 4566/8674/4582 4569/8784/4585 4622/8778/4638
f 4569/8802/4585 4561/8803/4577 4626/8797/4642
f 4554/8665/4570 4626/8797/4642 4561/8803/4577
f 4445/8408/4461 4632/8804/4648 4353/8158/4369
f 4631/8801/4647 4633/8805/4649 4565/8675/4581
f 4444/8407/4460 4634/8806/4650 4631/8801/4647
f 4412/8807/4428 4192/8808/4208 4509/8555/4525
f 4508/8678/4524 4569/8784/4585 4566/8674/4582
f 4631/8809/4647 4635/8810/4651 4633/8811/4649
f 4631/8809/4647 4634/8812/4650 4635/8810/4651
f 4508/8813/4524 4507/8679/4523 4569/8681/4585
f 4561/8803/4577 4569/8802/4585 4567/8814/4583
f 4444/8407/4460 4449/8416/4465 4636/8815/4652
f 4444/8407/4460 4636/8815/4652 4634/8806/4650
f 4570/8682/4586 4637/8816/4653 4513/8562/4529
f 4513/8817/4529 4637/8818/4653 4514/8692/4530
f 4449/8416/4465 4572/8690/4588 4636/8815/4652
f 4636/8819/4652 4572/8820/4588 4638/8821/4654
f 4514/8692/4530 4639/8822/4655 4515/8571/4531
f 4574/8823/4590 4573/8824/4589 4640/8825/4656
f 4515/8571/4531 4641/8826/4657 4516/8827/4532
f 4515/8571/4531 4639/8822/4655 4641/8826/4657
f 4640/8825/4656 4642/8828/4658 4641/8829/4657
f 4640/8825/4656 4573/8824/4589 4642/8828/4658
f 4516/8827/4532 4641/8826/4657 4642/8830/4658
f 4516/3418/4532 4642/8831/4658 4573/8832/4589
f 4416/8314/4432 4575/8697/4591 4295/8068/4311
f 4517/8577/4533 4462/8434/4478 4584/8833/4600
f 4580/8704/4596 4583/8709/4599 4579/8705/4595
f 4643/8834/4659 4644/8835/4660 4585/8836/4601
f 4584/8833/4600 4585/8836/4601 4644/8835/4660
f 4586/8712/4602 4645/8837/4661 4587/8713/4603
f 4646/8838/4662 4644/8839/4660 4643/8840/4659
f 4587/8713/4603 4645/8837/4661 4647/8841/4663
f 4646/8842/4662 4648/8843/4664 4644/8835/4660
f 4646/8838/4662 4649/8844/4665 4648/8845/4664
f 4588/8718/4604 4246/7965/4262 4419/8323/4435
f 4650/8846/4666 4417/8847/4433 4589/8848/4605
f 4646/8838/4662 4651/8849/4667 4649/8844/4665
f 4418/8850/4434 4417/8847/4433 4650/8846/4666
f 4652/8851/4668 4649/8852/4665 4651/8853/4667
f 4653/8854/4669 4518/8855/4534 4591/8856/4607
f 4654/8857/4670 4655/8858/4671 4421/8859/4437
f 4653/8854/4669 4519/8860/4535 4518/8855/4534
f 4654/8861/4670 4421/8325/4437 4420/8324/4436
f 4422/8327/4438 4421/8325/4437 4655/8862/4671
f 4655/8863/4671 4591/8721/4607 4422/8580/4438
f 4656/8864/4672 4657/8865/4673 4592/8722/4608
f 4657/8865/4673 4594/8725/4610 4592/8722/4608
f 4592/8722/4608 4594/8725/4610 4423/8328/4439
f 4658/8866/4674 4593/8867/4609 4468/8452/4484
f 4423/8328/4439 4594/8725/4610 4360/8179/4376
f 4659/8868/4675 4660/8869/4676 4661/8870/4677
f 4594/8725/4610 4659/8868/4675 4661/8870/4677
f 4662/8871/4678 4520/8584/4536 4663/8872/4679
f 4469/8729/4485 4520/8728/4536 4662/8873/4678
f 4594/8725/4610 4661/8870/4677 4595/8727/4611
f 4661/8870/4677 4664/8874/4680 4595/8727/4611
f 4664/8874/4680 4661/8870/4677 4660/8869/4676
f 4520/8584/4536 4596/8731/4612 4663/8872/4679
f 4595/8727/4611 4664/8874/4680 4470/8583/4486
f 4472/8460/4488 4665/8875/4681 4473/8461/4489
f 4666/8876/4682 4521/8585/4537 4667/8877/4683
f 4474/8462/4490 4667/8877/4683 4521/8585/4537
f 4668/8878/4684 4597/8732/4613 4473/8461/4489
f 4669/8879/4685 4667/8877/4683 4474/8462/4490
f 4669/8879/4685 4474/8462/4490 4476/8469/4492
f 4474/8462/4490 4305/8467/4321 4476/8469/4492
f 4200/7869/4216 4427/8337/4443 4598/8880/4614
f 4522/8881/4538 4427/8337/4443 4199/7868/4215
f 4670/8882/4686 4481/8479/4497 4480/8478/4496
f 4481/8479/4497 4670/8882/4686 4602/8737/4618
f 4601/8736/4617 4526/8883/4542 4527/8746/4543
f 4601/8736/4617 4606/8742/4622 4526/8883/4542
f 4606/8742/4622 4528/8741/4544 4526/8883/4542
f 4530/8602/4546 4435/8600/4451 4529/8601/4545
f 4379/8245/4395 4609/8884/4625 4485/8607/4501
f 4532/8605/4548 4487/8608/4503 4610/8885/4626
f 4671/8886/4687 4436/8377/4452 4486/8606/4502
f 4671/8886/4687 4534/8610/4550 4436/8377/4452
f 4611/8887/4627 4533/8888/4549 4672/8889/4688
f 4533/8609/4549 4488/8499/4504 4672/8890/4688
f 4488/8499/4504 4535/8611/4551 4672/8890/4688
f 4672/8890/4688 4535/8611/4551 4612/8766/4628
f 4611/8891/4627 4672/8890/4688 4612/8766/4628
f 4535/8611/4551 4537/8615/4553 4612/8766/4628
f 4386/8764/4402 4537/8615/4553 4535/8611/4551
f 4673/8892/4689 4536/8893/4552 4387/8894/4403
f 4674/8895/4690 4277/8033/4293 4321/8114/4337
f 4276/8389/4292 4675/8896/4691 4278/8034/4294
f 4613/8897/4629 4390/8620/4406 4391/8267/4407
f 4614/8768/4630 4392/8268/4408 4393/8269/4409
f 4539/8622/4555 4177/7815/4193 3992/7925/4008
f 4394/8270/4410 4280/8037/4296 4676/8898/4692
f 4677/8899/4693 4176/8900/4192 4439/8392/4455
f 4676/8901/4692 4280/8272/4296 4492/8509/4508
f 4678/8902/4694 4344/8285/4360 4544/8903/4560
f 4678/8902/4694 4404/8286/4420 4344/8285/4360
f 4619/8774/4635 4189/7950/4205 4404/8904/4420
f 4287/8053/4303 4546/8639/4562 4618/8773/4634
f 4679/8905/4695 4549/8906/4565 4550/8907/4566
f 4680/8908/4696 4548/8646/4564 4547/8909/4563
f 4680/8908/4696 4681/8910/4697 4548/8646/4564
f 4681/8910/4697 4553/8647/4569 4548/8646/4564
f 4682/8911/4698 4621/8912/4637 4623/8913/4639
f 4622/8778/4638 4625/8782/4641 4623/8779/4639
f 4625/8782/4641 4624/8781/4640 4628/8914/4644
f 4560/8915/4576 4683/8916/4699 4555/8780/4571
f 4565/8672/4581 4683/8917/4699 4560/8673/4576
f 4565/8918/4581 4633/8919/4649 4683/8916/4699
f 4683/8916/4699 4633/8919/4649 4635/8920/4651
f 4559/8657/4575 4630/8796/4646 4570/8921/4586
f 4683/8916/4699 4635/8920/4651 4684/8922/4700
f 4630/8923/4646 4685/8924/4701 4570/8682/4586
f 4353/8158/4369 4632/8804/4648 4571/8689/4587
f 4509/8555/4525 4451/8418/4467 4686/8925/4702
f 4635/8810/4651 4634/8812/4650 4687/8926/4703
f 4635/8920/4651 4687/8927/4703 4684/8922/4700
f 4570/8682/4586 4685/8924/4701 4637/8816/4653
f 4636/8819/4652 4687/8926/4703 4634/8812/4650
f 4636/8819/4652 4638/8821/4654 4687/8926/4703
f 4687/8927/4703 4638/8928/4654 4684/8922/4700
f 4684/8922/4700 4688/8929/4704 4685/8924/4701
f 4684/8922/4700 4638/8928/4654 4688/8929/4704
f 4685/8924/4701 4639/8930/4655 4637/8816/4653
f 4638/8821/4654 4574/8931/4590 4688/8932/4704
f 4572/8820/4588 4574/8931/4590 4638/8821/4654
f 4514/8692/4530 4637/8818/4653 4639/8822/4655
f 4685/8924/4701 4688/8929/4704 4641/8829/4657
f 4685/8924/4701 4641/8829/4657 4639/8930/4655
f 4574/8931/4590 4640/8933/4656 4688/8932/4704
f 4641/8829/4657 4688/8929/4704 4640/8825/4656
f 4575/8697/4591 4416/8314/4432 4571/8689/4587
f 4457/8426/4473 4456/8425/4472 4689/8934/4705
f 4575/8697/4591 4690/8935/4706 4459/8429/4475
f 4458/8428/4474 4517/8577/4533 4691/8936/4707
f 4690/8935/4706 4576/8698/4592 4459/8429/4475
f 4459/8429/4475 4576/8698/4592 4460/8430/4476
f 4584/8833/4600 4692/8937/4708 4517/8577/4533
f 4584/8833/4600 4693/8938/4709 4692/8937/4708
f 4693/8938/4709 4644/8835/4660 4648/8843/4664
f 4584/8833/4600 4644/8835/4660 4693/8938/4709
f 4578/8700/4594 4581/8939/4597 4461/8431/4477
f 4694/8940/4710 4645/8837/4661 4586/8712/4602
f 4579/8701/4595 4583/8714/4599 4695/8941/4711
f 4694/8940/4710 4696/8942/4712 4645/8837/4661
f 4587/8713/4603 4647/8841/4663 4583/8714/4599
f 4583/8714/4599 4647/8841/4663 4697/8943/4713
f 4647/8841/4663 4645/8837/4661 4698/8944/4714
f 4696/8942/4712 4698/8944/4714 4645/8837/4661
f 4699/8945/4715 4648/8843/4664 4649/8852/4665
f 4588/8946/4604 4419/8947/4435 4700/8948/4716
f 4649/8852/4665 4652/8851/4668 4699/8945/4715
f 4650/8846/4666 4463/8949/4479 4418/8850/4434
f 4463/8949/4479 4654/8950/4670 4420/8951/4436
f 4519/8860/4535 4653/8854/4669 4592/8952/4608
f 4592/8952/4608 4653/8854/4669 4701/8953/4717
f 4701/8953/4717 4656/8954/4672 4592/8952/4608
f 4656/8864/4672 4702/8955/4718 4657/8865/4673
f 4702/8955/4718 4659/8868/4675 4657/8865/4673
f 4657/8865/4673 4659/8868/4675 4594/8725/4610
f 4465/8956/4481 4424/8448/4440 4703/8957/4719
f 4468/8452/4484 4469/8454/4485 4658/8866/4674
f 4659/8868/4675 4704/8958/4720 4660/8869/4676
f 4659/8868/4675 4705/8959/4721 4704/8958/4720
f 4663/8872/4679 4706/8960/4722 4662/8871/4678
f 4664/8874/4680 4472/8460/4488 4470/8583/4486
f 4664/8874/4680 4665/8875/4681 4472/8460/4488
f 4664/8874/4680 4707/8961/4723 4665/8875/4681
f 4663/8872/4679 4596/8731/4612 4666/8876/4682
f 4708/8962/4724 4709/8963/4725 4665/8875/4681
f 4709/8963/4725 4473/8461/4489 4665/8875/4681
f 4596/8731/4612 4521/8585/4537 4666/8876/4682
f 4666/8964/4682 4667/8965/4683 4710/8966/4726
f 4473/8461/4489 4709/8963/4725 4668/8878/4684
f 4709/8963/4725 4711/8967/4727 4712/8968/4728
f 4709/8963/4725 4712/8968/4728 4668/8878/4684
f 4667/8965/4683 4669/8969/4685 4710/8966/4726
f 4597/8732/4613 4668/8878/4684 4713/8970/4729
f 4712/8968/4728 4714/8971/4730 4668/8878/4684
f 4668/8878/4684 4714/8971/4730 4713/8970/4729
f 4669/8972/4685 4715/8973/4731 4716/8974/4732
f 4669/8879/4685 4476/8469/4492 4715/8975/4731
f 4713/8970/4729 4475/8466/4491 4597/8732/4613
f 4717/8976/4733 4598/8733/4614 4718/8977/4734
f 4718/8977/4734 4598/8733/4614 4427/8978/4443
f 4719/8979/4735 4523/8590/4539 4479/8476/4495
f 4523/8590/4539 4719/8979/4735 4604/8739/4620
f 4720/8980/4736 4602/8737/4618 4670/8882/4686
f 4600/8735/4616 4602/8737/4618 4720/8980/4736
f 4601/8736/4617 4600/8735/4616 4606/8742/4622
f 4523/8590/4539 4604/8739/4620 4603/8738/4619
f 4721/8981/4737 4722/8982/4738 4525/8592/4541
f 4529/8601/4545 4723/8983/4739 4530/8602/4546
f 4529/8365/4545 4608/8984/4624 4723/8985/4739
f 4723/8985/4739 4608/8984/4624 4724/8986/4740
f 4484/8987/4500 4532/8988/4548 4725/8989/4741
f 4484/8987/4500 4725/8989/4741 4531/8990/4547
f 4379/8603/4395 4530/8602/4546 4609/8757/4625
f 4531/8990/4547 4724/8991/4740 4608/8992/4624
f 4531/8990/4547 4725/8989/4741 4724/8991/4740
f 4486/8606/4502 4609/8757/4625 4671/8886/4687
f 4611/8762/4627 4726/8993/4742 4610/8760/4626
f 4726/8993/4742 4611/8762/4627 4612/8994/4628
f 4612/8994/4628 4536/8995/4552 4726/8993/4742
f 4534/8610/4550 4727/8996/4743 4490/8763/4506
f 4727/8996/4743 4437/8616/4453 4490/8763/4506
f 4728/8997/4744 4491/8617/4507 4437/8616/4453
f 4728/8997/4744 4387/8506/4403 4491/8617/4507
f 4728/8997/4744 4673/8998/4689 4387/8506/4403
f 4674/8999/4690 4538/8621/4554 4277/8035/4293
f 4539/8622/4555 4540/8624/4556 4229/8391/4245
f 4729/9000/4745 4730/9001/4746 4731/9002/4747
f 4731/9002/4747 4730/9001/4746 4732/9003/4748
f 4731/9002/4747 4732/9003/4748 4733/9004/4749
f 4730/9001/4746 4734/9005/4750 4732/9003/4748
f 4678/9006/4694 4619/8774/4635 4404/8904/4420
f 4734/9005/4750 4735/9007/4751 4732/9003/4748
f 4734/9005/4750 4736/9008/4752 4735/9007/4751
f 4736/9008/4752 4680/9009/4696 4735/9007/4751
f 4736/9008/4752 4737/9010/4753 4680/9009/4696
f 4547/8640/4563 4679/9011/4695 4735/9007/4751
f 4680/9012/4696 4547/9013/4563 4735/9014/4751
f 4547/9015/4563 4549/8906/4565 4679/8905/4695
f 4405/8287/4421 4738/9016/4754 4445/8408/4461
f 4680/9009/4696 4737/9010/4753 4681/9017/4697
f 4679/8905/4695 4550/8907/4566 4739/9018/4755
f 4618/8773/4634 4546/8639/4562 4740/9019/4756
f 4737/9010/4753 4741/9020/4757 4742/9021/4758
f 4737/9010/4753 4742/9021/4758 4681/9017/4697
f 4681/8910/4697 4742/9022/4758 4553/8647/4569
f 4743/9023/4759 4744/9024/4760 4741/9020/4757
f 4546/8639/4562 4555/8780/4571 4740/9019/4756
f 4553/9025/4569 4742/9021/4758 4558/9026/4574
f 4682/8911/4698 4623/8913/4639 4625/9027/4641
f 4555/8780/4571 4745/9028/4761 4740/9019/4756
f 4555/8780/4571 4683/8916/4699 4745/9028/4761
f 4741/9020/4757 4630/8923/4646 4742/9021/4758
f 4558/9026/4574 4742/9021/4758 4630/8923/4646
f 4564/8670/4580 4629/8795/4645 4746/9029/4762
f 4412/8807/4428 4509/8555/4525 4629/9030/4645
f 4683/8916/4699 4684/8922/4700 4745/9028/4761
f 4744/9024/4760 4630/8923/4646 4741/9020/4757
f 4745/9028/4761 4684/8922/4700 4747/9031/4763
f 4747/9031/4763 4684/8922/4700 4685/8924/4701
f 4747/9031/4763 4685/8924/4701 4744/9024/4760
f 4744/9024/4760 4685/8924/4701 4630/8923/4646
f 4509/8555/4525 4686/8925/4702 4629/9030/4645
f 4686/8925/4702 4451/8418/4467 4748/9032/4764
f 4451/8418/4467 4413/8304/4429 4748/9032/4764
f 4749/9033/4765 4750/9034/4766 4751/9035/4767
f 4748/9032/4764 4457/8426/4473 4752/9036/4768
f 4413/8304/4429 4457/8426/4473 4748/9032/4764
f 4753/9037/4769 4689/8934/4705 4754/9038/4770
f 4753/9037/4769 4752/9036/4768 4689/8934/4705
f 4754/9038/4770 4689/8934/4705 4755/9039/4771
f 4756/9040/4772 4690/8935/4706 4575/8697/4591
f 4457/8426/4473 4689/8934/4705 4752/9036/4768
f 4689/8934/4705 4458/8428/4474 4755/9039/4771
f 4689/8934/4705 4456/8425/4472 4458/8428/4474
f 4691/8936/4707 4517/8577/4533 4757/9041/4773
f 4757/9041/4773 4517/8577/4533 4692/8937/4708
f 4758/9042/4774 4577/8699/4593 4576/8698/4592
f 4759/9043/4775 4586/8712/4602 4577/8699/4593
f 4760/9044/4776 4693/8938/4709 4648/8843/4664
f 4759/9043/4775 4694/8940/4710 4586/8712/4602
f 4760/9044/4776 4648/8843/4664 4699/8945/4715
f 4578/8700/4594 4695/8941/4711 4581/8939/4597
f 4761/9045/4777 4760/9044/4776 4762/9046/4778
f 4763/9047/4779 4698/8944/4714 4696/8942/4712
f 4581/8939/4597 4695/8941/4711 4589/8848/4605
f 4699/8945/4715 4762/9046/4778 4760/9044/4776
f 4698/8944/4714 4764/9048/4780 4647/8841/4663
f 4761/9045/4777 4762/9046/4778 4765/9049/4781
f 4647/8841/4663 4764/9048/4780 4697/8943/4713
f 4643/8840/4659 4766/9050/4782 4646/8838/4662
f 4767/9051/4783 4768/9052/4784 4700/8948/4716
f 4588/8946/4604 4700/8948/4716 4768/9052/4784
f 4699/8945/4715 4652/8851/4668 4762/9046/4778
f 4762/9053/4778 4652/9054/4668 4765/9055/4781
f 4646/8838/4662 4766/9050/4782 4651/8849/4667
f 4697/8943/4713 4769/9056/4785 4583/8714/4599
f 4651/8853/4667 4766/9057/4782 4770/9058/4786
f 4419/8947/4435 4590/9059/4606 4700/8948/4716
f 4771/9060/4787 4463/8949/4479 4650/8846/4666
f 4651/8853/4667 4593/8867/4609 4652/8851/4668
f 4463/8949/4479 4771/9060/4787 4654/8950/4670
f 4769/9056/4785 4591/9061/4607 4655/9062/4671
f 4697/9063/4713 4591/9064/4607 4769/9065/4785
f 4651/8853/4667 4770/9058/4786 4593/8867/4609
f 4697/8943/4713 4653/9066/4669 4591/9061/4607
f 4764/9048/4780 4653/9066/4669 4697/8943/4713
f 4656/8954/4672 4701/8953/4717 4702/9067/4718
f 4702/9067/4718 4772/9068/4788 4659/9069/4675
f 4773/8650/4789 4774/9070/4790 4658/9071/4674
f 4658/8866/4674 4774/9072/4790 4593/8867/4609
f 4466/8447/4482 4775/9073/4791 4703/8957/4719
f 4466/8447/4482 4703/8957/4719 4424/8448/4440
f 4658/8866/4674 4662/8871/4678 4773/9074/4789
f 4658/8866/4674 4469/8454/4485 4662/8871/4678
f 4659/8868/4675 4776/9075/4792 4705/8959/4721
f 4662/8871/4678 4706/8960/4722 4773/9074/4789
f 4776/9075/4792 4706/8960/4722 4705/8959/4721
f 4704/8958/4720 4705/8959/4721 4777/9076/4793
f 4705/8959/4721 4706/8960/4722 4777/9076/4793
f 4704/8958/4720 4707/8961/4723 4660/8869/4676
f 4704/9077/4720 4778/9078/4794 4707/9079/4723
f 4663/9080/4679 4777/9081/4793 4706/9082/4722
f 4660/8869/4676 4707/8961/4723 4664/8874/4680
f 4663/9080/4679 4666/8964/4682 4777/9081/4793
f 4665/8875/4681 4707/8961/4723 4708/8962/4724
f 4707/8961/4723 4778/9083/4794 4708/8962/4724
f 4666/8964/4682 4779/9084/4795 4777/9081/4793
f 4708/8962/4724 4778/9083/4794 4711/8967/4727
f 4711/8967/4727 4709/8963/4725 4708/8962/4724
f 4666/8964/4682 4710/8966/4726 4779/9084/4795
f 4711/8967/4727 4780/9085/4796 4712/8968/4728
f 4710/8966/4726 4669/8969/4685 4716/9086/4732
f 4715/8975/4731 4781/9087/4797 4716/9088/4732
f 4781/9087/4797 4715/8975/4731 4717/8976/4733
f 4598/8733/4614 4715/8975/4731 4476/8469/4492
f 4598/8733/4614 4717/8976/4733 4715/8975/4731
f 4713/8970/4729 4782/9089/4798 4475/8466/4491
f 4475/8466/4491 4782/9089/4798 4477/9090/4493
f 4713/8970/4729 4783/9091/4799 4782/9089/4798
f 4427/8978/4443 4522/8587/4538 4718/8977/4734
f 4477/9090/4493 4784/9092/4800 4478/9093/4494
f 4478/9093/4494 4784/9092/4800 4362/8474/4378
f 4670/8882/4686 4785/9094/4801 4720/8980/4736
f 4670/8882/4686 4604/8739/4620 4785/9094/4801
f 4605/8740/4621 4786/9095/4802 4607/8743/4623
f 4480/8478/4496 4604/8739/4620 4670/8882/4686
f 4600/8735/4616 4787/9096/4803 4606/8742/4622
f 4605/9097/4621 4606/9098/4622 4787/9099/4803
f 4429/8589/4445 4525/8592/4541 4722/8982/4738
f 4525/8592/4541 4607/8743/4623 4721/8981/4737
f 4724/8991/4740 4725/8989/4741 4788/9100/4804
f 4532/8988/4548 4610/9101/4626 4725/8989/4741
f 4725/8989/4741 4610/9101/4626 4788/9100/4804
f 4609/8757/4625 4727/8996/4743 4671/8886/4687
f 4609/8757/4625 4789/9102/4805 4727/8996/4743
f 4788/9100/4804 4726/9103/4742 4536/8765/4552
f 4671/8886/4687 4727/8996/4743 4534/8610/4550
f 4727/8996/4743 4728/8997/4744 4437/8616/4453
f 4322/8115/4338 4790/9104/4806 4321/8114/4337
f 4389/8265/4405 4790/9104/4806 4322/8115/4338
f 4393/8269/4409 4677/9105/4693 4614/8768/4630
f 4393/8269/4409 4176/7814/4192 4677/9105/4693
f 4791/9106/4807 4733/9004/4749 4792/9107/4808
f 4791/9106/4807 4731/9002/4747 4733/9004/4749
f 4791/9108/4807 4793/9109/4809 4731/9110/4747
f 4793/9109/4809 4729/9111/4745 4731/9110/4747
f 4732/9003/4748 4794/9112/4810 4733/9004/4749
f 4795/9113/4811 4730/9001/4746 4729/9000/4745
f 4544/8636/4560 4545/8637/4561 4796/9114/4812
f 4796/9114/4812 4545/8637/4561 4797/9115/4813
f 4730/9001/4746 4743/9023/4759 4734/9005/4750
f 4545/8637/4561 4618/8773/4634 4797/9115/4813
f 4797/9115/4813 4618/8773/4634 4798/9116/4814
f 4732/9003/4748 4735/9007/4751 4794/9112/4810
f 4620/8775/4636 4738/9016/4754 4405/8287/4421
f 4743/9023/4759 4736/9008/4752 4734/9005/4750
f 4794/9112/4810 4799/9117/4815 4800/9118/4816
f 4735/9007/4751 4799/9117/4815 4794/9112/4810
f 4743/9023/4759 4741/9020/4757 4736/9008/4752
f 4799/9117/4815 4739/9119/4755 4801/9120/4817
f 4740/9019/4756 4798/9116/4814 4618/8773/4634
f 4735/9007/4751 4739/9119/4755 4799/9117/4815
f 4735/9007/4751 4679/9011/4695 4739/9119/4755
f 4737/9010/4753 4736/9008/4752 4741/9020/4757
f 4739/9018/4755 4550/8907/4566 4802/9121/4818
f 4621/8912/4637 4802/9121/4818 4550/8907/4566
f 4798/9116/4814 4740/9019/4756 4747/9031/4763
f 4743/9023/4759 4803/9122/4819 4744/9024/4760
f 4738/9016/4754 4632/8804/4648 4445/8408/4461
f 4803/9122/4819 4747/9031/4763 4744/9024/4760
f 4740/9019/4756 4745/9028/4761 4747/9031/4763
f 4564/8670/4580 4746/9029/4762 4628/9123/4644
f 4804/9124/4820 4805/9125/4821 4806/9126/4822
f 4805/9125/4821 4807/9127/4823 4806/9126/4822
f 4805/9125/4821 4808/9128/4824 4807/9127/4823
f 4808/9128/4824 4809/9129/4825 4807/9127/4823
f 4810/9130/4826 4811/9131/4827 4812/9132/4828
f 4629/9030/4645 4686/8925/4702 4811/9131/4827
f 4811/9131/4827 4686/8925/4702 4812/9132/4828
f 4806/9126/4822 4807/9127/4823 4813/9133/4829
f 4686/8925/4702 4748/9032/4764 4812/9132/4828
f 4812/9132/4828 4748/9032/4764 4753/9037/4769
f 4750/9134/4766 4813/9135/4829 4807/9136/4823
f 4750/9034/4766 4807/9127/4823 4809/9129/4825
f 4750/9134/4766 4749/9137/4765 4813/9135/4829
f 4750/9034/4766 4809/9129/4825 4751/9035/4767
f 4753/9037/4769 4748/9032/4764 4752/9036/4768
f 4751/9035/4767 4814/9138/4830 4749/9033/4765
f 4749/9033/4765 4814/9138/4830 4815/9139/4831
f 4809/9129/4825 4753/9037/4769 4751/9035/4767
f 4751/9035/4767 4754/9038/4770 4814/9138/4830
f 4814/9138/4830 4754/9038/4770 4755/9039/4771
f 4754/9038/4770 4751/9035/4767 4753/9037/4769
f 4814/9138/4830 4816/9140/4832 4815/9139/4831
f 4816/9140/4832 4691/8936/4707 4817/9141/4833
f 4755/9039/4771 4691/8936/4707 4816/9140/4832
f 4818/9142/4834 4819/9143/4835 4820/9144/4836
f 4755/9039/4771 4458/8428/4474 4691/8936/4707
f 4820/9144/4836 4819/9143/4835 4690/8935/4706
f 4690/8935/4706 4819/9143/4835 4576/8698/4592
f 4819/9143/4835 4821/9145/4837 4576/8698/4592
f 4691/8936/4707 4757/9041/4773 4817/9141/4833
f 4821/9145/4837 4758/9042/4774 4576/8698/4592
f 4757/9041/4773 4692/8937/4708 4693/8938/4709
f 4758/9042/4774 4759/9043/4775 4577/8699/4593
f 4694/8940/4710 4822/9146/4838 4763/9047/4779
f 4823/9147/4839 4760/9044/4776 4761/9045/4777
f 4694/8940/4710 4763/9047/4779 4696/8942/4712
f 4579/8701/4595 4695/8941/4711 4578/8700/4594
f 4763/9047/4779 4824/9148/4840 4825/9149/4841
f 4585/8836/4601 4768/9052/4784 4643/8834/4659
f 4585/8836/4601 4588/8946/4604 4768/9052/4784
f 4763/9047/4779 4825/9149/4841 4698/8944/4714
f 4824/9148/4840 4826/9150/4842 4825/9149/4841
f 4643/8834/4659 4768/9052/4784 4766/9057/4782
f 4698/8944/4714 4825/9149/4841 4827/9151/4843
f 4825/9149/4841 4828/9152/4844 4827/9151/4843
f 4826/9150/4842 4765/9049/4781 4825/9149/4841
f 4761/9045/4777 4765/9049/4781 4826/9150/4842
f 4698/8944/4714 4827/9151/4843 4829/9153/4845
f 4765/9049/4781 4828/9152/4844 4825/9149/4841
f 4768/9052/4784 4767/9051/4783 4766/9057/4782
f 4589/8848/4605 4771/9060/4787 4650/8846/4666
f 4589/8848/4605 4695/8941/4711 4771/9060/4787
f 4695/8941/4711 4769/9056/4785 4771/9060/4787
f 4583/8714/4599 4769/9056/4785 4695/8941/4711
f 4698/8944/4714 4829/9153/4845 4764/9048/4780
f 4766/9057/4782 4767/9051/4783 4770/9058/4786
f 4700/8948/4716 4830/9154/4846 4767/9051/4783
f 4700/8948/4716 4590/9059/4606 4830/9154/4846
f 4767/9051/4783 4830/9154/4846 4770/9058/4786
f 4771/9060/4787 4655/9062/4671 4654/8950/4670
f 4769/9056/4785 4655/9062/4671 4771/9060/4787
f 4765/9049/4781 4652/8851/4668 4774/9072/4790
f 4590/9059/4606 4831/9155/4847 4830/9154/4846
f 4590/9059/4606 4464/9156/4480 4831/9155/4847
f 4830/9154/4846 4831/9155/4847 4770/9058/4786
f 4831/9155/4847 4775/9157/4791 4770/9058/4786
f 4653/9066/4669 4764/9048/4780 4701/9158/4717
f 4829/9153/4845 4701/9158/4717 4764/9048/4780
f 4652/8851/4668 4593/8867/4609 4774/9072/4790
f 4593/8867/4609 4770/9058/4786 4775/9157/4791
f 4702/9067/4718 4701/8953/4717 4772/9068/4788
f 4464/9156/4480 4465/9159/4481 4831/9155/4847
f 4593/8724/4609 4775/9073/4791 4466/8447/4482
f 4659/9069/4675 4772/9068/4788 4776/4340/4792
f 4706/8960/4722 4776/9075/4792 4773/9074/4789
f 4704/8958/4720 4777/9076/4793 4778/9083/4794
f 4779/9160/4795 4780/9085/4796 4711/8967/4727
f 4779/9160/4795 4710/9161/4726 4780/9085/4796
f 4780/9085/4796 4710/9161/4726 4832/9162/4848
f 4712/8968/4728 4780/9085/4796 4832/9162/4848
f 4712/8968/4728 4832/9162/4848 4714/8971/4730
f 4716/9088/4732 4781/9087/4797 4832/9162/4848
f 4716/9088/4732 4832/9162/4848 4710/9161/4726
f 4832/9162/4848 4833/9163/4849 4714/8971/4730
f 4832/9162/4848 4781/9087/4797 4833/9163/4849
f 4714/8971/4730 4833/9163/4849 4713/8970/4729
f 4833/9163/4849 4783/9091/4799 4713/8970/4729
f 4717/9164/4733 4834/9165/4850 4781/9166/4797
f 4783/9091/4799 4835/9167/4851 4782/9089/4798
f 4717/8976/4733 4718/8977/4734 4834/9168/4850
f 4782/9089/4798 4784/9092/4800 4477/9090/4493
f 4782/9089/4798 4835/9167/4851 4784/9092/4800
f 4522/8587/4538 4428/8340/4444 4836/9169/4852
f 4784/9092/4800 4599/8734/4615 4362/8474/4378
f 4428/8340/4444 4722/8982/4738 4836/9169/4852
f 4599/8734/4615 4719/8979/4735 4479/8476/4495
f 4428/8340/4444 4429/8589/4445 4722/8982/4738
f 4786/9170/4802 4787/9099/4803 4837/9171/4853
f 4605/9097/4621 4787/9099/4803 4786/9170/4802
f 4786/9095/4802 4721/8981/4737 4607/8743/4623
f 4719/8979/4735 4785/9094/4801 4604/8739/4620
f 4600/9172/4616 4838/9173/4854 4787/9174/4803
f 4530/8602/4546 4789/9102/4805 4609/8757/4625
f 4724/8991/4740 4788/9100/4804 4839/9175/4855
f 4610/9101/4626 4726/9103/4742 4788/9100/4804
f 4536/8765/4552 4673/8998/4689 4788/9100/4804
f 4276/8389/4292 4840/9176/4856 4675/8896/4691
f 4613/8897/4629 4841/9177/4857 4438/9178/4454
f 4389/8390/4405 4842/9179/4858 4790/9180/4806
f 4613/8897/4629 4391/8267/4407 4841/9177/4857
f 4389/8390/4405 4614/8768/4630 4842/9179/4858
f 4391/8267/4407 4843/9181/4859 4841/9177/4857
f 4323/8117/4339 4843/9181/4859 4391/8267/4407
f 4675/9182/4691 4615/8769/4631 4278/8116/4294
f 4278/8116/4294 4615/8769/4631 4226/7924/4242
f 4792/9107/4808 4733/9004/4749 4844/9183/4860
f 4845/9184/4861 4795/9185/4811 4729/9111/4745
f 4794/9112/4810 4844/9183/4860 4733/9004/4749
f 4846/9186/4862 4797/9115/4813 4847/9187/4863
f 4847/9187/4863 4848/9188/4864 4795/9113/4811
f 4796/9114/4812 4797/9115/4813 4846/9186/4862
f 4730/9001/4746 4795/9113/4811 4848/9188/4864
f 4847/9187/4863 4797/9115/4813 4848/9188/4864
f 4730/9001/4746 4848/9188/4864 4743/9023/4759
f 4794/9189/4810 4800/9190/4816 4849/9191/4865
f 4797/9115/4813 4803/9122/4819 4848/9188/4864
f 4619/8774/4635 4850/9192/4866 4620/8775/4636
f 4797/9115/4813 4798/9116/4814 4803/9122/4819
f 4799/9117/4815 4851/9193/4867 4800/9118/4816
f 4799/9117/4815 4801/9120/4817 4851/9193/4867
f 4848/9188/4864 4803/9122/4819 4743/9023/4759
f 4798/9116/4814 4747/9031/4763 4803/9122/4819
f 4739/9194/4755 4802/9195/4818 4852/9196/4868
f 4621/8912/4637 4682/8911/4698 4802/9121/4818
f 4853/9197/4869 4854/9198/4870 4804/9199/4820
f 4855/9200/4871 4808/9128/4824 4854/9201/4870
f 4625/9027/4641 4856/9202/4872 4682/8911/4698
f 4855/9200/4871 4857/9203/4873 4808/9128/4824
f 4628/9204/4644 4856/9202/4872 4625/9027/4641
f 4854/9201/4870 4805/9125/4821 4804/9124/4820
f 4854/9201/4870 4808/9128/4824 4805/9125/4821
f 4628/9205/4644 4746/9206/4762 4856/9207/4872
f 4806/9208/4822 4858/9209/4874 4804/9199/4820
f 4857/9203/4873 4810/9130/4826 4808/9128/4824
f 4857/9203/4873 4811/9131/4827 4810/9130/4826
f 4629/9030/4645 4811/9131/4827 4746/9206/4762
f 4808/9128/4824 4810/9130/4826 4809/9129/4825
f 4810/9130/4826 4812/9132/4828 4753/9037/4769
f 4809/9129/4825 4810/9130/4826 4753/9037/4769
f 4571/8689/4587 4859/9210/4875 4575/8697/4591
f 4813/9135/4829 4749/9137/4765 4860/9211/4876
f 4859/9210/4875 4756/9040/4772 4575/8697/4591
f 4861/9212/4877 4862/9213/4878 4863/9214/4879
f 4864/9215/4880 4865/9216/4881 4861/9212/4877
f 4861/9212/4877 4863/9214/4879 4864/9215/4880
f 4749/9137/4765 4815/9217/4831 4860/9211/4876
f 4815/9217/4831 4866/9218/4882 4860/9211/4876
f 4863/9214/4879 4867/9219/4883 4864/9215/4880
f 4815/9139/4831 4816/9140/4832 4868/9220/4884
f 4865/9216/4881 4818/9142/4834 4820/9144/4836
f 4864/9215/4880 4818/9142/4834 4865/9216/4881
f 4814/9138/4830 4755/9039/4771 4816/9140/4832
f 4864/9215/4880 4867/9219/4883 4818/9142/4834
f 4867/9219/4883 4821/9145/4837 4818/9142/4834
f 4816/9140/4832 4817/9141/4833 4868/9220/4884
f 4690/8935/4706 4756/9040/4772 4820/9144/4836
f 4868/9220/4884 4817/9141/4833 4869/9221/4885
f 4818/9142/4834 4821/9145/4837 4819/9143/4835
f 4869/9221/4885 4870/9222/4886 4871/9223/4887
f 4869/9221/4885 4817/9141/4833 4870/9222/4886
f 4872/9224/4888 4873/9225/4889 4871/9226/4887
f 4870/9222/4886 4872/9227/4888 4871/9223/4887
f 4817/9141/4833 4874/9228/4890 4870/9222/4886
f 4817/9141/4833 4757/9041/4773 4874/9228/4890
f 4872/9227/4888 4823/9147/4839 4875/9229/4891
f 4872/9227/4888 4870/9222/4886 4823/9147/4839
f 4870/9222/4886 4874/9228/4890 4823/9147/4839
f 4876/9230/4892 4758/9042/4774 4821/9145/4837
f 4757/9041/4773 4693/8938/4709 4874/9228/4890
f 4758/9042/4774 4876/9230/4892 4759/9043/4775
f 4876/9230/4892 4822/9146/4838 4759/9043/4775
f 4760/9044/4776 4874/9228/4890 4693/8938/4709
f 4694/8940/4710 4759/9043/4775 4822/9146/4838
f 4760/9044/4776 4823/9147/4839 4874/9228/4890
f 4822/9146/4838 4877/9231/4893 4763/9047/4779
f 4761/9232/4777 4824/9233/4840 4823/9234/4839
f 4761/9232/4777 4826/9235/4842 4824/9233/4840
f 4765/9049/4781 4878/9236/4894 4828/9152/4844
f 4827/9151/4843 4878/9236/4894 4879/9237/4895
f 4828/9152/4844 4878/9236/4894 4827/9151/4843
f 4827/9151/4843 4879/9237/4895 4829/9153/4845
f 4879/9237/4895 4772/9238/4788 4829/9153/4845
f 4701/9158/4717 4829/9153/4845 4772/9238/4788
f 4880/9239/4896 4881/9240/4897 4879/9237/4895
f 4878/9236/4894 4765/9049/4781 4773/9074/4789
f 4765/9049/4781 4774/9072/4790 4773/9074/4789
f 4831/9155/4847 4703/9241/4719 4775/9157/4791
f 4831/9155/4847 4465/9159/4481 4703/9241/4719
f 4776/4340/4792 4772/9068/4788 4881/9242/4897
f 4778/9083/4794 4779/9160/4795 4711/8967/4727
f 4777/9076/4793 4779/9160/4795 4778/9083/4794
f 4781/9087/4797 4882/9243/4898 4833/9163/4849
f 4834/9168/4850 4882/9243/4898 4781/9087/4797
f 4718/8977/4734 4883/9244/4899 4834/9168/4850
f 4835/9167/4851 4884/9245/4900 4784/9092/4800
f 4718/8977/4734 4522/8587/4538 4883/9244/4899
f 4522/8587/4538 4836/9169/4852 4883/9244/4899
f 4784/9092/4800 4885/9246/4901 4599/8734/4615
f 4599/8734/4615 4885/9246/4901 4719/8979/4735
f 4885/9246/4901 4886/9247/4902 4719/8979/4735
f 4886/9247/4902 4785/9094/4801 4719/8979/4735
f 4886/9247/4902 4887/9248/4903 4785/9094/4801
f 4887/9248/4903 4720/8980/4736 4785/9094/4801
f 4887/9248/4903 4888/9249/4904 4720/8980/4736
f 4786/9250/4802 4889/9251/4905 4721/9252/4737
f 4722/8982/4738 4721/8981/4737 4890/9253/4906
f 4720/9254/4736 4838/9173/4854 4600/9172/4616
f 4530/8602/4546 4723/8983/4739 4789/9102/4805
f 4789/9102/4805 4723/8983/4739 4891/9255/4907
f 4724/8991/4740 4839/9175/4855 4723/8983/4739
f 4788/9100/4804 4673/8998/4689 4839/9175/4855
f 4789/9102/4805 4892/9256/4908 4727/8996/4743
f 4727/8996/4743 4892/9256/4908 4728/8997/4744
f 4891/9255/4907 4673/8998/4689 4892/9256/4908
f 4673/8998/4689 4728/8997/4744 4892/9256/4908
f 4321/8114/4337 4893/9257/4909 4674/8895/4690
f 4439/8392/4455 4894/9258/4910 4677/8899/4693
f 4492/8509/4508 4895/9259/4911 4676/8901/4692
f 4540/8624/4556 4896/9260/4912 4439/8392/4455
f 4439/8392/4455 4896/9260/4912 4894/9258/4910
f 4792/9261/4808 4844/9262/4860 4897/4059/4913
f 4795/9113/4811 4845/9263/4861 4898/9264/4914
f 4795/9113/4811 4898/9264/4914 4847/9187/4863
f 4847/9187/4863 4898/9264/4914 4846/9186/4862
f 4844/9265/4860 4794/9189/4810 4849/9191/4865
f 4544/8903/4560 4899/9266/4915 4678/8902/4694
f 4678/9006/4694 4850/9192/4866 4619/8774/4635
f 4852/9196/4868 4802/9195/4818 4855/9200/4871
f 4682/9267/4698 4855/9200/4871 4802/9195/4818
f 4682/9267/4698 4856/9207/4872 4855/9200/4871
f 4854/9198/4870 4853/9197/4869 4855/9268/4871
f 4855/9200/4871 4856/9207/4872 4857/9203/4873
f 4804/9199/4820 4858/9209/4874 4853/9197/4869
f 4856/9207/4872 4746/9206/4762 4857/9203/4873
f 4746/9206/4762 4811/9131/4827 4857/9203/4873
f 4806/9208/4822 4813/9135/4829 4900/9269/4916
f 4632/8804/4648 4859/9210/4875 4571/8689/4587
f 4901/9270/4917 4861/9212/4877 4902/9271/4918
f 4901/9270/4917 4903/9272/4919 4904/9273/4920
f 4902/9271/4918 4861/9212/4877 4865/9216/4881
f 4901/9270/4917 4862/9213/4878 4861/9212/4877
f 4901/9270/4917 4904/9273/4920 4862/9213/4878
f 4813/9135/4829 4860/9211/4876 4900/9269/4916
f 4905/9274/4921 4865/9216/4881 4859/9210/4875
f 4862/9213/4878 4904/9273/4920 4863/9214/4879
f 4865/9216/4881 4820/9144/4836 4859/9210/4875
f 4859/9210/4875 4820/9144/4836 4756/9040/4772
f 4863/9214/4879 4904/9273/4920 4867/9219/4883
f 4815/9217/4831 4868/9275/4884 4866/9218/4882
f 4867/9219/4883 4904/9273/4920 4906/9276/4922
f 4868/9275/4884 4869/9277/4885 4907/9278/4923
f 4869/9277/4885 4871/9226/4887 4907/9278/4923
f 4867/9219/4883 4908/9279/4924 4821/9145/4837
f 4867/9219/4883 4906/9276/4922 4908/9279/4924
f 4908/9279/4924 4876/9230/4892 4821/9145/4837
f 4871/9226/4887 4873/9225/4889 4909/9280/4925
f 4872/9224/4888 4875/9281/4891 4873/9225/4889
f 4908/9279/4924 4910/9282/4926 4876/9230/4892
f 4876/9230/4892 4910/9282/4926 4822/9146/4838
f 4875/9283/4891 4824/9284/4840 4877/9285/4893
f 4823/9147/4839 4824/9148/4840 4875/9229/4891
f 4763/9047/4779 4877/9231/4893 4824/9148/4840
f 4879/9237/4895 4878/9236/4894 4880/9239/4896
f 4880/9239/4896 4878/9236/4894 4881/9240/4897
f 4879/9237/4895 4881/9240/4897 4772/9238/4788
f 4878/9236/4894 4773/9074/4789 4881/9240/4897
f 4776/9075/4792 4881/9240/4897 4773/9074/4789
f 4833/9163/4849 4911/9286/4927 4783/9091/4799
f 4882/9243/4898 4911/9286/4927 4833/9163/4849
f 4783/9091/4799 4912/9287/4928 4835/9167/4851
f 4783/9091/4799 4911/9286/4927 4912/9287/4928
f 4835/9167/4851 4912/9287/4928 4884/9245/4900
f 4834/9168/4850 4913/9288/4929 4882/9243/4898
f 4834/9168/4850 4883/9244/4899 4913/9288/4929
f 4885/9246/4901 4784/9092/4800 4884/9245/4900
f 4883/9244/4899 4914/9289/4930 4913/9288/4929
f 4884/9245/4900 4886/9247/4902 4885/9246/4901
f 4884/9245/4900 4912/9287/4928 4886/9247/4902
f 4913/9290/4929 4915/9291/4931 4916/9292/4932
f 4913/9288/4929 4914/9289/4930 4915/9293/4931
f 4883/9244/4899 4890/9253/4906 4914/9289/4930
f 4883/9244/4899 4836/9169/4852 4890/9253/4906
f 4722/8982/4738 4890/9253/4906 4836/9169/4852
f 4720/8980/4736 4888/9249/4904 4838/9294/4854
f 4786/9250/4802 4837/9295/4853 4889/9251/4905
f 4723/8983/4739 4839/9175/4855 4891/9255/4907
f 4789/9102/4805 4891/9255/4907 4892/9256/4908
f 4673/8998/4689 4891/9255/4907 4839/9175/4855
f 4438/8388/4454 4917/9296/4933 4276/8032/4292
f 4792/9297/4808 4897/9298/4913 4791/9299/4807
f 4791/9300/4807 4918/9301/4934 4793/9302/4809
f 4729/9111/4745 4793/9109/4809 4845/9184/4861
f 4544/8903/4560 4796/9303/4812 4899/9266/4915
f 4678/9006/4694 4899/9304/4915 4850/9192/4866
f 4800/9190/4816 4851/9305/4867 4919/9306/4935
f 4739/9119/4755 4852/9307/4868 4801/9120/4817
f 4920/9308/4936 4852/9309/4868 4855/9268/4871
f 4921/9310/4937 4922/9311/4938 4923/9312/4939
f 4855/9268/4871 4853/9197/4869 4920/9308/4936
f 4922/9311/4938 4902/9271/4918 4905/9274/4921
f 4924/9313/4940 4902/9271/4918 4922/9311/4938
f 4925/9314/4941 4903/9272/4919 4901/9270/4917
f 4924/9313/4940 4901/9270/4917 4902/9271/4918
f 4925/9314/4941 4901/9270/4917 4924/9313/4940
f 4806/9208/4822 4900/9269/4916 4858/9209/4874
f 4859/9210/4875 4632/8804/4648 4905/9274/4921
f 4902/9271/4918 4865/9216/4881 4905/9274/4921
f 4903/9272/4919 4860/9315/4876 4926/9316/4942
f 4903/9272/4919 4926/9316/4942 4904/9273/4920
f 4860/9315/4876 4866/9317/4882 4926/9316/4942
f 4926/9316/4942 4927/9318/4943 4904/9273/4920
f 4926/9316/4942 4866/9317/4882 4927/9318/4943
f 4866/9218/4882 4868/9275/4884 4907/9278/4923
f 4866/9317/4882 4907/9319/4923 4927/9318/4943
f 4904/9273/4920 4927/9318/4943 4906/9276/4922
f 4906/9276/4922 4927/9318/4943 4909/9320/4925
f 4907/9319/4923 4909/9320/4925 4927/9318/4943
f 4907/9278/4923 4871/9226/4887 4909/9280/4925
f 4909/9320/4925 4910/9282/4926 4906/9276/4922
f 4906/9276/4922 4910/9282/4926 4908/9279/4924
f 4873/9321/4889 4910/9282/4926 4909/9320/4925
f 4873/9321/4889 4877/9231/4893 4910/9282/4926
f 4875/9229/4891 4877/9231/4893 4873/9321/4889
f 4910/9282/4926 4877/9231/4893 4822/9146/4838
f 4911/9286/4927 4928/9322/4944 4912/9287/4928
f 4913/9290/4929 4916/9292/4932 4882/9323/4898
f 4912/9287/4928 4928/9322/4944 4886/9247/4902
f 4915/9291/4931 4929/9324/4945 4916/9292/4932
f 4886/9325/4902 4930/9326/4946 4887/9327/4903
f 4887/9327/4903 4930/9326/4946 4888/9328/4904
f 4890/9253/4906 4931/9329/4947 4914/9289/4930
f 4932/9330/4948 4838/9294/4854 4888/9249/4904
f 4890/9331/4906 4721/9332/4737 4931/9333/4947
f 4787/9174/4803 4838/9173/4854 4837/9334/4853
f 4889/9251/4905 4931/9335/4947 4721/9252/4737
f 4438/9178/4454 4841/9177/4857 4917/9336/4933
f 4538/8621/4554 4933/9337/4949 3992/7425/4008
f 4615/8769/4631 4675/9182/4691 4934/9338/4950
f 3992/7925/4008 4933/9339/4949 4539/8622/4555
f 4323/8117/4339 4394/8270/4410 4843/9181/4859
f 4539/8622/4555 4933/9339/4949 4896/9260/4912
f 4615/8769/4631 4935/9340/4951 4279/8036/4295
f 4791/9300/4807 4897/9341/4913 4918/9301/4934
f 4793/9302/4809 4918/9301/4934 4936/9342/4952
f 4918/9301/4934 4897/9341/4913 4937/9343/4953
f 4844/9344/4860 4938/9345/4954 4897/9341/4913
f 4918/9301/4934 4939/9346/4955 4936/9342/4952
f 4918/9301/4934 4937/9343/4953 4939/9346/4955
f 4936/9342/4952 4939/9346/4955 4940/9347/4956
f 4846/9348/4862 4898/9349/4914 4941/9350/4957
f 4941/9350/4957 4899/9266/4915 4846/9348/4862
f 4940/9347/4956 4942/9351/4958 4936/9342/4952
f 4846/9348/4862 4899/9266/4915 4796/9303/4812
f 4939/9346/4955 4937/9343/4953 4943/9352/4959
f 4844/9344/4860 4849/9353/4865 4938/9345/4954
f 4940/9347/4956 4939/9346/4955 4944/9354/4960
f 4943/9352/4959 4944/9354/4960 4939/9346/4955
f 4800/9190/4816 4919/9306/4935 4849/9191/4865
f 4937/9343/4953 4945/9355/4961 4943/9352/4959
f 4946/9356/4962 4620/8775/4636 4850/9192/4866
f 4943/9352/4959 4945/9355/4961 4947/9357/4963
f 4943/9352/4959 4921/9310/4937 4944/9354/4960
f 4851/9358/4867 4945/9355/4961 4919/9359/4935
f 4851/9358/4867 4948/9360/4964 4945/9355/4961
f 4620/8775/4636 4949/9361/4965 4738/9016/4754
f 4944/9354/4960 4921/9310/4937 4923/9312/4939
f 4943/9352/4959 4950/9362/4966 4921/9310/4937
f 4944/9354/4960 4923/9312/4939 4951/9363/4967
f 4851/9364/4867 4801/9365/4817 4948/9366/4964
f 4947/9357/4963 4950/9362/4966 4943/9352/4959
f 4950/9362/4966 4925/9314/4941 4921/9310/4937
f 4950/9362/4966 4947/9357/4963 4925/9314/4941
f 4801/9365/4817 4852/9309/4868 4948/9366/4964
f 4949/9361/4965 4952/9367/4968 4738/9016/4754
f 4923/9312/4939 4953/9368/4969 4951/9363/4967
f 4924/9313/4940 4921/9310/4937 4925/9314/4941
f 4852/9309/4868 4920/9308/4936 4948/9366/4964
f 4923/9312/4939 4922/9311/4938 4953/9368/4969
f 4921/9310/4937 4924/9313/4940 4922/9311/4938
f 4947/9357/4963 4954/9369/4970 4925/9314/4941
f 4947/9357/4963 4920/9370/4936 4954/9369/4970
f 4738/9016/4754 4952/9367/4968 4632/8804/4648
f 4853/9371/4869 4954/9369/4970 4920/9370/4936
f 4954/9369/4970 4858/9372/4874 4903/9272/4919
f 4954/9369/4970 4853/9371/4869 4858/9372/4874
f 4952/9367/4968 4905/9274/4921 4632/8804/4648
f 4953/9368/4969 4922/9311/4938 4905/9274/4921
f 4954/9369/4970 4903/9272/4919 4925/9314/4941
f 4952/9367/4968 4953/9368/4969 4905/9274/4921
f 4858/9372/4874 4900/9373/4916 4903/9272/4919
f 4900/9373/4916 4860/9315/4876 4903/9272/4919
f 4882/9243/4898 4928/9322/4944 4911/9286/4927
f 4882/9243/4898 4916/9374/4932 4928/9322/4944
f 4928/9322/4944 4932/9330/4948 4930/9375/4946
f 4886/9247/4902 4928/9322/4944 4930/9375/4946
f 4915/9291/4931 4914/9376/4930 4929/9324/4945
f 4914/9289/4930 4931/9329/4947 4929/9377/4945
f 4888/9249/4904 4930/9375/4946 4932/9330/4948
f 4889/9378/4905 4837/9379/4853 4929/9377/4945
f 4929/9377/4945 4931/9329/4947 4889/9378/4905
f 4838/9294/4854 4932/9330/4948 4837/9379/4853
f 4841/9177/4857 4843/9181/4859 4955/9380/4971
f 4935/9340/4951 4492/8509/4508 4279/8036/4295
f 4539/8622/4555 4896/9260/4912 4540/8624/4556
f 4897/9341/4913 4938/9345/4954 4937/9343/4953
f 4845/9381/4861 4793/9302/4809 4936/9342/4952
f 4845/9381/4861 4936/9342/4952 4956/9382/4972
f 4898/9383/4914 4845/9381/4861 4956/9382/4972
f 4898/9383/4914 4956/9382/4972 4941/9384/4957
f 4957/9385/4973 4942/9351/4958 4951/9363/4967
f 4899/9304/4915 4946/9356/4962 4850/9192/4866
f 4938/9345/4954 4945/9355/4961 4937/9343/4953
f 4938/9345/4954 4919/9359/4935 4945/9355/4961
f 4849/9353/4865 4919/9359/4935 4938/9345/4954
f 4940/9347/4956 4944/9354/4960 4942/9351/4958
f 4944/9354/4960 4951/9363/4967 4942/9351/4958
f 4946/9356/4962 4949/9361/4965 4620/8775/4636
f 4949/9361/4965 4946/9356/4962 4958/9386/4974
f 4957/9385/4973 4958/9386/4974 4946/9356/4962
f 4957/9385/4973 4951/9363/4967 4958/9386/4974
f 4945/9355/4961 4948/9360/4964 4947/9357/4963
f 4958/9386/4974 4952/9367/4968 4949/9361/4965
f 4948/9360/4964 4920/9370/4936 4947/9357/4963
f 4958/9386/4974 4951/9363/4967 4952/9367/4968
f 4952/9367/4968 4951/9363/4967 4953/9368/4969
f 4916/9374/4932 4932/9330/4948 4928/9322/4944
f 4916/9374/4932 4929/9377/4945 4932/9330/4948
f 4837/9379/4853 4932/9330/4948 4929/9377/4945
f 4840/9176/4856 4959/9387/4975 4675/8896/4691
f 4615/8769/4631 4934/9338/4950 4935/9340/4951
f 4894/9388/4910 4960/9389/4976 4677/9105/4693
f 4941/9384/4957 4956/9382/4972 4957/9385/4973
f 4942/9351/4958 4956/9382/4972 4936/9342/4952
f 4942/9351/4958 4957/9385/4973 4956/9382/4972
f 4941/9384/4957 4957/9385/4973 4946/9356/4962
f 4941/9384/4957 4946/9356/4962 4899/9304/4915
f 4917/9296/4933 4840/9390/4856 4276/8032/4292
f 4790/9104/4806 4961/9391/4977 4321/8114/4337
f 4790/9180/4806 4842/9179/4858 4961/9392/4977
f 4917/9336/4933 4841/9177/4857 4955/9380/4971
f 4538/8621/4554 4962/9393/4978 4933/9337/4949
f 4614/8768/4630 4960/9389/4976 4842/9179/4858
f 4394/8270/4410 4963/9394/4979 4843/9181/4859
f 4614/8768/4630 4677/9105/4693 4960/9389/4976
f 4935/9340/4951 4895/9259/4911 4492/8509/4508
f 4394/8270/4410 4676/8898/4692 4963/9394/4979
f 4538/8621/4554 4674/8999/4690 4962/9393/4978
f 4321/8114/4337 4961/9391/4977 4893/9257/4909
f 4896/9260/4912 4933/9339/4949 4964/9395/4980
f 4676/8901/4692 4895/9259/4911 4963/9396/4979
f 4962/9397/4978 4964/9398/4980 4933/9399/4949
f 4959/9387/4975 4934/9400/4950 4675/8896/4691
f 4955/9380/4971 4843/9181/4859 4965/9401/4981
f 4843/9181/4859 4963/9394/4979 4965/9401/4981
f 4840/9390/4856 4917/9296/4933 4966/9402/4982
f 4842/9179/4858 4967/9403/4983 4961/9392/4977
f 4842/9179/4858 4960/9389/4976 4967/9403/4983
f 4917/9336/4933 4955/9380/4971 4966/9404/4982
f 4964/9395/4980 4894/9258/4910 4896/9260/4912
f 4895/9405/4911 4968/9406/4984 4963/9394/4979
f 4674/8895/4690 4969/9407/4985 4962/9408/4978
f 4893/9257/4909 4969/9407/4985 4674/8895/4690
f 4967/9403/4983 4893/9409/4909 4961/9392/4977
f 4966/9402/4982 4970/9410/4986 4840/9390/4856
f 4969/9411/4985 4971/9412/4987 4962/9397/4978
f 4955/9380/4971 4965/9401/4981 4966/9404/4982
f 4962/9397/4978 4971/9412/4987 4964/9398/4980
f 4967/9413/4983 4960/9414/4976 4972/9415/4988
f 4964/9398/4980 4971/9412/4987 4972/9415/4988
f 4965/9401/4981 4963/9394/4979 4968/9406/4984
f 4964/9395/4980 4972/9416/4988 4894/9258/4910
f 4894/9388/4910 4972/9417/4988 4960/9389/4976
f 4840/9176/4856 4970/9418/4986 4959/9387/4975
f 4970/9419/4986 4973/9420/4989 4959/9421/4975
f 4959/9421/4975 4973/9420/4989 4934/9422/4950
f 4934/9422/4950 4973/9420/4989 4935/9423/4951
f 4895/9424/4911 4974/9425/4990 4968/9426/4984
f 4969/9411/4985 4893/9427/4909 4971/9412/4987
f 4893/9427/4909 4967/9413/4983 4971/9412/4987
f 4965/9428/4981 4968/9426/4984 4974/9425/4990
f 4967/9413/4983 4972/9415/4988 4971/9412/4987
f 4973/9420/4989 4974/9425/4990 4935/9423/4951
f 4935/9340/4951 4974/9429/4990 4895/9259/4911
f 4965/9428/4981 4970/9419/4986 4966/9430/4982
f 4973/9420/4989 4970/9419/4986 4974/9425/4990
f 4965/9428/4981 4974/9425/4990 4970/9419/4986
